Frame,Landmark,X,Y,Z
33,NOSE,0.22519907355308533,0.409464955329895,-0.42541933059692383
33,LEFT_EYE_INNER,0.21277496218681335,0.3988284766674042,-0.40562134981155396
33,LEFT_EYE,0.2129853516817093,0.39070478081703186,-0.40563327074050903
33,LEFT_EYE_OUTER,0.21337004005908966,0.3836086392402649,-0.40564480423927307
33,RIGHT_EYE_INNER,0.21313348412513733,0.4253726899623871,-0.41317200660705566
33,RIGHT_EYE,0.21383900940418243,0.4362409710884094,-0.4131872057914734
33,RIGHT_EYE_OUTER,0.21468321979045868,0.44585999846458435,-0.4132365584373474
33,LEFT_EAR,0.2194727212190628,0.37546056509017944,-0.2631526589393616
33,RIGHT_EAR,0.22283804416656494,0.4637160897254944,-0.3007456362247467
33,MOUTH_LEFT,0.24028918147087097,0.39647263288497925,-0.3697095811367035
33,MOUTH_RIGHT,0.24006648361682892,0.4297272861003876,-0.3804313838481903
33,LEFT_SHOULDER,0.30994319915771484,0.3075249493122101,-0.1483132690191269
33,RIGHT_SHOULDER,0.310419499874115,0.5284801125526428,-0.21575923264026642
33,LEFT_ELBOW,0.4122185707092285,0.287960022687912,-0.051232416182756424
33,RIGHT_ELBOW,0.41334524750709534,0.5520272254943848,-0.17557518184185028
33,LEFT_WRIST,0.4943246841430664,0.2798052132129669,-0.1541648954153061
33,RIGHT_WRIST,0.4949270188808441,0.5472970604896545,-0.2669875919818878
33,LEFT_PINKY,0.5261765122413635,0.2650831639766693,-0.18725202977657318
33,RIGHT_PINKY,0.5258063673973083,0.5532490611076355,-0.3035326600074768
33,LEFT_INDEX,0.5263773202896118,0.2818622589111328,-0.2311667501926422
33,RIGHT_INDEX,0.5240146517753601,0.531838595867157,-0.34206676483154297
33,LEFT_THUMB,0.5191366672515869,0.29102158546447754,-0.17277498543262482
33,RIGHT_THUMB,0.5157713890075684,0.5252605080604553,-0.2833918333053589
33,LEFT_HIP,0.4941830039024353,0.3541642725467682,0.025067999958992004
33,RIGHT_HIP,0.4944978356361389,0.47604042291641235,-0.025240784510970116
33,LEFT_KNEE,0.6337259411811829,0.35827264189720154,0.02529197372496128
33,RIGHT_KNEE,0.6352226734161377,0.4748287498950958,0.004592297598719597
33,LEFT_ANKLE,0.7407681345939636,0.38237813115119934,0.33898240327835083
33,RIGHT_ANKLE,0.735873281955719,0.4695855975151062,0.2990778088569641
33,LEFT_HEEL,0.7548655271530151,0.3989502787590027,0.3612535893917084
33,RIGHT_HEEL,0.7492806315422058,0.45691633224487305,0.32070910930633545
33,LEFT_FOOT_INDEX,0.7913538217544556,0.3326420187950134,0.21979551017284393
33,RIGHT_FOOT_INDEX,0.7896490097045898,0.4778861701488495,0.16775310039520264
66,NOSE,0.22676244378089905,0.4096190631389618,-0.3248409926891327
66,LEFT_EYE_INNER,0.2140410840511322,0.3989296853542328,-0.30569925904273987
66,LEFT_EYE,0.21414346992969513,0.3907695710659027,-0.3056982755661011
66,LEFT_EYE_OUTER,0.2143779993057251,0.38362550735473633,-0.3056707978248596
66,RIGHT_EYE_INNER,0.2142125368118286,0.42554402351379395,-0.31160658597946167
66,RIGHT_EYE,0.2147534340620041,0.4364241659641266,-0.31158122420310974
66,RIGHT_EYE_OUTER,0.21542945504188538,0.44604310393333435,-0.3115808367729187
66,LEFT_EAR,0.21980087459087372,0.3756861686706543,-0.1744127720594406
66,RIGHT_EAR,0.22299692034721375,0.46362563967704773,-0.20608940720558167
66,MOUTH_LEFT,0.24187855422496796,0.39690127968788147,-0.27446070313453674
66,MOUTH_RIGHT,0.24208417534828186,0.429609090089798,-0.28324463963508606
66,LEFT_SHOULDER,0.30943238735198975,0.3092767000198364,-0.07786931097507477
66,RIGHT_SHOULDER,0.3099299669265747,0.5273479223251343,-0.15860766172409058
66,LEFT_ELBOW,0.4096498489379883,0.29150328040122986,0.010180821642279625
66,RIGHT_ELBOW,0.41046246886253357,0.5516468286514282,-0.1607268899679184
66,LEFT_WRIST,0.4944053590297699,0.280259907245636,-0.06822296977043152
66,RIGHT_WRIST,0.49466291069984436,0.5471765398979187,-0.26607728004455566
66,LEFT_PINKY,0.5260762572288513,0.26520565152168274,-0.09467765688896179
66,RIGHT_PINKY,0.5248239636421204,0.5533406734466553,-0.30353599786758423
66,LEFT_INDEX,0.526368260383606,0.28185710310935974,-0.13838376104831696
66,RIGHT_INDEX,0.5229907035827637,0.5318491458892822,-0.3369300067424774
66,LEFT_THUMB,0.5188148617744446,0.29098638892173767,-0.0862559974193573
66,RIGHT_THUMB,0.5147576332092285,0.524827241897583,-0.2810150682926178
66,LEFT_HIP,0.49653974175453186,0.3541998267173767,0.03215842694044113
66,RIGHT_HIP,0.4965888559818268,0.4759945869445801,-0.03233669698238373
66,LEFT_KNEE,0.6337648630142212,0.358029842376709,0.06884986162185669
66,RIGHT_KNEE,0.6352041363716125,0.47490012645721436,0.015099185518920422
66,LEFT_ANKLE,0.7404863238334656,0.38237905502319336,0.3379634916782379
66,RIGHT_ANKLE,0.7358213067054749,0.4708576202392578,0.2779718041419983
66,LEFT_HEEL,0.7546969652175903,0.3997746407985687,0.3583129942417145
66,RIGHT_HEEL,0.7492488622665405,0.461267352104187,0.2966633141040802
66,LEFT_FOOT_INDEX,0.7912614941596985,0.3323560655117035,0.23257741332054138
66,RIGHT_FOOT_INDEX,0.7896642088890076,0.4773842394351959,0.15990306437015533
100,NOSE,0.2271537333726883,0.40972018241882324,-0.2911890149116516
100,LEFT_EYE_INNER,0.21441371738910675,0.39902928471565247,-0.2729463577270508
100,LEFT_EYE,0.21449418365955353,0.3908360004425049,-0.27294138073921204
100,LEFT_EYE_OUTER,0.2146868258714676,0.3836490213871002,-0.2729230225086212
100,RIGHT_EYE_INNER,0.21447929739952087,0.4257296621799469,-0.2791002690792084
100,RIGHT_EYE,0.2149808704853058,0.4366450011730194,-0.27907794713974
100,RIGHT_EYE_OUTER,0.21563231945037842,0.44629260897636414,-0.27907660603523254
100,LEFT_EAR,0.21988308429718018,0.3759095370769501,-0.14959053695201874
100,RIGHT_EAR,0.22302205860614777,0.463603675365448,-0.18223953247070312
100,MOUTH_LEFT,0.24229755997657776,0.3971284329891205,-0.24380998313426971
100,MOUTH_RIGHT,0.24269625544548035,0.42951902747154236,-0.2528745234012604
100,LEFT_SHOULDER,0.3091088533401489,0.310360848903656,-0.0626235231757164
100,RIGHT_SHOULDER,0.30972909927368164,0.5267285108566284,-0.14437007904052734
100,LEFT_ELBOW,0.4085141122341156,0.2932196259498596,0.02358665131032467
100,RIGHT_ELBOW,0.40885743498802185,0.551569402217865,-0.15480907261371613
100,LEFT_WRIST,0.49440303444862366,0.28077417612075806,-0.04168551415205002
100,RIGHT_WRIST,0.494143545627594,0.5471208095550537,-0.25848251581192017
100,LEFT_PINKY,0.5255969762802124,0.26532217860221863,-0.0654839351773262
100,RIGHT_PINKY,0.5238784551620483,0.5534680485725403,-0.29675552248954773
100,LEFT_INDEX,0.5262404084205627,0.28185802698135376,-0.10700877755880356
100,RIGHT_INDEX,0.5219993591308594,0.5318447947502136,-0.3223651051521301
100,LEFT_THUMB,0.5183591246604919,0.29095566272735596,-0.05865153670310974
100,RIGHT_THUMB,0.5138519406318665,0.5243093967437744,-0.27104973793029785
100,LEFT_HIP,0.49698519706726074,0.354056179523468,0.03302277997136116
100,RIGHT_HIP,0.49726802110671997,0.47582417726516724,-0.033220015466213226
100,LEFT_KNEE,0.6342613101005554,0.35750335454940796,0.05878292769193649
100,RIGHT_KNEE,0.6355682611465454,0.4748314321041107,0.014340801164507866
100,LEFT_ANKLE,0.7401751279830933,0.3823830783367157,0.33374959230422974
100,RIGHT_ANKLE,0.7353171110153198,0.47085249423980713,0.2712083160877228
100,LEFT_HEEL,0.753951907157898,0.39998799562454224,0.35450392961502075
100,RIGHT_HEEL,0.7484281659126282,0.46194958686828613,0.2903194725513458
100,LEFT_FOOT_INDEX,0.7912722826004028,0.3320370018482208,0.23779556155204773
100,RIGHT_FOOT_INDEX,0.7896636128425598,0.47625428438186646,0.15845169126987457
133,NOSE,0.22727349400520325,0.40971633791923523,-0.27472302317619324
133,LEFT_EYE_INNER,0.21453237533569336,0.39903882145881653,-0.2560999393463135
133,LEFT_EYE,0.2146119326353073,0.3908410668373108,-0.25610119104385376
133,LEFT_EYE_OUTER,0.21479585766792297,0.383650004863739,-0.2560926377773285
133,RIGHT_EYE_INNER,0.21452859044075012,0.42575716972351074,-0.2625732123851776
133,RIGHT_EYE,0.21501493453979492,0.43669548630714417,-0.2625543475151062
133,RIGHT_EYE_OUTER,0.21566863358020782,0.4463864266872406,-0.2625572085380554
133,LEFT_EAR,0.21991005539894104,0.3761216998100281,-0.13448230922222137
133,RIGHT_EAR,0.22301597893238068,0.46359771490097046,-0.16819427907466888
133,MOUTH_LEFT,0.24242357909679413,0.3971843719482422,-0.22816598415374756
133,MOUTH_RIGHT,0.24292564392089844,0.42937833070755005,-0.2375412881374359
133,LEFT_SHOULDER,0.3087761402130127,0.3112621009349823,-0.05168289691209793
133,RIGHT_SHOULDER,0.30960920453071594,0.5266103744506836,-0.1331975758075714
133,LEFT_ELBOW,0.4077514111995697,0.29437676072120667,0.031809400767087936
133,RIGHT_ELBOW,0.40767034888267517,0.5516545176506042,-0.14623036980628967
133,LEFT_WRIST,0.4943786561489105,0.2815176248550415,-0.03464725613594055
133,RIGHT_WRIST,0.49332180619239807,0.5471457839012146,-0.2488892376422882
133,LEFT_PINKY,0.5250654220581055,0.2658167779445648,-0.05852486938238144
133,RIGHT_PINKY,0.523138165473938,0.5538326501846313,-0.2878643870353699
133,LEFT_INDEX,0.5259264707565308,0.2819076180458069,-0.10006485879421234
133,RIGHT_INDEX,0.5211546421051025,0.5318872332572937,-0.31169259548187256
133,LEFT_THUMB,0.5177955031394958,0.2909543812274933,-0.05178200453519821
133,RIGHT_THUMB,0.513003945350647,0.5241758823394775,-0.260930597782135
133,LEFT_HIP,0.49714845418930054,0.35380616784095764,0.03252783417701721
133,RIGHT_HIP,0.49762287735939026,0.47575706243515015,-0.03272370249032974
133,LEFT_KNEE,0.6343060731887817,0.3575039803981781,0.052673399448394775
133,RIGHT_KNEE,0.6366807222366333,0.4747622311115265,0.01381802000105381
133,LEFT_ANKLE,0.739747166633606,0.38242408633232117,0.3263389468193054
133,RIGHT_ANKLE,0.7347856760025024,0.47075513005256653,0.268205463886261
133,LEFT_HEEL,0.7532404661178589,0.4001304507255554,0.347828209400177
133,RIGHT_HEEL,0.7470746040344238,0.4619382619857788,0.2874611020088196
133,LEFT_FOOT_INDEX,0.7912717461585999,0.3320621848106384,0.23511409759521484
133,RIGHT_FOOT_INDEX,0.7896603941917419,0.4758760631084442,0.1556435376405716
166,NOSE,0.2272573709487915,0.40971818566322327,-0.2642286419868469
166,LEFT_EYE_INNER,0.21452519297599792,0.3990897834300995,-0.24603481590747833
166,LEFT_EYE,0.2146066427230835,0.3908866047859192,-0.24603378772735596
166,LEFT_EYE_OUTER,0.21479038894176483,0.3836711049079895,-0.24602873623371124
166,RIGHT_EYE_INNER,0.21449768543243408,0.4258151948451996,-0.2527410089969635
166,RIGHT_EYE,0.21498672664165497,0.4367673993110657,-0.25272318720817566
166,RIGHT_EYE_OUTER,0.21565628051757812,0.4464966356754303,-0.2527240216732025
166,LEFT_EAR,0.21990302205085754,0.376462459564209,-0.12919412553310394
166,RIGHT_EAR,0.22299905121326447,0.46360456943511963,-0.16367778182029724
166,MOUTH_LEFT,0.242405503988266,0.39724376797676086,-0.21962134540081024
166,MOUTH_RIGHT,0.2429310381412506,0.4293082654476166,-0.2291911095380783
166,LEFT_SHOULDER,0.3086070716381073,0.3119913935661316,-0.05216249078512192
166,RIGHT_SHOULDER,0.30958035588264465,0.5266132950782776,-0.13331501185894012
166,LEFT_ELBOW,0.40777787566185,0.29571259021759033,0.02891995944082737
166,RIGHT_ELBOW,0.40721195936203003,0.5517480373382568,-0.14392228424549103
166,LEFT_WRIST,0.494290828704834,0.28292614221572876,-0.03124719299376011
166,RIGHT_WRIST,0.49292129278182983,0.5471758246421814,-0.2350039929151535
166,LEFT_PINKY,0.5244958996772766,0.2673267424106598,-0.053987305611371994
166,RIGHT_PINKY,0.5227996110916138,0.5539751052856445,-0.2720783054828644
166,LEFT_INDEX,0.5255054235458374,0.2822225093841553,-0.09353984892368317
166,RIGHT_INDEX,0.5207682847976685,0.5318931341171265,-0.2949238121509552
166,LEFT_THUMB,0.5172601938247681,0.2910884618759155,-0.047645505517721176
166,RIGHT_THUMB,0.5126415491104126,0.5240667462348938,-0.24652084708213806
166,LEFT_HIP,0.497711718082428,0.3538277745246887,0.03222981095314026
166,RIGHT_HIP,0.4982338547706604,0.47584453225135803,-0.03241797536611557
166,LEFT_KNEE,0.6346722841262817,0.35753196477890015,0.05148341506719589
166,RIGHT_KNEE,0.6379094123840332,0.47471556067466736,0.013100425712764263
166,LEFT_ANKLE,0.7391120195388794,0.3826184868812561,0.31971481442451477
166,RIGHT_ANKLE,0.7343266606330872,0.4706664979457855,0.2676437497138977
166,LEFT_HEEL,0.752260684967041,0.4005877673625946,0.3415699601173401
166,RIGHT_HEEL,0.7456257343292236,0.461914598941803,0.28706055879592896
166,LEFT_FOOT_INDEX,0.79127037525177,0.33238130807876587,0.23362064361572266
166,RIGHT_FOOT_INDEX,0.7896883487701416,0.47556042671203613,0.15658199787139893
200,NOSE,0.2272777259349823,0.4096968472003937,-0.29806360602378845
200,LEFT_EYE_INNER,0.214525505900383,0.39912956953048706,-0.2796964645385742
200,LEFT_EYE,0.21461379528045654,0.39094072580337524,-0.2796885669231415
200,LEFT_EYE_OUTER,0.21480242908000946,0.38370567560195923,-0.27967315912246704
200,RIGHT_EYE_INNER,0.2144922912120819,0.42582571506500244,-0.2869965732097626
200,RIGHT_EYE,0.21498438715934753,0.4367937743663788,-0.28698375821113586
200,RIGHT_EYE_OUTER,0.2156621217727661,0.4465668499469757,-0.2869848310947418
200,LEFT_EAR,0.21991649270057678,0.37684693932533264,-0.15632979571819305
200,RIGHT_EAR,0.22299964725971222,0.4636209309101105,-0.1935376673936844
200,MOUTH_LEFT,0.24240592122077942,0.39729076623916626,-0.25066322088241577
200,MOUTH_RIGHT,0.24298465251922607,0.42921745777130127,-0.26107338070869446
200,LEFT_SHOULDER,0.3084048926830292,0.31296566128730774,-0.0670698955655098
200,RIGHT_SHOULDER,0.3094332814216614,0.5265918970108032,-0.15129625797271729
200,LEFT_ELBOW,0.4076964259147644,0.29758894443511963,0.023641476407647133
200,RIGHT_ELBOW,0.407082736492157,0.5517656207084656,-0.1486014425754547
200,LEFT_WRIST,0.49426889419555664,0.28576868772506714,-0.037206683307886124
200,RIGHT_WRIST,0.49285849928855896,0.5471881031990051,-0.23277322947978973
200,LEFT_PINKY,0.524395227432251,0.2711039185523987,-0.059967707842588425
200,RIGHT_PINKY,0.5227544903755188,0.5540705919265747,-0.2687916159629822
200,LEFT_INDEX,0.5253336429595947,0.28379887342453003,-0.10095810890197754
200,RIGHT_INDEX,0.5207397937774658,0.5318655967712402,-0.294207900762558
200,LEFT_THUMB,0.5170137882232666,0.2924601137638092,-0.054159484803676605
200,RIGHT_THUMB,0.5126286745071411,0.5238336324691772,-0.24477681517601013
200,LEFT_HIP,0.4976889193058014,0.35451969504356384,0.033018309623003006
200,RIGHT_HIP,0.49821916222572327,0.47645360231399536,-0.033214863389730453
200,LEFT_KNEE,0.6342211365699768,0.3575294017791748,0.05181628465652466
200,RIGHT_KNEE,0.6379508972167969,0.4747171998023987,0.012698067352175713
200,LEFT_ANKLE,0.7389958500862122,0.3825122117996216,0.3189278542995453
200,RIGHT_ANKLE,0.7340793609619141,0.47075656056404114,0.26294994354248047
200,LEFT_HEEL,0.7522865533828735,0.4006268382072449,0.3396384119987488
200,RIGHT_HEEL,0.745579719543457,0.4623456299304962,0.2815701365470886
200,LEFT_FOOT_INDEX,0.7912397980690002,0.33142197132110596,0.23342680931091309
200,RIGHT_FOOT_INDEX,0.7893454432487488,0.47548526525497437,0.1505136787891388
233,NOSE,0.2272706776857376,0.4096905589103699,-0.30760735273361206
233,LEFT_EYE_INNER,0.2145182192325592,0.3991658091545105,-0.2890910506248474
233,LEFT_EYE,0.2146083563566208,0.3909905254840851,-0.28908130526542664
233,LEFT_EYE_OUTER,0.21479971706867218,0.383742094039917,-0.2890554368495941
233,RIGHT_EYE_INNER,0.21447348594665527,0.4258294701576233,-0.2963142395019531
233,RIGHT_EYE,0.2149638682603836,0.4367981255054474,-0.29630106687545776
233,RIGHT_EYE_OUTER,0.21565058827400208,0.4465779960155487,-0.296303927898407
233,LEFT_EAR,0.21991710364818573,0.37711113691329956,-0.16388598084449768
233,RIGHT_EAR,0.22296075522899628,0.46361371874809265,-0.20085465908050537
233,MOUTH_LEFT,0.24239575862884521,0.3973632752895355,-0.2594825327396393
233,MOUTH_RIGHT,0.24296995997428894,0.4291476905345917,-0.26977628469467163
233,LEFT_SHOULDER,0.30820757150650024,0.3135930299758911,-0.07137968391180038
233,RIGHT_SHOULDER,0.30916130542755127,0.5265222787857056,-0.15710292756557465
233,LEFT_ELBOW,0.40762096643447876,0.29845020174980164,0.022345256060361862
233,RIGHT_ELBOW,0.40692487359046936,0.5517659187316895,-0.14701685309410095
233,LEFT_WRIST,0.49426937103271484,0.2874479591846466,-0.04189586266875267
233,RIGHT_WRIST,0.49268609285354614,0.5472493767738342,-0.2217978686094284
233,LEFT_PINKY,0.5243685841560364,0.2731437087059021,-0.065035879611969
233,RIGHT_PINKY,0.5226322412490845,0.5541588068008423,-0.256876140832901
233,LEFT_INDEX,0.525290846824646,0.2848731577396393,-0.10673060268163681
233,RIGHT_INDEX,0.5205974578857422,0.5318688154220581,-0.2845775783061981
233,LEFT_THUMB,0.5169600248336792,0.2934620678424835,-0.05920762941241264
233,RIGHT_THUMB,0.5125023722648621,0.5237892270088196,-0.23447147011756897
233,LEFT_HIP,0.4976942539215088,0.3551765978336334,0.03334548696875572
233,RIGHT_HIP,0.4981827139854431,0.4769386649131775,-0.033544283360242844
233,LEFT_KNEE,0.6333434581756592,0.3575393557548523,0.0593484565615654
233,RIGHT_KNEE,0.6379058957099915,0.47536200284957886,0.014067506417632103
233,LEFT_ANKLE,0.7389586567878723,0.3824464678764343,0.31871896982192993
233,RIGHT_ANKLE,0.7340341806411743,0.47112545371055603,0.2602727711200714
233,LEFT_HEEL,0.7523078322410583,0.40063756704330444,0.3382419943809509
233,RIGHT_HEEL,0.7456367611885071,0.4631102383136749,0.27803748846054077
233,LEFT_FOOT_INDEX,0.7911466360092163,0.3312077522277832,0.22926044464111328
233,RIGHT_FOOT_INDEX,0.789244532585144,0.47546395659446716,0.1450161635875702
266,NOSE,0.22732266783714294,0.4096674919128418,-0.30729007720947266
266,LEFT_EYE_INNER,0.21455352008342743,0.39916372299194336,-0.2886273264884949
266,LEFT_EYE,0.21464844048023224,0.39098846912384033,-0.2886170744895935
266,LEFT_EYE_OUTER,0.21484005451202393,0.3837388753890991,-0.2885890007019043
266,RIGHT_EYE_INNER,0.21448037028312683,0.42581796646118164,-0.29554545879364014
266,RIGHT_EYE,0.21496668457984924,0.4367966949939728,-0.2955315411090851
266,RIGHT_EYE_OUTER,0.21565274894237518,0.4465845227241516,-0.2955307364463806
266,LEFT_EAR,0.21992969512939453,0.37714096903800964,-0.16299836337566376
266,RIGHT_EAR,0.2229490727186203,0.46358543634414673,-0.19856761395931244
266,MOUTH_LEFT,0.24244701862335205,0.39739105105400085,-0.25904425978660583
266,MOUTH_RIGHT,0.24302227795124054,0.42904120683670044,-0.26892298460006714
266,LEFT_SHOULDER,0.30811113119125366,0.31396135687828064,-0.07019703835248947
266,RIGHT_SHOULDER,0.30900177359580994,0.5263999700546265,-0.154547780752182
266,LEFT_ELBOW,0.40749937295913696,0.2987135052680969,0.023356828838586807
266,RIGHT_ELBOW,0.40665292739868164,0.5517717599868774,-0.1394086629152298
266,LEFT_WRIST,0.4942799210548401,0.28822460770606995,-0.04331354424357414
266,RIGHT_WRIST,0.4922493100166321,0.5473548173904419,-0.21216006577014923
266,LEFT_PINKY,0.5243257880210876,0.2740269601345062,-0.06698335707187653
266,RIGHT_PINKY,0.5223122835159302,0.5544492602348328,-0.24691340327262878
266,LEFT_INDEX,0.5252296924591064,0.28538209199905396,-0.10870283842086792
266,RIGHT_INDEX,0.5202690362930298,0.5320926308631897,-0.27550965547561646
266,LEFT_THUMB,0.5169133543968201,0.29390430450439453,-0.0606968030333519
266,RIGHT_THUMB,0.5121818780899048,0.5238146781921387,-0.2251621037721634
266,LEFT_HIP,0.49768346548080444,0.3555378317832947,0.03323632478713989
266,RIGHT_HIP,0.4981094300746918,0.47727105021476746,-0.033435121178627014
266,LEFT_KNEE,0.6319364309310913,0.357540100812912,0.055744122713804245
266,RIGHT_KNEE,0.6376701593399048,0.47580963373184204,0.013976505026221275
266,LEFT_ANKLE,0.7389587163925171,0.3823968768119812,0.3107854723930359
266,RIGHT_ANKLE,0.7340224981307983,0.4712625741958618,0.2535945475101471
266,LEFT_HEEL,0.7523170709609985,0.4006401002407074,0.3293173909187317
266,RIGHT_HEEL,0.745681643486023,0.46373850107192993,0.2706960141658783
266,LEFT_FOOT_INDEX,0.7910293340682983,0.33122867345809937,0.21498838067054749
266,RIGHT_FOOT_INDEX,0.7891201376914978,0.4750880300998688,0.135643869638443
300,NOSE,0.22772257030010223,0.4096660912036896,-0.3093099296092987
300,LEFT_EYE_INNER,0.21483823657035828,0.39916107058525085,-0.2908281087875366
300,LEFT_EYE,0.21491415798664093,0.390975683927536,-0.29081958532333374
300,LEFT_EYE_OUTER,0.21507835388183594,0.38371530175209045,-0.29079610109329224
300,RIGHT_EYE_INNER,0.21474714577198029,0.42580944299697876,-0.29721909761428833
300,RIGHT_EYE,0.2151939570903778,0.4367954134941101,-0.2972061336040497
300,RIGHT_EYE_OUTER,0.21582114696502686,0.44658923149108887,-0.297201931476593
300,LEFT_EAR,0.22006842494010925,0.3771348297595978,-0.16520366072654724
300,RIGHT_EAR,0.22299881279468536,0.46355047821998596,-0.1983138620853424
300,MOUTH_LEFT,0.24285367131233215,0.3974331021308899,-0.26098179817199707
300,MOUTH_RIGHT,0.24335451424121857,0.4289887845516205,-0.27015867829322815
300,LEFT_SHOULDER,0.3080974817276001,0.31418856978416443,-0.0726720318198204
300,RIGHT_SHOULDER,0.3089490830898285,0.5263209939002991,-0.15073435008525848
300,LEFT_ELBOW,0.40740418434143066,0.29873186349868774,0.02020876295864582
300,RIGHT_ELBOW,0.4066615104675293,0.5516889691352844,-0.13168850541114807
300,LEFT_WRIST,0.49424809217453003,0.2884977459907532,-0.048052553087472916
300,RIGHT_WRIST,0.4920900762081146,0.5475865006446838,-0.2066844254732132
300,LEFT_PINKY,0.5242211222648621,0.27452531456947327,-0.07203436642885208
300,RIGHT_PINKY,0.522236168384552,0.5549626350402832,-0.24126414954662323
300,LEFT_INDEX,0.5251404643058777,0.2856220602989197,-0.11380360275506973
300,RIGHT_INDEX,0.5201642513275146,0.5326030254364014,-0.27020540833473206
300,LEFT_THUMB,0.516837477684021,0.29404330253601074,-0.06543861329555511
300,RIGHT_THUMB,0.5120849609375,0.5240747928619385,-0.21987907588481903
300,LEFT_HIP,0.49755701422691345,0.3557202219963074,0.032177407294511795
300,RIGHT_HIP,0.4980546534061432,0.4773581326007843,-0.03237151354551315
300,LEFT_KNEE,0.6316084861755371,0.35753729939460754,0.04937608912587166
300,RIGHT_KNEE,0.6376457214355469,0.47604480385780334,0.01254993211477995
300,LEFT_ANKLE,0.7389705777168274,0.382339745759964,0.3019292652606964
300,RIGHT_ANKLE,0.7340570092201233,0.4712606966495514,0.25078409910202026
300,LEFT_HEEL,0.7523460984230042,0.4006316661834717,0.32054394483566284
300,RIGHT_HEEL,0.7457004189491272,0.46379169821739197,0.26776841282844543
300,LEFT_FOOT_INDEX,0.7909002900123596,0.3316915035247803,0.2031765878200531
300,RIGHT_FOOT_INDEX,0.7891237735748291,0.47483497858047485,0.13145527243614197
333,NOSE,0.22821810841560364,0.4096589684486389,-0.3142949938774109
333,LEFT_EYE_INNER,0.2152034491300583,0.3991139829158783,-0.29553744196891785
333,LEFT_EYE,0.21524953842163086,0.39090079069137573,-0.2955324053764343
333,LEFT_EYE_OUTER,0.21538381278514862,0.3836349844932556,-0.2955140471458435
333,RIGHT_EYE_INNER,0.21512377262115479,0.42576298117637634,-0.30201488733291626
333,RIGHT_EYE,0.21551482379436493,0.4367543160915375,-0.30200308561325073
333,RIGHT_EYE_OUTER,0.2160605937242508,0.4465788006782532,-0.3020020127296448
333,LEFT_EAR,0.2202950417995453,0.3770582377910614,-0.16748185455799103
333,RIGHT_EAR,0.22309064865112305,0.46347254514694214,-0.20039160549640656
333,MOUTH_LEFT,0.24338726699352264,0.39745330810546875,-0.26511216163635254
333,MOUTH_RIGHT,0.24375610053539276,0.42891550064086914,-0.2743675112724304
333,LEFT_SHOULDER,0.30809009075164795,0.31437820196151733,-0.07206496596336365
333,RIGHT_SHOULDER,0.3089144825935364,0.5262494683265686,-0.1489107310771942
333,LEFT_ELBOW,0.4072253704071045,0.2987480163574219,0.02126707136631012
333,RIGHT_ELBOW,0.4066482484340668,0.5516369938850403,-0.1277187615633011
333,LEFT_WRIST,0.49414268136024475,0.2887525260448456,-0.05166151002049446
333,RIGHT_WRIST,0.49184292554855347,0.5476588010787964,-0.207815483212471
333,LEFT_PINKY,0.5240700840950012,0.2749382555484772,-0.07650977373123169
333,RIGHT_PINKY,0.5221160650253296,0.5551334023475647,-0.2435864955186844
333,LEFT_INDEX,0.5249936580657959,0.2858148515224457,-0.11892527341842651
333,RIGHT_INDEX,0.5200004577636719,0.5328105688095093,-0.2729915976524353
333,LEFT_THUMB,0.516679048538208,0.2941613793373108,-0.0694008618593216
333,RIGHT_THUMB,0.5119031071662903,0.5241860747337341,-0.22124549746513367
333,LEFT_HIP,0.49729037284851074,0.3557727336883545,0.03178681433200836
333,RIGHT_HIP,0.49793434143066406,0.4774013161659241,-0.03197402134537697
333,LEFT_KNEE,0.6314889788627625,0.35748860239982605,0.04162927344441414
333,RIGHT_KNEE,0.6376806497573853,0.476046621799469,0.008900337852537632
333,LEFT_ANKLE,0.73896324634552,0.382199764251709,0.3058220446109772
333,RIGHT_ANKLE,0.7340587377548218,0.4709829092025757,0.2541452944278717
333,LEFT_HEEL,0.7523422241210938,0.4005243182182312,0.32534486055374146
333,RIGHT_HEEL,0.7457016706466675,0.4637789726257324,0.2718350291252136
333,LEFT_FOOT_INDEX,0.7908045053482056,0.3319120705127716,0.2045954167842865
333,RIGHT_FOOT_INDEX,0.7891522645950317,0.47430840134620667,0.1324053853750229
366,NOSE,0.22877982258796692,0.4096118211746216,-0.3166460394859314
366,LEFT_EYE_INNER,0.21560733020305634,0.398987740278244,-0.29784899950027466
366,LEFT_EYE,0.21561817824840546,0.3907235860824585,-0.29784464836120605
366,LEFT_EYE_OUTER,0.21572192013263702,0.38346409797668457,-0.2978281080722809
366,RIGHT_EYE_INNER,0.21556821465492249,0.4256493151187897,-0.30436626076698303
366,RIGHT_EYE,0.21590211987495422,0.43664291501045227,-0.3043552041053772
366,RIGHT_EYE_OUTER,0.2163613736629486,0.4465247392654419,-0.30435436964035034
366,LEFT_EAR,0.22058269381523132,0.37688547372817993,-0.16919741034507751
366,RIGHT_EAR,0.22324159741401672,0.4634040296077728,-0.2023973912000656
366,MOUTH_LEFT,0.2439795434474945,0.3974588215351105,-0.26712894439697266
366,MOUTH_RIGHT,0.24421021342277527,0.4287845492362976,-0.2764398455619812
366,LEFT_SHOULDER,0.3080781400203705,0.31454896926879883,-0.07280448079109192
366,RIGHT_SHOULDER,0.3088846802711487,0.5262035131454468,-0.14963114261627197
366,LEFT_ELBOW,0.4070976674556732,0.29879623651504517,0.021145125851035118
366,RIGHT_ELBOW,0.4066515564918518,0.5515583753585815,-0.12739771604537964
366,LEFT_WRIST,0.4940516948699951,0.2891307771205902,-0.052404068410396576
366,RIGHT_WRIST,0.49164190888404846,0.5477025508880615,-0.20718827843666077
366,LEFT_PINKY,0.523940920829773,0.2753602862358093,-0.07743113487958908
366,RIGHT_PINKY,0.5219874978065491,0.5552762150764465,-0.24287542700767517
366,LEFT_INDEX,0.52486252784729,0.28606313467025757,-0.11998921632766724
366,RIGHT_INDEX,0.5198429822921753,0.5330023169517517,-0.2722257971763611
366,LEFT_THUMB,0.5165550708770752,0.29435136914253235,-0.07021143287420273
366,RIGHT_THUMB,0.5117336511611938,0.524318277835846,-0.22054429352283478
366,LEFT_HIP,0.4969522953033447,0.35580337047576904,0.03155452013015747
366,RIGHT_HIP,0.49779653549194336,0.47745224833488464,-0.03173999488353729
366,LEFT_KNEE,0.6311286687850952,0.3574574291706085,0.03804776817560196
366,RIGHT_KNEE,0.6376709342002869,0.47602906823158264,0.006654450204223394
366,LEFT_ANKLE,0.7389301061630249,0.38214290142059326,0.30531683564186096
366,RIGHT_ANKLE,0.7340744733810425,0.47074639797210693,0.2534649968147278
366,LEFT_HEEL,0.7523332834243774,0.4005003273487091,0.32508495450019836
366,RIGHT_HEEL,0.7457219958305359,0.46375373005867004,0.27120405435562134
366,LEFT_FOOT_INDEX,0.7907296419143677,0.3319915533065796,0.20350751280784607
366,RIGHT_FOOT_INDEX,0.7891621589660645,0.4735231101512909,0.1308218538761139
400,NOSE,0.2290852963924408,0.409595787525177,-0.3186650276184082
400,LEFT_EYE_INNER,0.21584296226501465,0.3989018201828003,-0.29944467544555664
400,LEFT_EYE,0.21584121882915497,0.390596866607666,-0.29943832755088806
400,LEFT_EYE_OUTER,0.21593132615089417,0.383330762386322,-0.29941657185554504
400,RIGHT_EYE_INNER,0.2158409059047699,0.42560356855392456,-0.30611082911491394
400,RIGHT_EYE,0.21615278720855713,0.4366108477115631,-0.3060981333255768
400,RIGHT_EYE_OUTER,0.2165706604719162,0.4465148150920868,-0.3060929775238037
400,LEFT_EAR,0.22077512741088867,0.37673014402389526,-0.17035551369190216
400,RIGHT_EAR,0.22336868941783905,0.4633869230747223,-0.20349571108818054
400,MOUTH_LEFT,0.24428799748420715,0.3974646329879761,-0.2678559720516205
400,MOUTH_RIGHT,0.24447253346443176,0.4287421405315399,-0.277334600687027
400,LEFT_SHOULDER,0.30806872248649597,0.3146613538265228,-0.0739210769534111
400,RIGHT_SHOULDER,0.3088783621788025,0.5262003540992737,-0.15169602632522583
400,LEFT_ELBOW,0.407080739736557,0.2988866865634918,0.02101369947195053
400,RIGHT_ELBOW,0.40667763352394104,0.5515643954277039,-0.13106851279735565
400,LEFT_WRIST,0.49399980902671814,0.2897263765335083,-0.053274281322956085
400,RIGHT_WRIST,0.4916077256202698,0.5477531552314758,-0.21225731074810028
400,LEFT_PINKY,0.5238772630691528,0.27614372968673706,-0.07839465886354446
400,RIGHT_PINKY,0.521963357925415,0.555379331111908,-0.24821309745311737
400,LEFT_INDEX,0.5247690081596375,0.28687721490859985,-0.12118013948202133
400,RIGHT_INDEX,0.5197917819023132,0.5330862998962402,-0.2777532637119293
400,LEFT_THUMB,0.5164456963539124,0.2951399087905884,-0.07118530571460724
400,RIGHT_THUMB,0.5117000341415405,0.5243611335754395,-0.2256927490234375
400,LEFT_HIP,0.4969375729560852,0.35578516125679016,0.03151572495698929
400,RIGHT_HIP,0.4977714419364929,0.47747132182121277,-0.031700704246759415
400,LEFT_KNEE,0.630896806716919,0.35746505856513977,0.04060663655400276
400,RIGHT_KNEE,0.6376615166664124,0.4761144518852234,0.006872710771858692
400,LEFT_ANKLE,0.7389265298843384,0.3820898234844208,0.30816513299942017
400,RIGHT_ANKLE,0.7340503931045532,0.4707638919353485,0.25454917550086975
400,LEFT_HEEL,0.7523419857025146,0.40046563744544983,0.3278122544288635
400,RIGHT_HEEL,0.7456884980201721,0.4638775587081909,0.27266770601272583
400,LEFT_FOOT_INDEX,0.7907083630561829,0.33199524879455566,0.20485249161720276
400,RIGHT_FOOT_INDEX,0.7891253232955933,0.47339731454849243,0.13345719873905182
433,NOSE,0.22925949096679688,0.40957391262054443,-0.31958991289138794
433,LEFT_EYE_INNER,0.21599671244621277,0.3988305926322937,-0.3004736304283142
433,LEFT_EYE,0.21598634123802185,0.39049941301345825,-0.30046817660331726
433,LEFT_EYE_OUTER,0.21606692671775818,0.38322266936302185,-0.3004485070705414
433,RIGHT_EYE_INNER,0.21602609753608704,0.42556217312812805,-0.3071204423904419
433,RIGHT_EYE,0.21633334457874298,0.43658530712127686,-0.30710870027542114
433,RIGHT_EYE_OUTER,0.21673250198364258,0.4465057849884033,-0.3071056008338928
433,LEFT_EAR,0.22092027962207794,0.37663209438323975,-0.1709807962179184
433,RIGHT_EAR,0.2235310971736908,0.4633830487728119,-0.20485158264636993
433,MOUTH_LEFT,0.24444743990898132,0.3974688947200775,-0.269059419631958
433,MOUTH_RIGHT,0.24462635815143585,0.4287012219429016,-0.27852872014045715
433,LEFT_SHOULDER,0.30806758999824524,0.3147314488887787,-0.0732841044664383
433,RIGHT_SHOULDER,0.30889374017715454,0.526212215423584,-0.152432382106781
433,LEFT_ELBOW,0.4070892333984375,0.29907897114753723,0.022707151249051094
433,RIGHT_ELBOW,0.40669065713882446,0.5516630411148071,-0.132228285074234
433,LEFT_WRIST,0.4939800202846527,0.2902739346027374,-0.051630161702632904
433,RIGHT_WRIST,0.491621196269989,0.5478256344795227,-0.2147028148174286
433,LEFT_PINKY,0.5238546133041382,0.2768256366252899,-0.07666241377592087
433,RIGHT_PINKY,0.5219656825065613,0.5555070042610168,-0.2505597770214081
433,LEFT_INDEX,0.5247253179550171,0.2876846194267273,-0.11939676105976105
433,RIGHT_INDEX,0.5197908878326416,0.5331290364265442,-0.2802371382713318
433,LEFT_THUMB,0.5163904428482056,0.29598650336265564,-0.06955775618553162
433,RIGHT_THUMB,0.5117033123970032,0.524378776550293,-0.2282242327928543
433,LEFT_HIP,0.49703389406204224,0.3557671010494232,0.032343849539756775
433,RIGHT_HIP,0.4979303479194641,0.47749441862106323,-0.0325281023979187
433,LEFT_KNEE,0.6306661367416382,0.35746464133262634,0.04929371923208237
433,RIGHT_KNEE,0.6376287341117859,0.47618722915649414,0.008007214404642582
433,LEFT_ANKLE,0.7389107942581177,0.38206472992897034,0.31812411546707153
433,RIGHT_ANKLE,0.7339926958084106,0.4708522856235504,0.2561657428741455
433,LEFT_HEEL,0.7523474097251892,0.4004653990268707,0.3379289507865906
433,RIGHT_HEEL,0.7456525564193726,0.4642351269721985,0.27426978945732117
433,LEFT_FOOT_INDEX,0.7907050848007202,0.3319864571094513,0.21729597449302673
433,RIGHT_FOOT_INDEX,0.7890509963035583,0.47323688864707947,0.1354040652513504
466,NOSE,0.22936078906059265,0.409329354763031,-0.32019922137260437
466,LEFT_EYE_INNER,0.21607045829296112,0.3986208140850067,-0.30112263560295105
466,LEFT_EYE,0.21605738997459412,0.39028409123420715,-0.30111750960350037
466,LEFT_EYE_OUTER,0.21613332629203796,0.3830350339412689,-0.3010973632335663
466,RIGHT_EYE_INNER,0.2161155641078949,0.42525243759155273,-0.30777543783187866
466,RIGHT_EYE,0.21642503142356873,0.4362983703613281,-0.30776411294937134
466,RIGHT_EYE_OUTER,0.21682758629322052,0.44629308581352234,-0.3077612519264221
466,LEFT_EAR,0.2209981381893158,0.3765665292739868,-0.1702595055103302
466,RIGHT_EAR,0.2236555516719818,0.463340163230896,-0.20566923916339874
466,MOUTH_LEFT,0.2445012331008911,0.3974005877971649,-0.26979485154151917
466,MOUTH_RIGHT,0.24468059837818146,0.42831066250801086,-0.27926763892173767
466,LEFT_SHOULDER,0.30808764696121216,0.3147505521774292,-0.07054196298122406
466,RIGHT_SHOULDER,0.30889755487442017,0.526235818862915,-0.15460216999053955
466,LEFT_ELBOW,0.4072144031524658,0.3002481758594513,0.025197580456733704
466,RIGHT_ELBOW,0.40670594573020935,0.5519274473190308,-0.13804380595684052
466,LEFT_WRIST,0.49397724866867065,0.2911846935749054,-0.051713086664676666
466,RIGHT_WRIST,0.4916362762451172,0.5478289127349854,-0.2192770540714264
466,LEFT_PINKY,0.5238531827926636,0.2780313789844513,-0.07718325406312943
466,RIGHT_PINKY,0.5219677686691284,0.5554951429367065,-0.25624722242355347
466,LEFT_INDEX,0.5247219800949097,0.288819819688797,-0.11975046247243881
466,RIGHT_INDEX,0.5197734832763672,0.5330416560173035,-0.28529876470565796
466,LEFT_THUMB,0.5163825750350952,0.297131210565567,-0.06970816850662231
466,RIGHT_THUMB,0.511701226234436,0.5242496132850647,-0.23239855468273163
466,LEFT_HIP,0.4976581037044525,0.35584959387779236,0.035285525023937225
466,RIGHT_HIP,0.49827519059181213,0.47752830386161804,-0.03547075763344765
466,LEFT_KNEE,0.6306489109992981,0.3574637174606323,0.06358480453491211
466,RIGHT_KNEE,0.6375142335891724,0.4763537645339966,0.010496584698557854
466,LEFT_ANKLE,0.7384759187698364,0.38210517168045044,0.33642250299453735
466,RIGHT_ANKLE,0.7339785695075989,0.47117456793785095,0.2634999454021454
466,LEFT_HEEL,0.7520028948783875,0.4006843566894531,0.3568229377269745
466,RIGHT_HEEL,0.7456738352775574,0.46512845158576965,0.28233492374420166
466,LEFT_FOOT_INDEX,0.7905033826828003,0.3319719433784485,0.23790094256401062
466,RIGHT_FOOT_INDEX,0.7890290021896362,0.47294342517852783,0.14369536936283112
500,NOSE,0.2293742597103119,0.4092933237552643,-0.339086651802063
500,LEFT_EYE_INNER,0.2161177694797516,0.3985704779624939,-0.3177647888660431
500,LEFT_EYE,0.21610645949840546,0.3902299702167511,-0.3177635371685028
500,LEFT_EYE_OUTER,0.2161804437637329,0.38297051191329956,-0.3177332282066345
500,RIGHT_EYE_INNER,0.21616098284721375,0.42517560720443726,-0.3256131410598755
500,RIGHT_EYE,0.21646860241889954,0.4362378716468811,-0.325604110956192
500,RIGHT_EYE_OUTER,0.2168707549571991,0.4462534189224243,-0.32562047243118286
500,LEFT_EAR,0.22106444835662842,0.3765221834182739,-0.17636458575725555
500,RIGHT_EAR,0.22371920943260193,0.46333491802215576,-0.21641476452350616
500,MOUTH_LEFT,0.2445143759250641,0.3974003791809082,-0.28497201204299927
500,MOUTH_RIGHT,0.24469110369682312,0.4282747805118561,-0.29610228538513184
500,LEFT_SHOULDER,0.30814307928085327,0.31474021077156067,-0.0713101252913475
500,RIGHT_SHOULDER,0.308896005153656,0.5262528657913208,-0.16518019139766693
500,LEFT_ELBOW,0.4074104428291321,0.3011558949947357,0.02422621287405491
500,RIGHT_ELBOW,0.40670281648635864,0.5522878170013428,-0.16424663364887238
500,LEFT_WRIST,0.4936904311180115,0.29137372970581055,-0.06199610233306885
500,RIGHT_WRIST,0.49159032106399536,0.5478459000587463,-0.27303528785705566
500,LEFT_PINKY,0.5237325429916382,0.2783109247684479,-0.09033714979887009
500,RIGHT_PINKY,0.5218852758407593,0.5554879903793335,-0.31553468108177185
500,LEFT_INDEX,0.5245967507362366,0.28905242681503296,-0.13521108031272888
500,RIGHT_INDEX,0.5196391940116882,0.5329785943031311,-0.3454631268978119
500,LEFT_THUMB,0.5162121057510376,0.29738861322402954,-0.08150589466094971
500,RIGHT_THUMB,0.5115997791290283,0.5241600275039673,-0.2871561348438263
500,LEFT_HIP,0.4982563853263855,0.35588204860687256,0.03762422129511833
500,RIGHT_HIP,0.4986402988433838,0.4775438606739044,-0.03779033571481705
500,LEFT_KNEE,0.6306766867637634,0.35746732354164124,0.07577811181545258
500,RIGHT_KNEE,0.6373931169509888,0.47638601064682007,0.017062362283468246
500,LEFT_ANKLE,0.7381840348243713,0.3821958899497986,0.36313396692276
500,RIGHT_ANKLE,0.73395836353302,0.47120195627212524,0.29010146856307983
500,LEFT_HEEL,0.7518441081047058,0.40081876516342163,0.38458627462387085
500,RIGHT_HEEL,0.7456806898117065,0.46540459990501404,0.31061965227127075
500,LEFT_FOOT_INDEX,0.7903727889060974,0.3320869505405426,0.25939878821372986
500,RIGHT_FOOT_INDEX,0.7890260219573975,0.4726829528808594,0.16610375046730042
533,NOSE,0.2293708324432373,0.40926292538642883,-0.33885428309440613
533,LEFT_EYE_INNER,0.2161378562450409,0.39855533838272095,-0.31821009516716003
533,LEFT_EYE,0.21613402664661407,0.39020466804504395,-0.3182010054588318
533,LEFT_EYE_OUTER,0.21621043980121613,0.38292816281318665,-0.3181614279747009
533,RIGHT_EYE_INNER,0.21616868674755096,0.4251589775085449,-0.3258921802043915
533,RIGHT_EYE,0.21647746860980988,0.43623292446136475,-0.32588261365890503
533,RIGHT_EYE_OUTER,0.21688230335712433,0.4462541341781616,-0.32589465379714966
533,LEFT_EAR,0.2211298942565918,0.37650489807128906,-0.17933474481105804
533,RIGHT_EAR,0.2237430363893509,0.46339666843414307,-0.21951040625572205
533,MOUTH_LEFT,0.24452173709869385,0.397402286529541,-0.28598788380622864
533,MOUTH_RIGHT,0.2446984052658081,0.4282621741294861,-0.2970101237297058
533,LEFT_SHOULDER,0.3081400692462921,0.3147197663784027,-0.0723429024219513
533,RIGHT_SHOULDER,0.3088929355144501,0.5263003706932068,-0.17200614511966705
533,LEFT_ELBOW,0.40740999579429626,0.3015756607055664,0.023743463680148125
533,RIGHT_ELBOW,0.4067173898220062,0.5525287389755249,-0.1762976199388504
533,LEFT_WRIST,0.49308738112449646,0.2912920117378235,-0.06285464018583298
533,RIGHT_WRIST,0.49151700735092163,0.5478954911231995,-0.2828535735607147
533,LEFT_PINKY,0.5234912037849426,0.2782595753669739,-0.0905916839838028
533,RIGHT_PINKY,0.5217647552490234,0.5554730296134949,-0.3241041302680969
533,LEFT_INDEX,0.5244360566139221,0.28901946544647217,-0.13503220677375793
533,RIGHT_INDEX,0.5194427371025085,0.5328604578971863,-0.35269203782081604
533,LEFT_THUMB,0.5160079002380371,0.29735130071640015,-0.0821031779050827
533,RIGHT_THUMB,0.5114335417747498,0.5240443348884583,-0.2963840961456299
533,LEFT_HIP,0.4990309774875641,0.3558555543422699,0.038841165602207184
533,RIGHT_HIP,0.4992673993110657,0.4775274395942688,-0.03901276737451553
533,LEFT_KNEE,0.6308175325393677,0.35756248235702515,0.08819637447595596
533,RIGHT_KNEE,0.6370593905448914,0.47656694054603577,0.025926779955625534
533,LEFT_ANKLE,0.7381123304367065,0.3824150860309601,0.35966333746910095
533,RIGHT_ANKLE,0.7339340448379517,0.4714791476726532,0.2911005914211273
533,LEFT_HEEL,0.7518532276153564,0.4011695086956024,0.3798597455024719
533,RIGHT_HEEL,0.7457054853439331,0.46583348512649536,0.3109261095523834
533,LEFT_FOOT_INDEX,0.7903591394424438,0.33208295702934265,0.2607981264591217
533,RIGHT_FOOT_INDEX,0.7888676524162292,0.47282350063323975,0.17213863134384155
566,NOSE,0.22938308119773865,0.4092205762863159,-0.33797478675842285
566,LEFT_EYE_INNER,0.21617630124092102,0.3985516130924225,-0.31753185391426086
566,LEFT_EYE,0.21617674827575684,0.39019787311553955,-0.3175300657749176
566,LEFT_EYE_OUTER,0.21625229716300964,0.382904052734375,-0.317507266998291
566,RIGHT_EYE_INNER,0.21619141101837158,0.4251541197299957,-0.32538601756095886
566,RIGHT_EYE,0.2165023535490036,0.43623071908950806,-0.3253808617591858
566,RIGHT_EYE_OUTER,0.21690940856933594,0.4462650716304779,-0.32540401816368103
566,LEFT_EAR,0.2211882621049881,0.3765013515949249,-0.17926658689975739
566,RIGHT_EAR,0.22377216815948486,0.4635182321071625,-0.21943362057209015
566,MOUTH_LEFT,0.24454739689826965,0.3974038064479828,-0.2852090001106262
566,MOUTH_RIGHT,0.2447347193956375,0.4282521605491638,-0.29625949263572693
566,LEFT_SHOULDER,0.3081219792366028,0.3146980404853821,-0.07258059084415436
566,RIGHT_SHOULDER,0.30887144804000854,0.5263537764549255,-0.17102129757404327
566,LEFT_ELBOW,0.4072069525718689,0.301605224609375,0.022510990500450134
566,RIGHT_ELBOW,0.4066812992095947,0.5526526570320129,-0.17596767842769623
566,LEFT_WRIST,0.4927876889705658,0.2910808026790619,-0.06395237892866135
566,RIGHT_WRIST,0.49100106954574585,0.5482732057571411,-0.2827702462673187
566,LEFT_PINKY,0.5233541131019592,0.2778882682323456,-0.09125734865665436
566,RIGHT_PINKY,0.5211998224258423,0.5555810928344727,-0.323432981967926
566,LEFT_INDEX,0.5243073105812073,0.28881412744522095,-0.13543041050434113
566,RIGHT_INDEX,0.5187669992446899,0.5329315662384033,-0.35218697786331177
566,LEFT_THUMB,0.5158683061599731,0.29711660742759705,-0.08290110528469086
566,RIGHT_THUMB,0.510750412940979,0.5241531133651733,-0.29645055532455444
566,LEFT_HIP,0.49924835562705994,0.35587790608406067,0.039437245577573776
566,RIGHT_HIP,0.49942660331726074,0.4775323271751404,-0.03961198776960373
566,LEFT_KNEE,0.6310123205184937,0.35764244198799133,0.08934765309095383
566,RIGHT_KNEE,0.6366590857505798,0.47665849328041077,0.025484388694167137
566,LEFT_ANKLE,0.7380624413490295,0.38286569714546204,0.35088253021240234
566,RIGHT_ANKLE,0.7339186072349548,0.471619188785553,0.2901036739349365
566,LEFT_HEEL,0.7518576383590698,0.4017717242240906,0.3715408444404602
566,RIGHT_HEEL,0.7457746863365173,0.46612170338630676,0.30814328789711
566,LEFT_FOOT_INDEX,0.7903693318367004,0.3315885663032532,0.2520281970500946
566,RIGHT_FOOT_INDEX,0.7888221144676208,0.4730105996131897,0.16655734181404114
600,NOSE,0.22939641773700714,0.40922507643699646,-0.3407299220561981
600,LEFT_EYE_INNER,0.21620921790599823,0.3985883891582489,-0.32065749168395996
600,LEFT_EYE,0.2162095606327057,0.39021533727645874,-0.3206483721733093
600,LEFT_EYE_OUTER,0.2162826508283615,0.38289880752563477,-0.32060980796813965
600,RIGHT_EYE_INNER,0.2162158191204071,0.4251980781555176,-0.3276175856590271
600,RIGHT_EYE,0.21653008460998535,0.43630048632621765,-0.32760655879974365
600,RIGHT_EYE_OUTER,0.2169373482465744,0.44635432958602905,-0.32760974764823914
600,LEFT_EAR,0.22122642397880554,0.3764989972114563,-0.18408270180225372
600,RIGHT_EAR,0.2237977236509323,0.46365886926651,-0.2210121601819992
600,MOUTH_LEFT,0.2445751428604126,0.3974359631538391,-0.2887195646762848
600,MOUTH_RIGHT,0.244795560836792,0.4283098876476288,-0.29879820346832275
600,LEFT_SHOULDER,0.30814021825790405,0.31465408205986023,-0.07949282228946686
600,RIGHT_SHOULDER,0.30882400274276733,0.5263561010360718,-0.17333415150642395
600,LEFT_ELBOW,0.40719500184059143,0.3016742765903473,0.011433757841587067
600,RIGHT_ELBOW,0.4066842496395111,0.552610456943512,-0.18029175698757172
600,LEFT_WRIST,0.49278491735458374,0.2910555303096771,-0.07638741284608841
600,RIGHT_WRIST,0.4909153878688812,0.5486358404159546,-0.2939954400062561
600,LEFT_PINKY,0.5233498215675354,0.2778320908546448,-0.1045193299651146
600,RIGHT_PINKY,0.5210971236228943,0.5558078289031982,-0.3357263207435608
600,LEFT_INDEX,0.5242956876754761,0.28880468010902405,-0.14847253262996674
600,RIGHT_INDEX,0.5186272859573364,0.5331403613090515,-0.3650498390197754
600,LEFT_THUMB,0.5158551931381226,0.29710274934768677,-0.09499450027942657
600,RIGHT_THUMB,0.5106168985366821,0.5243638157844543,-0.3081180453300476
600,LEFT_HIP,0.4994478225708008,0.3558940589427948,0.03963185101747513
600,RIGHT_HIP,0.49958592653274536,0.4775482714176178,-0.03980617597699165
600,LEFT_KNEE,0.6310871243476868,0.35781508684158325,0.09534791857004166
600,RIGHT_KNEE,0.6364871263504028,0.4767841696739197,0.029882049188017845
600,LEFT_ANKLE,0.7380119562149048,0.3831801414489746,0.35138440132141113
600,RIGHT_ANKLE,0.7338768839836121,0.47171735763549805,0.2869929373264313
600,LEFT_HEEL,0.7518607378005981,0.4022914469242096,0.3706146776676178
600,RIGHT_HEEL,0.745782732963562,0.46618905663490295,0.3054340183734894
600,LEFT_FOOT_INDEX,0.7903611063957214,0.33071082830429077,0.255352646112442
600,RIGHT_FOOT_INDEX,0.7887465357780457,0.47342735528945923,0.16935579478740692
633,NOSE,0.22939428687095642,0.4092460572719574,-0.3438645005226135
633,LEFT_EYE_INNER,0.21621015667915344,0.3986454904079437,-0.32369542121887207
633,LEFT_EYE,0.21621088683605194,0.39025068283081055,-0.32368725538253784
633,LEFT_EYE_OUTER,0.21628466248512268,0.3828991651535034,-0.3236454129219055
633,RIGHT_EYE_INNER,0.21621747314929962,0.42526498436927795,-0.3300197124481201
633,RIGHT_EYE,0.21653547883033752,0.436385840177536,-0.3300047516822815
633,RIGHT_EYE_OUTER,0.21694672107696533,0.44645121693611145,-0.3299998641014099
633,LEFT_EAR,0.2212308943271637,0.37649649381637573,-0.18748779594898224
633,RIGHT_EAR,0.2238122969865799,0.46378394961357117,-0.2219018191099167
633,MOUTH_LEFT,0.24457624554634094,0.397471159696579,-0.29213765263557434
633,MOUTH_RIGHT,0.2448212206363678,0.42836788296699524,-0.3014458417892456
633,LEFT_SHOULDER,0.3081704080104828,0.31460586190223694,-0.08536384254693985
633,RIGHT_SHOULDER,0.308804452419281,0.5263814926147461,-0.17340894043445587
633,LEFT_ELBOW,0.4071968197822571,0.3017778694629669,0.0029192643705755472
633,RIGHT_ELBOW,0.40669092535972595,0.5525867342948914,-0.17864879965782166
633,LEFT_WRIST,0.49278250336647034,0.2910290062427521,-0.08585036545991898
633,RIGHT_WRIST,0.4909006953239441,0.5488576292991638,-0.29287484288215637
633,LEFT_PINKY,0.5233473181724548,0.2777882218360901,-0.11468176543712616
633,RIGHT_PINKY,0.5210865139961243,0.5559453368186951,-0.33462411165237427
633,LEFT_INDEX,0.5242888927459717,0.28882068395614624,-0.15858933329582214
633,RIGHT_INDEX,0.5185879468917847,0.5332565307617188,-0.3646765351295471
633,LEFT_THUMB,0.5158419013023376,0.2970948815345764,-0.10441754758358002
633,RIGHT_THUMB,0.5105640888214111,0.5244640111923218,-0.3073635399341583
633,LEFT_HIP,0.49970823526382446,0.3559234142303467,0.03938138484954834
633,RIGHT_HIP,0.49982166290283203,0.47761785984039307,-0.03955411911010742
633,LEFT_KNEE,0.6311438679695129,0.358087420463562,0.0998472198843956
633,RIGHT_KNEE,0.636379599571228,0.4773308336734772,0.03567349538207054
633,LEFT_ANKLE,0.7378614544868469,0.38333964347839355,0.35583776235580444
633,RIGHT_ANKLE,0.7337380647659302,0.4721817970275879,0.2917932868003845
633,LEFT_HEEL,0.7518044114112854,0.40257230401039124,0.3745937943458557
633,RIGHT_HEEL,0.7457088232040405,0.46643781661987305,0.31061476469039917
633,LEFT_FOOT_INDEX,0.7902582883834839,0.3298483192920685,0.2610449194908142
633,RIGHT_FOOT_INDEX,0.7886041402816772,0.47490403056144714,0.17759272456169128
666,NOSE,0.22939375042915344,0.40928390622138977,-0.337465763092041
666,LEFT_EYE_INNER,0.21621842682361603,0.3986911475658417,-0.318512499332428
666,LEFT_EYE,0.21621756255626678,0.39028024673461914,-0.31849685311317444
666,LEFT_EYE_OUTER,0.2162894308567047,0.3828999698162079,-0.31845349073410034
666,RIGHT_EYE_INNER,0.21622875332832336,0.4253413677215576,-0.32421737909317017
666,RIGHT_EYE,0.21655242145061493,0.43648722767829895,-0.3242003917694092
666,RIGHT_EYE_OUTER,0.21696731448173523,0.44656339287757874,-0.32418444752693176
666,LEFT_EAR,0.2212381362915039,0.3764897584915161,-0.18714463710784912
666,RIGHT_EAR,0.22384747862815857,0.46390676498413086,-0.21992893517017365
666,MOUTH_LEFT,0.24457713961601257,0.397505521774292,-0.28805071115493774
666,MOUTH_RIGHT,0.2448490560054779,0.4284319281578064,-0.2966260015964508
666,LEFT_SHOULDER,0.30820995569229126,0.3145003914833069,-0.08606461435556412
666,RIGHT_SHOULDER,0.30874139070510864,0.5263715386390686,-0.17269808053970337
666,LEFT_ELBOW,0.4072180390357971,0.3017813265323639,0.003263463033363223
666,RIGHT_ELBOW,0.4066842198371887,0.5525559186935425,-0.17512115836143494
666,LEFT_WRIST,0.49277687072753906,0.2910180389881134,-0.08562588691711426
666,RIGHT_WRIST,0.49085044860839844,0.5491065979003906,-0.2819782793521881
666,LEFT_PINKY,0.523346483707428,0.27778783440589905,-0.11198850721120834
666,RIGHT_PINKY,0.5210727453231812,0.556132435798645,-0.32237493991851807
666,LEFT_INDEX,0.5242903828620911,0.2889024317264557,-0.15451613068580627
666,RIGHT_INDEX,0.5185499787330627,0.5335175395011902,-0.3520530164241791
666,LEFT_THUMB,0.5158389806747437,0.29710307717323303,-0.10286639630794525
666,RIGHT_THUMB,0.510518491268158,0.524752140045166,-0.29603245854377747
666,LEFT_HIP,0.49980610609054565,0.3560827374458313,0.03922070190310478
666,RIGHT_HIP,0.49988025426864624,0.4778473675251007,-0.03939874842762947
666,LEFT_KNEE,0.6313105821609497,0.3584478497505188,0.0931052714586258
666,RIGHT_KNEE,0.6363826394081116,0.4784125089645386,0.03293267637491226
666,LEFT_ANKLE,0.7377392053604126,0.3837904632091522,0.3522791266441345
666,RIGHT_ANKLE,0.7336893081665039,0.4734836220741272,0.29128700494766235
666,LEFT_HEEL,0.7517431974411011,0.40346500277519226,0.371345192193985
666,RIGHT_HEEL,0.7456465363502502,0.46707698702812195,0.3094046711921692
666,LEFT_FOOT_INDEX,0.7900362610816956,0.32976123690605164,0.2592986226081848
666,RIGHT_FOOT_INDEX,0.7885881662368774,0.4782281219959259,0.17294614017009735
700,NOSE,0.22939124703407288,0.40932995080947876,-0.33094364404678345
700,LEFT_EYE_INNER,0.2162216603755951,0.3987500071525574,-0.31343111395835876
700,LEFT_EYE,0.21622006595134735,0.3903278410434723,-0.31340545415878296
700,LEFT_EYE_OUTER,0.21629123389720917,0.3829118013381958,-0.3133649528026581
700,RIGHT_EYE_INNER,0.2162332534790039,0.4254308342933655,-0.3188712000846863
700,RIGHT_EYE,0.21656015515327454,0.4365997016429901,-0.3188557028770447
700,RIGHT_EYE_OUTER,0.21697787940502167,0.4466812014579773,-0.31883367896080017
700,LEFT_EAR,0.22124238312244415,0.3764898180961609,-0.18623392283916473
700,RIGHT_EAR,0.22386881709098816,0.4640464782714844,-0.21975812315940857
700,MOUTH_LEFT,0.24457481503486633,0.3975473642349243,-0.28393059968948364
700,MOUTH_RIGHT,0.24486172199249268,0.4284990131855011,-0.2921389937400818
700,LEFT_SHOULDER,0.30825597047805786,0.314365953207016,-0.09179754555225372
700,RIGHT_SHOULDER,0.30865678191185,0.5263721942901611,-0.17218442261219025
700,LEFT_ELBOW,0.40723371505737305,0.30147749185562134,-0.0009371506748721004
700,RIGHT_ELBOW,0.40666013956069946,0.5524983406066895,-0.1731536090373993
700,LEFT_WRIST,0.49277463555336,0.2908969521522522,-0.07897323369979858
700,RIGHT_WRIST,0.4908130168914795,0.5494173169136047,-0.2716873586177826
700,LEFT_PINKY,0.5233604311943054,0.27776092290878296,-0.10155586153268814
700,RIGHT_PINKY,0.521072268486023,0.5563956499099731,-0.3083855211734772
700,LEFT_INDEX,0.5243176817893982,0.28895890712738037,-0.14253434538841248
700,RIGHT_INDEX,0.5185362100601196,0.5339404344558716,-0.3350822329521179
700,LEFT_THUMB,0.5158467292785645,0.2971082627773285,-0.09476739913225174
700,RIGHT_THUMB,0.5104968547821045,0.5252607464790344,-0.28460535407066345
700,LEFT_HIP,0.4997606873512268,0.35608622431755066,0.03609742224216461
700,RIGHT_HIP,0.4998268187046051,0.4779641330242157,-0.03629127889871597
700,LEFT_KNEE,0.6313148736953735,0.35857823491096497,0.08872781693935394
700,RIGHT_KNEE,0.6363722085952759,0.4789445996284485,0.03134661167860031
700,LEFT_ANKLE,0.7376930713653564,0.3840729892253876,0.3385985791683197
700,RIGHT_ANKLE,0.7336503267288208,0.4737129211425781,0.2835060954093933
700,LEFT_HEEL,0.7517427802085876,0.4038425087928772,0.35753244161605835
700,RIGHT_HEEL,0.7456235289573669,0.46707403659820557,0.30088022351264954
700,LEFT_FOOT_INDEX,0.7899190783500671,0.3297334611415863,0.25516900420188904
700,RIGHT_FOOT_INDEX,0.7885819673538208,0.4801771342754364,0.17114906013011932
733,NOSE,0.22939519584178925,0.4094363749027252,-0.32193005084991455
733,LEFT_EYE_INNER,0.21624299883842468,0.3988397419452667,-0.30503514409065247
733,LEFT_EYE,0.21623952686786652,0.3904041647911072,-0.3050087094306946
733,LEFT_EYE_OUTER,0.21630795300006866,0.3829405903816223,-0.30497512221336365
733,RIGHT_EYE_INNER,0.216254323720932,0.42554646730422974,-0.3101148307323456
733,RIGHT_EYE,0.21658261120319366,0.4367261230945587,-0.31010034680366516
733,RIGHT_EYE_OUTER,0.21699801087379456,0.4467969536781311,-0.3100777864456177
733,LEFT_EAR,0.22126898169517517,0.37648794054985046,-0.18437020480632782
733,RIGHT_EAR,0.22388696670532227,0.4641653299331665,-0.2140604704618454
733,MOUTH_LEFT,0.24458284676074982,0.39763984084129333,-0.27612438797950745
733,MOUTH_RIGHT,0.24490074813365936,0.4286198616027832,-0.28384554386138916
733,LEFT_SHOULDER,0.3083190321922302,0.3142819404602051,-0.09272946417331696
733,RIGHT_SHOULDER,0.3085428476333618,0.526367723941803,-0.16874149441719055
733,LEFT_ELBOW,0.4072763919830322,0.3013555407524109,-0.002566743176430464
733,RIGHT_ELBOW,0.4065133035182953,0.5524402856826782,-0.16880884766578674
733,LEFT_WRIST,0.4928256571292877,0.2908613085746765,-0.07149181514978409
733,RIGHT_WRIST,0.4907199740409851,0.5498366951942444,-0.2601931691169739
733,LEFT_PINKY,0.5234328508377075,0.2777690589427948,-0.09286049008369446
733,RIGHT_PINKY,0.521063506603241,0.5567761063575745,-0.29571107029914856
733,LEFT_INDEX,0.5243998169898987,0.2890762388706207,-0.13313362002372742
733,RIGHT_INDEX,0.5184980630874634,0.5345094203948975,-0.3219253122806549
733,LEFT_THUMB,0.5159081220626831,0.2971512973308563,-0.08679445832967758
733,RIGHT_THUMB,0.5104359984397888,0.5259493589401245,-0.272906631231308
733,LEFT_HIP,0.4995811879634857,0.35614997148513794,0.03240295127034187
733,RIGHT_HIP,0.4996601939201355,0.47814086079597473,-0.03260420635342598
733,LEFT_KNEE,0.6313229203224182,0.35885581374168396,0.07271326333284378
733,RIGHT_KNEE,0.6363772749900818,0.4795511066913605,0.030774438753724098
733,LEFT_ANKLE,0.7376590967178345,0.3842463493347168,0.32115334272384644
733,RIGHT_ANKLE,0.733647346496582,0.4737764894962311,0.2727460563182831
733,LEFT_HEEL,0.7517459988594055,0.40397772192955017,0.33993467688560486
733,RIGHT_HEEL,0.7456355094909668,0.4670044779777527,0.289780855178833
733,LEFT_FOOT_INDEX,0.7898420095443726,0.32973870635032654,0.2370460033416748
733,RIGHT_FOOT_INDEX,0.788608193397522,0.4813379943370819,0.16523626446723938
766,NOSE,0.22939741611480713,0.40952083468437195,-0.3146818280220032
766,LEFT_EYE_INNER,0.21625909209251404,0.3989160656929016,-0.29767581820487976
766,LEFT_EYE,0.21625587344169617,0.3904784023761749,-0.2976515293121338
766,LEFT_EYE_OUTER,0.21632368862628937,0.38297706842422485,-0.29761937260627747
766,RIGHT_EYE_INNER,0.2162638157606125,0.4256289601325989,-0.3026167154312134
766,RIGHT_EYE,0.2165912687778473,0.43681198358535767,-0.30260178446769714
766,RIGHT_EYE_OUTER,0.21700546145439148,0.44687169790267944,-0.30258169770240784
766,LEFT_EAR,0.22129423916339874,0.3764997124671936,-0.17888285219669342
766,RIGHT_EAR,0.22389304637908936,0.46427121758461,-0.2065105438232422
766,MOUTH_LEFT,0.24458543956279755,0.39774149656295776,-0.26896488666534424
766,MOUTH_RIGHT,0.2449154406785965,0.4287433326244354,-0.27649936079978943
766,LEFT_SHOULDER,0.3083847165107727,0.3142319917678833,-0.09147822111845016
766,RIGHT_SHOULDER,0.3083929419517517,0.5263791680335999,-0.16244547069072723
766,LEFT_ELBOW,0.40743428468704224,0.3011690080165863,-0.0015747776487842202
766,RIGHT_ELBOW,0.40635228157043457,0.5524589419364929,-0.16198091208934784
766,LEFT_WRIST,0.4929649829864502,0.2908400893211365,-0.06614020466804504
766,RIGHT_WRIST,0.4905908703804016,0.550428569316864,-0.2522203326225281
766,LEFT_PINKY,0.5235280990600586,0.2779127359390259,-0.08781518787145615
766,RIGHT_PINKY,0.5210558176040649,0.557244598865509,-0.28787240386009216
766,LEFT_INDEX,0.5244989395141602,0.2893296480178833,-0.12813210487365723
766,RIGHT_INDEX,0.5184645652770996,0.5350928902626038,-0.3142595589160919
766,LEFT_THUMB,0.5160056352615356,0.29731205105781555,-0.08163372427225113
766,RIGHT_THUMB,0.5103813409805298,0.5266870856285095,-0.2649991810321808
766,LEFT_HIP,0.4994879364967346,0.35636359453201294,0.030820459127426147
766,RIGHT_HIP,0.49956631660461426,0.4784581959247589,-0.03102176822721958
766,LEFT_KNEE,0.6313295960426331,0.3592834174633026,0.06797853112220764
766,RIGHT_KNEE,0.636428952217102,0.4799216091632843,0.030376654118299484
766,LEFT_ANKLE,0.7376222014427185,0.3844303488731384,0.31543880701065063
766,RIGHT_ANKLE,0.7336940765380859,0.4738757312297821,0.2662939429283142
766,LEFT_HEEL,0.7517491579055786,0.4041043519973755,0.3339631259441376
766,RIGHT_HEEL,0.74573814868927,0.4669889211654663,0.2831864356994629
766,LEFT_FOOT_INDEX,0.7898157835006714,0.32974231243133545,0.22925952076911926
766,RIGHT_FOOT_INDEX,0.7887030839920044,0.4819360077381134,0.15883447229862213
800,NOSE,0.22939538955688477,0.40961235761642456,-0.30796557664871216
800,LEFT_EYE_INNER,0.21626093983650208,0.3990117907524109,-0.29104694724082947
800,LEFT_EYE,0.21625828742980957,0.39057594537734985,-0.2910235524177551
800,LEFT_EYE_OUTER,0.21632683277130127,0.38303226232528687,-0.29099249839782715
800,RIGHT_EYE_INNER,0.2162635624408722,0.425706148147583,-0.2957622706890106
800,RIGHT_EYE,0.21659143269062042,0.43687930703163147,-0.29574674367904663
800,RIGHT_EYE_OUTER,0.21700787544250488,0.4469257891178131,-0.29572704434394836
800,LEFT_EAR,0.22129857540130615,0.37652289867401123,-0.1736920326948166
800,RIGHT_EAR,0.22388668358325958,0.4643324017524719,-0.2000349760055542
800,MOUTH_LEFT,0.24458380043506622,0.3978557288646698,-0.26275700330734253
800,MOUTH_RIGHT,0.24491727352142334,0.4288507103919983,-0.27000054717063904
800,LEFT_SHOULDER,0.30846184492111206,0.3141788840293884,-0.09070076048374176
800,RIGHT_SHOULDER,0.30828559398651123,0.526384174823761,-0.15750545263290405
800,LEFT_ELBOW,0.40777286887168884,0.30088090896606445,-0.0012870642822235823
800,RIGHT_ELBOW,0.4062260687351227,0.5524482131004333,-0.15780414640903473
800,LEFT_WRIST,0.49316057562828064,0.29082101583480835,-0.06164019554853439
800,RIGHT_WRIST,0.49049249291419983,0.550965428352356,-0.24806413054466248
800,LEFT_PINKY,0.5236483216285706,0.2779685854911804,-0.08329407870769501
800,RIGHT_PINKY,0.5210515260696411,0.5578330755233765,-0.2836088538169861
800,LEFT_INDEX,0.5246350169181824,0.2894788682460785,-0.1234833374619484
800,RIGHT_INDEX,0.5184467434883118,0.5357433557510376,-0.3098675012588501
800,LEFT_THUMB,0.5161486864089966,0.29741570353507996,-0.07726801931858063
800,RIGHT_THUMB,0.5103450417518616,0.5274428725242615,-0.260862797498703
800,LEFT_HIP,0.4994577467441559,0.35654452443122864,0.029225459322333336
800,RIGHT_HIP,0.49953189492225647,0.4787546396255493,-0.029424864798784256
800,LEFT_KNEE,0.6313357353210449,0.35983696579933167,0.0636107549071312
800,RIGHT_KNEE,0.6364606618881226,0.48051461577415466,0.02962340973317623
800,LEFT_ANKLE,0.7375895380973816,0.38464173674583435,0.3091199994087219
800,RIGHT_ANKLE,0.7337214946746826,0.4740447700023651,0.261913537979126
800,LEFT_HEEL,0.7517523169517517,0.4042399525642395,0.32740968465805054
800,RIGHT_HEEL,0.745777428150177,0.4669850766658783,0.2786913812160492
800,LEFT_FOOT_INDEX,0.7897878289222717,0.32975390553474426,0.22296452522277832
800,RIGHT_FOOT_INDEX,0.7887610793113708,0.48274803161621094,0.1549289971590042
833,NOSE,0.22938713431358337,0.4097188711166382,-0.3165575861930847
833,LEFT_EYE_INNER,0.21625885367393494,0.39912235736846924,-0.29966190457344055
833,LEFT_EYE,0.2162584364414215,0.3906918466091156,-0.29963693022727966
833,LEFT_EYE_OUTER,0.21632829308509827,0.3831060230731964,-0.29960763454437256
833,RIGHT_EYE_INNER,0.21625061333179474,0.4258054494857788,-0.3035236895084381
833,RIGHT_EYE,0.2165791541337967,0.4369625449180603,-0.30350708961486816
833,RIGHT_EYE_OUTER,0.21700148284435272,0.446987122297287,-0.3034828305244446
833,LEFT_EAR,0.22130413353443146,0.3765726387500763,-0.17993798851966858
833,RIGHT_EAR,0.223866268992424,0.4643760621547699,-0.2041739523410797
833,MOUTH_LEFT,0.24457363784313202,0.3979836404323578,-0.27086013555526733
833,MOUTH_RIGHT,0.24491386115550995,0.4289548695087433,-0.2771892249584198
833,LEFT_SHOULDER,0.3085867166519165,0.31413501501083374,-0.09534631669521332
833,RIGHT_SHOULDER,0.30823495984077454,0.5263901352882385,-0.15767942368984222
833,LEFT_ELBOW,0.408257395029068,0.30073434114456177,-0.006716813892126083
833,RIGHT_ELBOW,0.4060949683189392,0.5524683594703674,-0.15899904072284698
833,LEFT_WRIST,0.4937221109867096,0.29082566499710083,-0.06827203184366226
833,RIGHT_WRIST,0.49032407999038696,0.5514780879020691,-0.25515082478523254
833,LEFT_PINKY,0.5239566564559937,0.2780299186706543,-0.09092541038990021
833,RIGHT_PINKY,0.5210201144218445,0.5584338307380676,-0.2913643717765808
833,LEFT_INDEX,0.524925947189331,0.2896021008491516,-0.13200271129608154
833,RIGHT_INDEX,0.5183930993080139,0.5362984538078308,-0.3179294466972351
833,LEFT_THUMB,0.5164440870285034,0.29752084612846375,-0.08446545153856277
833,RIGHT_THUMB,0.5102508664131165,0.5279834270477295,-0.26832741498947144
833,LEFT_HIP,0.4994475841522217,0.356725811958313,0.028938036412000656
833,RIGHT_HIP,0.4995269775390625,0.4790351092815399,-0.029133614152669907
833,LEFT_KNEE,0.6313409209251404,0.3602387011051178,0.06492059677839279
833,RIGHT_KNEE,0.6365237832069397,0.4809193015098572,0.02899480238556862
833,LEFT_ANKLE,0.7375367879867554,0.3847200274467468,0.31448251008987427
833,RIGHT_ANKLE,0.7337467670440674,0.474176287651062,0.263536274433136
833,LEFT_HEEL,0.7517529726028442,0.40424659848213196,0.33305686712265015
833,RIGHT_HEEL,0.7457910180091858,0.4669828712940216,0.2802688777446747
833,LEFT_FOOT_INDEX,0.7897475957870483,0.3298352062702179,0.22626996040344238
833,RIGHT_FOOT_INDEX,0.7888040542602539,0.48313453793525696,0.1563129425048828
866,NOSE,0.22934050858020782,0.40982598066329956,-0.31682485342025757
866,LEFT_EYE_INNER,0.21623215079307556,0.399281769990921,-0.29914572834968567
866,LEFT_EYE,0.2162373811006546,0.39086905121803284,-0.2991289496421814
866,LEFT_EYE_OUTER,0.21631018817424774,0.38322558999061584,-0.2991015315055847
866,RIGHT_EYE_INNER,0.21620771288871765,0.42596036195755005,-0.30340835452079773
866,RIGHT_EYE,0.21654155850410461,0.4370934069156647,-0.3033895492553711
866,RIGHT_EYE_OUTER,0.21697524189949036,0.44707727432250977,-0.3033696115016937
866,LEFT_EAR,0.2212894707918167,0.37663939595222473,-0.1764335334300995
866,RIGHT_EAR,0.22383931279182434,0.4644209146499634,-0.2011532038450241
866,MOUTH_LEFT,0.24453571438789368,0.3980887830257416,-0.27003148198127747
866,MOUTH_RIGHT,0.24489553272724152,0.42901650071144104,-0.2767307758331299
866,LEFT_SHOULDER,0.3086923658847809,0.31409531831741333,-0.09226079285144806
866,RIGHT_SHOULDER,0.3080871105194092,0.5263685584068298,-0.15311047434806824
866,LEFT_ELBOW,0.40838009119033813,0.30058032274246216,-0.005548111163079739
866,RIGHT_ELBOW,0.40543729066848755,0.5524864196777344,-0.14977417886257172
866,LEFT_WRIST,0.49383920431137085,0.29082155227661133,-0.06918534636497498
866,RIGHT_WRIST,0.48960596323013306,0.5519595742225647,-0.24753375351428986
866,LEFT_PINKY,0.5240135192871094,0.27802976965904236,-0.09275319427251816
866,RIGHT_PINKY,0.5206646919250488,0.5591803789138794,-0.2845679819583893
866,LEFT_INDEX,0.524980902671814,0.2896263301372528,-0.1350691020488739
866,RIGHT_INDEX,0.5181546211242676,0.5371705889701843,-0.3127143979072571
866,LEFT_THUMB,0.5165053009986877,0.29754015803337097,-0.08598820865154266
866,RIGHT_THUMB,0.5099608302116394,0.5287743210792542,-0.2613479495048523
866,LEFT_HIP,0.49940282106399536,0.3569449186325073,0.0290079228579998
866,RIGHT_HIP,0.49945536255836487,0.47936421632766724,-0.029195070266723633
866,LEFT_KNEE,0.6313437819480896,0.36068373918533325,0.06535501778125763
866,RIGHT_KNEE,0.6364827156066895,0.4820718467235565,0.02721264399588108
866,LEFT_ANKLE,0.7374851703643799,0.38495373725891113,0.31715118885040283
866,RIGHT_ANKLE,0.7338057160377502,0.4745101034641266,0.2644946873188019
866,LEFT_HEEL,0.7517611980438232,0.40436241030693054,0.335785448551178
866,RIGHT_HEEL,0.7459022402763367,0.46703481674194336,0.2815513014793396
866,LEFT_FOOT_INDEX,0.7896125912666321,0.3300510346889496,0.2264571189880371
866,RIGHT_FOOT_INDEX,0.7888072729110718,0.4833233654499054,0.15416878461837769
900,NOSE,0.22931993007659912,0.4098970293998718,-0.310180127620697
900,LEFT_EYE_INNER,0.2162192314863205,0.39937901496887207,-0.29195764660835266
900,LEFT_EYE,0.21622805297374725,0.3909769356250763,-0.29194650053977966
900,LEFT_EYE_OUTER,0.21630313992500305,0.3832968473434448,-0.29191914200782776
900,RIGHT_EYE_INNER,0.21618321537971497,0.4260244071483612,-0.2965009808540344
900,RIGHT_EYE,0.2165183126926422,0.4371330738067627,-0.2964795231819153
900,RIGHT_EYE_OUTER,0.21695776283740997,0.447094589471817,-0.2964614927768707
900,LEFT_EAR,0.22128787636756897,0.3766786456108093,-0.168319433927536
900,RIGHT_EAR,0.22381138801574707,0.4644288718700409,-0.19411540031433105
900,MOUTH_LEFT,0.2445203959941864,0.3981705904006958,-0.2630816102027893
900,MOUTH_RIGHT,0.24488027393817902,0.42904332280158997,-0.2700819969177246
900,LEFT_SHOULDER,0.3087772727012634,0.3140590786933899,-0.08395063132047653
900,RIGHT_SHOULDER,0.3079322278499603,0.5262870192527771,-0.14871951937675476
900,LEFT_ELBOW,0.4084342122077942,0.3004031479358673,-0.0003870314685627818
900,RIGHT_ELBOW,0.40490061044692993,0.552461564540863,-0.14649368822574615
900,LEFT_WRIST,0.49395161867141724,0.29083022475242615,-0.066941037774086
900,RIGHT_WRIST,0.48890772461891174,0.5523734092712402,-0.24460594356060028
900,LEFT_PINKY,0.5240718722343445,0.27803733944892883,-0.09073369950056076
900,RIGHT_PINKY,0.5202628374099731,0.5599032640457153,-0.28200405836105347
900,LEFT_INDEX,0.5250354409217834,0.28965479135513306,-0.13363750278949738
900,RIGHT_INDEX,0.5178824663162231,0.5381425023078918,-0.3103603720664978
900,LEFT_THUMB,0.5165706276893616,0.2975669503211975,-0.08413960039615631
900,RIGHT_THUMB,0.509638249874115,0.5295301675796509,-0.2585422694683075
900,LEFT_HIP,0.49933451414108276,0.35708820819854736,0.029169002547860146
900,RIGHT_HIP,0.499356210231781,0.4795793890953064,-0.02935648523271084
900,LEFT_KNEE,0.6312904357910156,0.3609980642795563,0.06540314853191376
900,RIGHT_KNEE,0.6364029049873352,0.4827306866645813,0.02403537929058075
900,LEFT_ANKLE,0.7374098300933838,0.38507992029190063,0.31546351313591003
900,RIGHT_ANKLE,0.7338108420372009,0.47471755743026733,0.2608589231967926
900,LEFT_HEEL,0.7517452239990234,0.4044340252876282,0.3337070643901825
900,RIGHT_HEEL,0.7459068894386292,0.4670555889606476,0.27770930528640747
900,LEFT_FOOT_INDEX,0.789530873298645,0.3301365375518799,0.2234732210636139
900,RIGHT_FOOT_INDEX,0.7888088226318359,0.4833493232727051,0.14836394786834717
933,NOSE,0.2293180227279663,0.40996602177619934,-0.3104545772075653
933,LEFT_EYE_INNER,0.2162189781665802,0.3994705080986023,-0.29168951511383057
933,LEFT_EYE,0.2162284404039383,0.3910811245441437,-0.29168131947517395
933,LEFT_EYE_OUTER,0.21630389988422394,0.38336554169654846,-0.29165372252464294
933,RIGHT_EYE_INNER,0.21618035435676575,0.4260660409927368,-0.2965286374092102
933,RIGHT_EYE,0.21651577949523926,0.43714985251426697,-0.29650789499282837
933,RIGHT_EYE_OUTER,0.2169562578201294,0.44710350036621094,-0.296491801738739
933,LEFT_EAR,0.22129003703594208,0.3767091929912567,-0.16536463797092438
933,RIGHT_EAR,0.22380587458610535,0.4644308388233185,-0.19251804053783417
933,MOUTH_LEFT,0.2445201873779297,0.3982532024383545,-0.2624964416027069
933,MOUTH_RIGHT,0.24488124251365662,0.42905405163764954,-0.26986467838287354
933,LEFT_SHOULDER,0.30887821316719055,0.3140287399291992,-0.07697774469852448
933,RIGHT_SHOULDER,0.30779024958610535,0.5261862277984619,-0.14732596278190613
933,LEFT_ELBOW,0.408478319644928,0.300340861082077,0.0064685530960559845
933,RIGHT_ELBOW,0.4045596718788147,0.5524362921714783,-0.14483103156089783
933,LEFT_WRIST,0.4940630793571472,0.290863573551178,-0.06649135798215866
933,RIGHT_WRIST,0.4885810911655426,0.552720844745636,-0.2443699836730957
933,LEFT_PINKY,0.5241360664367676,0.2780352532863617,-0.09069009870290756
933,RIGHT_PINKY,0.5200752019882202,0.5604624152183533,-0.28249257802963257
933,LEFT_INDEX,0.525088369846344,0.28965693712234497,-0.13376900553703308
933,RIGHT_INDEX,0.5177983045578003,0.5389025211334229,-0.31130102276802063
933,LEFT_THUMB,0.5166317224502563,0.2975688576698303,-0.08400908857584
933,RIGHT_THUMB,0.5095523595809937,0.5301523208618164,-0.25852128863334656
933,LEFT_HIP,0.4991927146911621,0.3572433888912201,0.030048299580812454
933,RIGHT_HIP,0.4992345869541168,0.4796814024448395,-0.030221745371818542
933,LEFT_KNEE,0.6312926411628723,0.36129844188690186,0.06555557250976562
933,RIGHT_KNEE,0.6364017724990845,0.4829443097114563,0.018922172486782074
933,LEFT_ANKLE,0.7373263239860535,0.3852173984050751,0.3168239891529083
933,RIGHT_ANKLE,0.7338122725486755,0.4747220277786255,0.2579399645328522
933,LEFT_HEEL,0.751670241355896,0.404554545879364,0.33516305685043335
933,RIGHT_HEEL,0.7458949685096741,0.46705615520477295,0.27485379576683044
933,LEFT_FOOT_INDEX,0.789490818977356,0.33024588227272034,0.22373013198375702
933,RIGHT_FOOT_INDEX,0.7888487577438354,0.4831445515155792,0.14244337379932404
966,NOSE,0.22934465110301971,0.4100104570388794,-0.3048076927661896
966,LEFT_EYE_INNER,0.21623480319976807,0.39952823519706726,-0.28595155477523804
966,LEFT_EYE,0.21624425053596497,0.3911449909210205,-0.2859463095664978
966,LEFT_EYE_OUTER,0.2163200080394745,0.3834063708782196,-0.28592127561569214
966,RIGHT_EYE_INNER,0.21619637310504913,0.42608943581581116,-0.29083484411239624
966,RIGHT_EYE,0.21653378009796143,0.43715745210647583,-0.2908129096031189
966,RIGHT_EYE_OUTER,0.21697358787059784,0.4471132457256317,-0.2907952070236206
966,LEFT_EAR,0.22131116688251495,0.37673497200012207,-0.16000865399837494
966,RIGHT_EAR,0.22381901741027832,0.464422345161438,-0.18729661405086517
966,MOUTH_LEFT,0.2445535659790039,0.39830923080444336,-0.2569313943386078
966,MOUTH_RIGHT,0.24492809176445007,0.4290594756603241,-0.2643372714519501
966,LEFT_SHOULDER,0.3089950382709503,0.31398236751556396,-0.07188759744167328
966,RIGHT_SHOULDER,0.30768507719039917,0.5260500907897949,-0.14317655563354492
966,LEFT_ELBOW,0.40850916504859924,0.30030518770217896,0.011586396023631096
966,RIGHT_ELBOW,0.4044550955295563,0.5524081587791443,-0.13779041171073914
966,LEFT_WRIST,0.49411001801490784,0.29092690348625183,-0.0635535717010498
966,RIGHT_WRIST,0.488463819026947,0.5529751777648926,-0.23292836546897888
966,LEFT_PINKY,0.5241669416427612,0.27803489565849304,-0.08841802179813385
966,RIGHT_PINKY,0.5200235247612,0.56090247631073,-0.2707318067550659
966,LEFT_INDEX,0.5251058340072632,0.28965699672698975,-0.13222621381282806
966,RIGHT_INDEX,0.5177876353263855,0.5394443273544312,-0.29977473616600037
966,LEFT_THUMB,0.516653835773468,0.2975699305534363,-0.08155015856027603
966,RIGHT_THUMB,0.5095490217208862,0.5305894017219543,-0.24706892669200897
966,LEFT_HIP,0.4990817904472351,0.3574385344982147,0.03028590977191925
966,RIGHT_HIP,0.49913421273231506,0.47977444529533386,-0.03045285865664482
966,LEFT_KNEE,0.631287693977356,0.3615860342979431,0.06277549266815186
966,RIGHT_KNEE,0.636401355266571,0.48307859897613525,0.015051139518618584
966,LEFT_ANKLE,0.7372872233390808,0.38529980182647705,0.3124917149543762
966,RIGHT_ANKLE,0.7338269948959351,0.47462794184684753,0.2524699568748474
966,LEFT_HEEL,0.7516434192657471,0.40458598732948303,0.3306162655353546
966,RIGHT_HEEL,0.7458978891372681,0.46696561574935913,0.2691459357738495
966,LEFT_FOOT_INDEX,0.7894822359085083,0.3302726447582245,0.21881623566150665
966,RIGHT_FOOT_INDEX,0.7889043688774109,0.4827679991722107,0.13654980063438416
1000,NOSE,0.22937636077404022,0.4100166857242584,-0.2943055331707001
1000,LEFT_EYE_INNER,0.21625220775604248,0.399538516998291,-0.27560028433799744
1000,LEFT_EYE,0.21625873446464539,0.3911544680595398,-0.27559658885002136
1000,LEFT_EYE_OUTER,0.2163320779800415,0.3834119439125061,-0.27557486295700073
1000,RIGHT_EYE_INNER,0.21622228622436523,0.4260956346988678,-0.2805097997188568
1000,RIGHT_EYE,0.21656537055969238,0.43715885281562805,-0.28048577904701233
1000,RIGHT_EYE_OUTER,0.21700474619865417,0.4471067786216736,-0.2804640233516693
1000,LEFT_EAR,0.22132062911987305,0.37673160433769226,-0.15170800685882568
1000,RIGHT_EAR,0.2238563597202301,0.4643844664096832,-0.17914152145385742
1000,MOUTH_LEFT,0.24459436535835266,0.39832425117492676,-0.24722722172737122
1000,MOUTH_RIGHT,0.24499833583831787,0.42898979783058167,-0.2546796202659607
1000,LEFT_SHOULDER,0.30911606550216675,0.3139197528362274,-0.06706969439983368
1000,RIGHT_SHOULDER,0.307626873254776,0.5259270071983337,-0.13705354928970337
1000,LEFT_ELBOW,0.40852785110473633,0.3002922832965851,0.014952567405998707
1000,RIGHT_ELBOW,0.40428638458251953,0.5523903965950012,-0.13190427422523499
1000,LEFT_WRIST,0.49414199590682983,0.29099199175834656,-0.05953262373805046
1000,RIGHT_WRIST,0.48831868171691895,0.553296685218811,-0.22480759024620056
1000,LEFT_PINKY,0.5241954326629639,0.27803272008895874,-0.08472821116447449
1000,RIGHT_PINKY,0.5199229121208191,0.5614021420478821,-0.26217323541641235
1000,LEFT_INDEX,0.5251193046569824,0.2896547317504883,-0.1284988522529602
1000,RIGHT_INDEX,0.5177481174468994,0.5400555729866028,-0.29053378105163574
1000,LEFT_THUMB,0.5166667103767395,0.29756981134414673,-0.07756253331899643
1000,RIGHT_THUMB,0.5095282793045044,0.5311639904975891,-0.23867718875408173
1000,LEFT_HIP,0.4989153742790222,0.3575235605239868,0.03033449687063694
1000,RIGHT_HIP,0.49902772903442383,0.47978731989860535,-0.03050273098051548
1000,LEFT_KNEE,0.6313183307647705,0.3618525266647339,0.056520603597164154
1000,RIGHT_KNEE,0.6364552974700928,0.4831770658493042,0.01213239599019289
1000,LEFT_ANKLE,0.7372402548789978,0.38534116744995117,0.3075041174888611
1000,RIGHT_ANKLE,0.7337844371795654,0.47440803050994873,0.24946478009223938
1000,LEFT_HEEL,0.7515586018562317,0.40459272265434265,0.3259173035621643
1000,RIGHT_HEEL,0.7457610368728638,0.4667774736881256,0.26624172925949097
1000,LEFT_FOOT_INDEX,0.7894749045372009,0.3302973210811615,0.21517141163349152
1000,RIGHT_FOOT_INDEX,0.7889052629470825,0.482419490814209,0.1346355378627777
1033,NOSE,0.22943393886089325,0.41002270579338074,-0.29081371426582336
1033,LEFT_EYE_INNER,0.2162822037935257,0.39954695105552673,-0.2722313106060028
1033,LEFT_EYE,0.21628542244434357,0.39116236567497253,-0.2722269594669342
1033,LEFT_EYE_OUTER,0.21635647118091583,0.38341692090034485,-0.27220475673675537
1033,RIGHT_EYE_INNER,0.21626237034797668,0.42609867453575134,-0.2773163318634033
1033,RIGHT_EYE,0.21661269664764404,0.4371558427810669,-0.2772923409938812
1033,RIGHT_EYE_OUTER,0.21705162525177002,0.44709670543670654,-0.27727043628692627
1033,LEFT_EAR,0.22135218977928162,0.3767261803150177,-0.14858172833919525
1033,RIGHT_EAR,0.22392277419567108,0.46435829997062683,-0.1767706573009491
1033,MOUTH_LEFT,0.2446647435426712,0.3983369469642639,-0.2437230795621872
1033,MOUTH_RIGHT,0.24508731067180634,0.4289303719997406,-0.25140348076820374
1033,LEFT_SHOULDER,0.30917033553123474,0.31390222907066345,-0.06346183270215988
1033,RIGHT_SHOULDER,0.3075609803199768,0.525734007358551,-0.13554857671260834
1033,LEFT_ELBOW,0.40850481390953064,0.3003201484680176,0.01865793764591217
1033,RIGHT_ELBOW,0.4041604995727539,0.5523349046707153,-0.1304992437362671
1033,LEFT_WRIST,0.49415573477745056,0.29109951853752136,-0.055044181644916534
1033,RIGHT_WRIST,0.4881255626678467,0.5535452365875244,-0.22205102443695068
1033,LEFT_PINKY,0.5242136716842651,0.2780351936817169,-0.08020754903554916
1033,RIGHT_PINKY,0.5197703242301941,0.5616970658302307,-0.25921905040740967
1033,LEFT_INDEX,0.525128960609436,0.2896285057067871,-0.12387444078922272
1033,RIGHT_INDEX,0.5176660418510437,0.540440022945404,-0.2874116003513336
1033,LEFT_THUMB,0.5166744589805603,0.29755184054374695,-0.07307396084070206
1033,RIGHT_THUMB,0.5094714760780334,0.5316007137298584,-0.23579660058021545
1033,LEFT_HIP,0.4985632002353668,0.35766342282295227,0.030644502490758896
1033,RIGHT_HIP,0.4987122118473053,0.47979968786239624,-0.03081173077225685
1033,LEFT_KNEE,0.6313189268112183,0.36201825737953186,0.05484207347035408
1033,RIGHT_KNEE,0.6364606022834778,0.48319143056869507,0.009746324270963669
1033,LEFT_ANKLE,0.7372058033943176,0.38543298840522766,0.3043878972530365
1033,RIGHT_ANKLE,0.7337411046028137,0.4743766784667969,0.2450779676437378
1033,LEFT_HEEL,0.7515268921852112,0.40461137890815735,0.3226977288722992
1033,RIGHT_HEEL,0.7456431984901428,0.466766357421875,0.26169297099113464
1033,LEFT_FOOT_INDEX,0.78946852684021,0.3303745985031128,0.2123837172985077
1033,RIGHT_FOOT_INDEX,0.7889068126678467,0.4821614623069763,0.13032372295856476
1066,NOSE,0.2295387238264084,0.4099322557449341,-0.291283518075943
1066,LEFT_EYE_INNER,0.21635708212852478,0.39947497844696045,-0.2735462784767151
1066,LEFT_EYE,0.21635177731513977,0.3910748362541199,-0.27353838086128235
1066,LEFT_EYE_OUTER,0.2164178192615509,0.38333532214164734,-0.27351391315460205
1066,RIGHT_EYE_INNER,0.21634605526924133,0.4259653687477112,-0.27804985642433167
1066,RIGHT_EYE,0.21669790148735046,0.43700850009918213,-0.2780274450778961
1066,RIGHT_EYE_OUTER,0.21712371706962585,0.446951687335968,-0.2780134975910187
1066,LEFT_EAR,0.22142986953258514,0.37661057710647583,-0.15248540043830872
1066,RIGHT_EAR,0.22399382293224335,0.4642327129840851,-0.18015947937965393
1066,MOUTH_LEFT,0.24478915333747864,0.3982970714569092,-0.24578805267810822
1066,MOUTH_RIGHT,0.24520662426948547,0.4286721646785736,-0.2527996599674225
1066,LEFT_SHOULDER,0.309259831905365,0.31387069821357727,-0.06551692634820938
1066,RIGHT_SHOULDER,0.3074967563152313,0.5255209803581238,-0.1381681114435196
1066,LEFT_ELBOW,0.4085449278354645,0.30040472745895386,0.018324196338653564
1066,RIGHT_ELBOW,0.4040381908416748,0.5522854924201965,-0.1328320950269699
1066,LEFT_WRIST,0.494220495223999,0.2912232279777527,-0.05583065748214722
1066,RIGHT_WRIST,0.4880455434322357,0.5537504553794861,-0.2269647866487503
1066,LEFT_PINKY,0.5242811441421509,0.27804034948349,-0.08044848591089249
1066,RIGHT_PINKY,0.5196391940116882,0.5619372129440308,-0.2664749026298523
1066,LEFT_INDEX,0.5251763463020325,0.2895931005477905,-0.12508341670036316
1066,RIGHT_INDEX,0.5176213383674622,0.5407621264457703,-0.2955508530139923
1066,LEFT_THUMB,0.5167182683944702,0.29752346873283386,-0.07339172810316086
1066,RIGHT_THUMB,0.5094500780105591,0.5319545269012451,-0.24129131436347961
1066,LEFT_HIP,0.4982973039150238,0.35767826437950134,0.031389880925416946
1066,RIGHT_HIP,0.4984773099422455,0.47975704073905945,-0.03154858201742172
1066,LEFT_KNEE,0.6313199400901794,0.3621053397655487,0.05616220086812973
1066,RIGHT_KNEE,0.6364608407020569,0.48319578170776367,0.009277568198740482
1066,LEFT_ANKLE,0.737182080745697,0.38553586602211,0.3061402440071106
1066,RIGHT_ANKLE,0.7336052060127258,0.47421517968177795,0.24754610657691956
1066,LEFT_HEEL,0.7514761686325073,0.4046177268028259,0.3244439661502838
1066,RIGHT_HEEL,0.7454358339309692,0.4666674733161926,0.26439574360847473
1066,LEFT_FOOT_INDEX,0.7894715070724487,0.3304205536842346,0.2147264927625656
1066,RIGHT_FOOT_INDEX,0.7888809442520142,0.48206236958503723,0.13151219487190247
1100,NOSE,0.2297559678554535,0.4097742438316345,-0.2934975028038025
1100,LEFT_EYE_INNER,0.2165277749300003,0.3993137776851654,-0.276293009519577
1100,LEFT_EYE,0.21651044487953186,0.3909018337726593,-0.27628546953201294
1100,LEFT_EYE_OUTER,0.2165723294019699,0.38319218158721924,-0.27626192569732666
1100,RIGHT_EYE_INNER,0.21650591492652893,0.42566126585006714,-0.28108087182044983
1100,RIGHT_EYE,0.21684439480304718,0.43668437004089355,-0.28105974197387695
1100,RIGHT_EYE_OUTER,0.2172396183013916,0.4466785788536072,-0.28105273842811584
1100,LEFT_EAR,0.22167424857616425,0.376412570476532,-0.15466752648353577
1100,RIGHT_EAR,0.22413356602191925,0.4640100598335266,-0.18291668593883514
1100,MOUTH_LEFT,0.24503636360168457,0.3982304036617279,-0.2484399825334549
1100,MOUTH_RIGHT,0.2454199492931366,0.42834630608558655,-0.25570231676101685
1100,LEFT_SHOULDER,0.3093965947628021,0.31382936239242554,-0.06570632755756378
1100,RIGHT_SHOULDER,0.30745869874954224,0.5253612995147705,-0.1398223340511322
1100,LEFT_ELBOW,0.4085499346256256,0.3004307746887207,0.018623333424329758
1100,RIGHT_ELBOW,0.40380364656448364,0.5523406863212585,-0.13536854088306427
1100,LEFT_WRIST,0.49458175897598267,0.2912203371524811,-0.05655180290341377
1100,RIGHT_WRIST,0.48799604177474976,0.5541053414344788,-0.2276591807603836
1100,LEFT_PINKY,0.5244787931442261,0.2778189480304718,-0.08102649450302124
1100,RIGHT_PINKY,0.5195611715316772,0.5624200105667114,-0.2673022747039795
1100,LEFT_INDEX,0.5253182649612427,0.2894152104854584,-0.12548384070396423
1100,RIGHT_INDEX,0.5176180005073547,0.5414043664932251,-0.29685965180397034
1100,LEFT_THUMB,0.5168960690498352,0.2973650097846985,-0.07401822507381439
1100,RIGHT_THUMB,0.5094468593597412,0.5327178239822388,-0.24167540669441223
1100,LEFT_HIP,0.49784350395202637,0.3576899766921997,0.031947456300258636
1100,RIGHT_HIP,0.49808841943740845,0.4796619415283203,-0.03209672123193741
1100,LEFT_KNEE,0.6311923265457153,0.362113356590271,0.05675319954752922
1100,RIGHT_KNEE,0.6364442110061646,0.48315197229385376,0.007587415631860495
1100,LEFT_ANKLE,0.7371758222579956,0.3855588138103485,0.3063211739063263
1100,RIGHT_ANKLE,0.733460009098053,0.4739835858345032,0.24251914024353027
1100,LEFT_HEEL,0.7514529824256897,0.40460142493247986,0.32435885071754456
1100,RIGHT_HEEL,0.7452868223190308,0.46661821007728577,0.25889724493026733
1100,LEFT_FOOT_INDEX,0.7894750833511353,0.33045369386672974,0.21268396079540253
1100,RIGHT_FOOT_INDEX,0.7888752222061157,0.4817621111869812,0.12458652257919312
1133,NOSE,0.23000311851501465,0.4096582531929016,-0.3006829619407654
1133,LEFT_EYE_INNER,0.21671421825885773,0.3991875946521759,-0.28166449069976807
1133,LEFT_EYE,0.2166861742734909,0.3907545804977417,-0.281659871339798
1133,LEFT_EYE_OUTER,0.2167462557554245,0.38306158781051636,-0.2816334664821625
1133,RIGHT_EYE_INNER,0.21667543053627014,0.42540207505226135,-0.2865367829799652
1133,RIGHT_EYE,0.21699778735637665,0.43639370799064636,-0.2865144908428192
1133,RIGHT_EYE_OUTER,0.21736028790473938,0.44641587138175964,-0.28649982810020447
1133,LEFT_EAR,0.22192847728729248,0.37619560956954956,-0.15559914708137512
1133,RIGHT_EAR,0.22426161170005798,0.46378615498542786,-0.18397727608680725
1133,MOUTH_LEFT,0.24527819454669952,0.39817681908607483,-0.2523232400417328
1133,MOUTH_RIGHT,0.2456137239933014,0.4281211495399475,-0.2597993314266205
1133,LEFT_SHOULDER,0.30954843759536743,0.31372499465942383,-0.06606490910053253
1133,RIGHT_SHOULDER,0.3074243664741516,0.5252161026000977,-0.14088216423988342
1133,LEFT_ELBOW,0.4085937440395355,0.3003975450992584,0.01847752556204796
1133,RIGHT_ELBOW,0.40363162755966187,0.5524299144744873,-0.13598203659057617
1133,LEFT_WRIST,0.49480852484703064,0.2911736071109772,-0.05878567695617676
1133,RIGHT_WRIST,0.4879821240901947,0.5546641945838928,-0.24058935046195984
1133,LEFT_PINKY,0.5246483087539673,0.277559757232666,-0.08476796001195908
1133,RIGHT_PINKY,0.5194846987724304,0.5632640719413757,-0.2813348174095154
1133,LEFT_INDEX,0.5254393815994263,0.2891673147678375,-0.13052722811698914
1133,RIGHT_INDEX,0.5176137685775757,0.5423505902290344,-0.31139999628067017
1133,LEFT_THUMB,0.5170645117759705,0.29710400104522705,-0.07725699245929718
1133,RIGHT_THUMB,0.5094445943832397,0.5338300466537476,-0.25528302788734436
1133,LEFT_HIP,0.4976852834224701,0.35770416259765625,0.03253787010908127
1133,RIGHT_HIP,0.4979051649570465,0.4796173572540283,-0.032679878175258636
1133,LEFT_KNEE,0.6311026811599731,0.3621179461479187,0.05750002712011337
1133,RIGHT_KNEE,0.6364275217056274,0.4831155240535736,0.008366068825125694
1133,LEFT_ANKLE,0.7371431589126587,0.38559702038764954,0.31085318326950073
1133,RIGHT_ANKLE,0.7330933809280396,0.473929226398468,0.2443578690290451
1133,LEFT_HEEL,0.7514363527297974,0.40460264682769775,0.3290769159793854
1133,RIGHT_HEEL,0.7448498606681824,0.4666084349155426,0.2608688473701477
1133,LEFT_FOOT_INDEX,0.7894750833511353,0.33063632249832153,0.21373805403709412
1133,RIGHT_FOOT_INDEX,0.7887399196624756,0.4817366302013397,0.12803241610527039
1166,NOSE,0.2303505390882492,0.40936005115509033,-0.3186766803264618
1166,LEFT_EYE_INNER,0.21695637702941895,0.398863822221756,-0.29831477999687195
1166,LEFT_EYE,0.21691767871379852,0.3904029130935669,-0.2983124852180481
1166,LEFT_EYE_OUTER,0.21697261929512024,0.3827933073043823,-0.29828596115112305
1166,RIGHT_EYE_INNER,0.21689851582050323,0.42495718598365784,-0.3036866784095764
1166,RIGHT_EYE,0.21719925105571747,0.4359411895275116,-0.30366751551628113
1166,RIGHT_EYE_OUTER,0.21752867102622986,0.4460216462612152,-0.30364975333213806
1166,LEFT_EAR,0.22220277786254883,0.37588849663734436,-0.16265329718589783
1166,RIGHT_EAR,0.2244112491607666,0.46352607011795044,-0.19268669188022614
1166,MOUTH_LEFT,0.24555906653404236,0.3980054259300232,-0.26682379841804504
1166,MOUTH_RIGHT,0.24584245681762695,0.4277391731739044,-0.2750135064125061
1166,LEFT_SHOULDER,0.3096381723880768,0.3135903477668762,-0.06679653376340866
1166,RIGHT_SHOULDER,0.307325541973114,0.5249371528625488,-0.14339131116867065
1166,LEFT_ELBOW,0.40873855352401733,0.3002498745918274,0.018384380266070366
1166,RIGHT_ELBOW,0.40337562561035156,0.5524579882621765,-0.14167504012584686
1166,LEFT_WRIST,0.49507108330726624,0.29114577174186707,-0.064952552318573
1166,RIGHT_WRIST,0.4879380166530609,0.5550157427787781,-0.25538748502731323
1166,LEFT_PINKY,0.524793803691864,0.27738049626350403,-0.09254167228937149
1166,RIGHT_PINKY,0.5192750096321106,0.5638768672943115,-0.2967478632926941
1166,LEFT_INDEX,0.5255566835403442,0.2889595627784729,-0.1395624727010727
1166,RIGHT_INDEX,0.5175524950027466,0.5429678559303284,-0.3279460072517395
1166,LEFT_THUMB,0.517231822013855,0.2969001233577728,-0.0845143273472786
1166,RIGHT_THUMB,0.5094164609909058,0.534509003162384,-0.2706472873687744
1166,LEFT_HIP,0.49745941162109375,0.357715904712677,0.03359774500131607
1166,RIGHT_HIP,0.49747252464294434,0.4795595705509186,-0.03372516483068466
1166,LEFT_KNEE,0.6309343576431274,0.362093985080719,0.05840215086936951
1166,RIGHT_KNEE,0.6363433599472046,0.4830319285392761,0.007612937595695257
1166,LEFT_ANKLE,0.7371344566345215,0.3856067657470703,0.31542372703552246
1166,RIGHT_ANKLE,0.7328536510467529,0.4738772213459015,0.24604296684265137
1166,LEFT_HEEL,0.7514399886131287,0.4045787751674652,0.333652138710022
1166,RIGHT_HEEL,0.7446099519729614,0.4665977358818054,0.2627057731151581
1166,LEFT_FOOT_INDEX,0.789475679397583,0.33082085847854614,0.21388988196849823
1166,RIGHT_FOOT_INDEX,0.7885752320289612,0.4816364347934723,0.12787571549415588
1200,NOSE,0.23084528744220734,0.4088507294654846,-0.33646315336227417
1200,LEFT_EYE_INNER,0.21730001270771027,0.3983714282512665,-0.31587982177734375
1200,LEFT_EYE,0.21725702285766602,0.3898790180683136,-0.31587666273117065
1200,LEFT_EYE_OUTER,0.2173149138689041,0.38240793347358704,-0.3158521056175232
1200,RIGHT_EYE_INNER,0.21721115708351135,0.4242645800113678,-0.3215450048446655
1200,RIGHT_EYE,0.21748340129852295,0.43521642684936523,-0.32152944803237915
1200,RIGHT_EYE_OUTER,0.21779541671276093,0.4454006552696228,-0.32150959968566895
1200,LEFT_EAR,0.22259041666984558,0.37549933791160583,-0.1760435849428177
1200,RIGHT_EAR,0.22463901340961456,0.4631282389163971,-0.2072811871767044
1200,MOUTH_LEFT,0.24592313170433044,0.3976782560348511,-0.2830520272254944
1200,MOUTH_RIGHT,0.24613726139068604,0.4271140992641449,-0.29163098335266113
1200,LEFT_SHOULDER,0.309702605009079,0.31335681676864624,-0.07055804878473282
1200,RIGHT_SHOULDER,0.30720776319503784,0.5245851874351501,-0.15118341147899628
1200,LEFT_ELBOW,0.409066766500473,0.29989826679229736,0.017284296452999115
1200,RIGHT_ELBOW,0.4032058119773865,0.5524111986160278,-0.14641296863555908
1200,LEFT_WRIST,0.49554330110549927,0.29110902547836304,-0.07465606182813644
1200,RIGHT_WRIST,0.48794636130332947,0.5551807880401611,-0.2611355185508728
1200,LEFT_PINKY,0.5250175595283508,0.27722805738449097,-0.10320339351892471
1200,RIGHT_PINKY,0.5191546678543091,0.5642538666725159,-0.3023122251033783
1200,LEFT_INDEX,0.5257681608200073,0.2887668311595917,-0.1507338285446167
1200,RIGHT_INDEX,0.5175396203994751,0.5433763861656189,-0.3344382643699646
1200,LEFT_THUMB,0.5175154805183411,0.2967107892036438,-0.09473929554224014
1200,RIGHT_THUMB,0.5094207525253296,0.5349333882331848,-0.27667316794395447
1200,LEFT_HIP,0.4971674382686615,0.3577226400375366,0.033967532217502594
1200,RIGHT_HIP,0.4967811703681946,0.4795035123825073,-0.03408581390976906
1200,LEFT_KNEE,0.6308276653289795,0.3620721995830536,0.058461446315050125
1200,RIGHT_KNEE,0.6361957788467407,0.4829777181148529,0.006016120780259371
1200,LEFT_ANKLE,0.7371276617050171,0.3856194019317627,0.31789812445640564
1200,RIGHT_ANKLE,0.7327131032943726,0.4738365113735199,0.24703450500965118
1200,LEFT_HEEL,0.7514406442642212,0.40454891324043274,0.33633774518966675
1200,RIGHT_HEEL,0.7444561123847961,0.46657952666282654,0.2637450098991394
1200,LEFT_FOOT_INDEX,0.7894740700721741,0.33132821321487427,0.21478745341300964
1200,RIGHT_FOOT_INDEX,0.7885118722915649,0.48146316409111023,0.1269271820783615
1233,NOSE,0.2312815636396408,0.4082900881767273,-0.33767202496528625
1233,LEFT_EYE_INNER,0.21762457489967346,0.3978350758552551,-0.31707876920700073
1233,LEFT_EYE,0.21758034825325012,0.3893299996852875,-0.31707900762557983
1233,LEFT_EYE_OUTER,0.21764233708381653,0.38199514150619507,-0.3170563876628876
1233,RIGHT_EYE_INNER,0.21750685572624207,0.4235973358154297,-0.32265931367874146
1233,RIGHT_EYE,0.2177528440952301,0.43451768159866333,-0.32264313101768494
1233,RIGHT_EYE_OUTER,0.2180567979812622,0.44481104612350464,-0.32262367010116577
1233,LEFT_EAR,0.22295522689819336,0.3751724660396576,-0.1776166707277298
1233,RIGHT_EAR,0.2248697280883789,0.4627648591995239,-0.20829305052757263
1233,MOUTH_LEFT,0.24621865153312683,0.3972990810871124,-0.2844296097755432
1233,MOUTH_RIGHT,0.24638493359088898,0.42654481530189514,-0.2928377389907837
1233,LEFT_SHOULDER,0.3097628951072693,0.31318968534469604,-0.07145838439464569
1233,RIGHT_SHOULDER,0.30717161297798157,0.5243311524391174,-0.15141090750694275
1233,LEFT_ELBOW,0.40936970710754395,0.29963284730911255,0.01659167930483818
1233,RIGHT_ELBOW,0.40319567918777466,0.5520915985107422,-0.14617273211479187
1233,LEFT_WRIST,0.4959138333797455,0.29110604524612427,-0.07968012243509293
1233,RIGHT_WRIST,0.4881040155887604,0.5554690361022949,-0.25891783833503723
1233,LEFT_PINKY,0.5252195596694946,0.27718695998191833,-0.10869058221578598
1233,RIGHT_PINKY,0.5191489458084106,0.5648889541625977,-0.29971373081207275
1233,LEFT_INDEX,0.5259668827056885,0.28867533802986145,-0.1559111326932907
1233,RIGHT_INDEX,0.517544686794281,0.5440841317176819,-0.33180516958236694
1233,LEFT_THUMB,0.5177602767944336,0.29663804173469543,-0.099793940782547
1233,RIGHT_THUMB,0.5094866156578064,0.5356265306472778,-0.27437272667884827
1233,LEFT_HIP,0.49700427055358887,0.35768982768058777,0.03395466133952141
1233,RIGHT_HIP,0.49641281366348267,0.4794258177280426,-0.03407033905386925
1233,LEFT_KNEE,0.6308125257492065,0.3620437979698181,0.05606745928525925
1233,RIGHT_KNEE,0.6359938979148865,0.48289066553115845,0.0050909449346363544
1233,LEFT_ANKLE,0.737125813961029,0.38561055064201355,0.31788745522499084
1233,RIGHT_ANKLE,0.7326722145080566,0.47383201122283936,0.24770288169384003
1233,LEFT_HEEL,0.7514955401420593,0.40431541204452515,0.33637523651123047
1233,RIGHT_HEEL,0.7444428205490112,0.46657589077949524,0.26444441080093384
1233,LEFT_FOOT_INDEX,0.7894931435585022,0.33190590143203735,0.214814692735672
1233,RIGHT_FOOT_INDEX,0.7885103821754456,0.48127034306526184,0.12631691992282867
1266,NOSE,0.23143677413463593,0.4079686999320984,-0.3346720337867737
1266,LEFT_EYE_INNER,0.2177334576845169,0.3975500464439392,-0.3141571581363678
1266,LEFT_EYE,0.21771013736724854,0.38901185989379883,-0.3141578733921051
1266,LEFT_EYE_OUTER,0.21779289841651917,0.38172176480293274,-0.3141336739063263
1266,RIGHT_EYE_INNER,0.21759147942066193,0.42333754897117615,-0.3195655941963196
1266,RIGHT_EYE,0.21783407032489777,0.43426382541656494,-0.31954923272132874
1266,RIGHT_EYE_OUTER,0.21813011169433594,0.44458451867103577,-0.3195320665836334
1266,LEFT_EAR,0.22315475344657898,0.37495383620262146,-0.17611461877822876
1266,RIGHT_EAR,0.2249472439289093,0.46256446838378906,-0.20625193417072296
1266,MOUTH_LEFT,0.24634142220020294,0.397091805934906,-0.2819967567920685
1266,MOUTH_RIGHT,0.24647215008735657,0.42629119753837585,-0.2901628315448761
1266,LEFT_SHOULDER,0.3097728192806244,0.31308311223983765,-0.07136239856481552
1266,RIGHT_SHOULDER,0.30714961886405945,0.5241203904151917,-0.151281476020813
1266,LEFT_ELBOW,0.4096948504447937,0.2994261384010315,0.016543734818696976
1266,RIGHT_ELBOW,0.40319544076919556,0.5518354177474976,-0.14616376161575317
1266,LEFT_WRIST,0.4961088299751282,0.2910887897014618,-0.08065623790025711
1266,RIGHT_WRIST,0.4881821572780609,0.5558706521987915,-0.258942186832428
1266,LEFT_PINKY,0.5254003405570984,0.2771328091621399,-0.10972623527050018
1266,RIGHT_PINKY,0.5191447138786316,0.5653566718101501,-0.29979220032691956
1266,LEFT_INDEX,0.5261339545249939,0.2885934114456177,-0.1564050018787384
1266,RIGHT_INDEX,0.5175434350967407,0.5444281697273254,-0.3322112560272217
1266,LEFT_THUMB,0.5179561972618103,0.2965628504753113,-0.10057231038808823
1266,RIGHT_THUMB,0.5095083713531494,0.5360400676727295,-0.2745431363582611
1266,LEFT_HIP,0.49700117111206055,0.35768499970436096,0.03412992134690285
1266,RIGHT_HIP,0.49638670682907104,0.479396790266037,-0.034240130335092545
1266,LEFT_KNEE,0.6308368444442749,0.36204129457473755,0.05625457316637039
1266,RIGHT_KNEE,0.6358118653297424,0.48287421464920044,0.005358346737921238
1266,LEFT_ANKLE,0.7371264696121216,0.3856317698955536,0.3181459903717041
1266,RIGHT_ANKLE,0.732654333114624,0.4738862216472626,0.24816128611564636
1266,LEFT_HEEL,0.751545250415802,0.4043096899986267,0.3365563750267029
1266,RIGHT_HEEL,0.7444639205932617,0.46665650606155396,0.2649621367454529
1266,LEFT_FOOT_INDEX,0.7895009517669678,0.33200564980506897,0.2153768539428711
1266,RIGHT_FOOT_INDEX,0.7885092496871948,0.481240451335907,0.12614983320236206
1300,NOSE,0.23150689899921417,0.4076439440250397,-0.332693487405777
1300,LEFT_EYE_INNER,0.21778364479541779,0.39736366271972656,-0.312228798866272
1300,LEFT_EYE,0.21777968108654022,0.38880109786987305,-0.3122302293777466
1300,LEFT_EYE_OUTER,0.217875674366951,0.38153016567230225,-0.3122076094150543
1300,RIGHT_EYE_INNER,0.21761181950569153,0.42316195368766785,-0.3176693022251129
1300,RIGHT_EYE,0.21785405278205872,0.4340743124485016,-0.31765225529670715
1300,RIGHT_EYE_OUTER,0.2181479036808014,0.4443802833557129,-0.31763577461242676
1300,LEFT_EAR,0.22325977683067322,0.3748975098133087,-0.17504289746284485
1300,RIGHT_EAR,0.22496557235717773,0.4624791145324707,-0.20504672825336456
1300,MOUTH_LEFT,0.24637556076049805,0.3969666063785553,-0.28025415539741516
1300,MOUTH_RIGHT,0.2464895248413086,0.426114022731781,-0.2884133458137512
1300,LEFT_SHOULDER,0.3097831606864929,0.3130555748939514,-0.07100949436426163
1300,RIGHT_SHOULDER,0.3071293830871582,0.5239707231521606,-0.15040966868400574
1300,LEFT_ELBOW,0.4099064767360687,0.2990269362926483,0.016369633376598358
1300,RIGHT_ELBOW,0.4031772017478943,0.5518198013305664,-0.143310084939003
1300,LEFT_WRIST,0.49624770879745483,0.2910673916339874,-0.08023665845394135
1300,RIGHT_WRIST,0.488173246383667,0.5562225580215454,-0.2561669945716858
1300,LEFT_PINKY,0.5255979299545288,0.2770843207836151,-0.10923944413661957
1300,RIGHT_PINKY,0.5190750360488892,0.5657579898834229,-0.29719725251197815
1300,LEFT_INDEX,0.5263105034828186,0.28849634528160095,-0.15574809908866882
1300,RIGHT_INDEX,0.5174903869628906,0.5445672273635864,-0.3317715525627136
1300,LEFT_THUMB,0.518128514289856,0.2964763343334198,-0.10008291900157928
1300,RIGHT_THUMB,0.5094823241233826,0.536201536655426,-0.27237173914909363
1300,LEFT_HIP,0.49699631333351135,0.35757192969322205,0.03411877900362015
1300,RIGHT_HIP,0.4963687062263489,0.47934138774871826,-0.034226834774017334
1300,LEFT_KNEE,0.6308370232582092,0.36192283034324646,0.05496711656451225
1300,RIGHT_KNEE,0.6356353759765625,0.4829082489013672,0.004849442280828953
1300,LEFT_ANKLE,0.7371526956558228,0.3856421709060669,0.31759172677993774
1300,RIGHT_ANKLE,0.7326459288597107,0.4739421308040619,0.2484252005815506
1300,LEFT_HEEL,0.751605749130249,0.4042927622795105,0.33602195978164673
1300,RIGHT_HEEL,0.744479775428772,0.46672385931015015,0.26526036858558655
1300,LEFT_FOOT_INDEX,0.7895751595497131,0.3322484493255615,0.21419760584831238
1300,RIGHT_FOOT_INDEX,0.7885934114456177,0.48121631145477295,0.12536074221134186
1333,NOSE,0.23154780268669128,0.4073967933654785,-0.33291807770729065
1333,LEFT_EYE_INNER,0.21782462298870087,0.39707934856414795,-0.3124071955680847
1333,LEFT_EYE,0.21783491969108582,0.3884643614292145,-0.31241336464881897
1333,LEFT_EYE_OUTER,0.2179373800754547,0.38121968507766724,-0.3123931288719177
1333,RIGHT_EYE_INNER,0.21762752532958984,0.42304059863090515,-0.3176022171974182
1333,RIGHT_EYE,0.21787628531455994,0.43397408723831177,-0.31758400797843933
1333,RIGHT_EYE_OUTER,0.21817579865455627,0.44427990913391113,-0.3175686001777649
1333,LEFT_EAR,0.22337332367897034,0.3744761645793915,-0.17504724860191345
1333,RIGHT_EAR,0.225060373544693,0.46245455741882324,-0.20430800318717957
1333,MOUTH_LEFT,0.24639025330543518,0.39676475524902344,-0.2804701030254364
1333,MOUTH_RIGHT,0.2465064823627472,0.42606300115585327,-0.2882414758205414
1333,LEFT_SHOULDER,0.30981355905532837,0.3128625750541687,-0.07226735353469849
1333,RIGHT_SHOULDER,0.307117760181427,0.5239291191101074,-0.1479986011981964
1333,LEFT_ELBOW,0.410036563873291,0.2978486716747284,0.010239127092063427
1333,RIGHT_ELBOW,0.4031745493412018,0.5518225431442261,-0.1349252611398697
1333,LEFT_WRIST,0.4962698817253113,0.291018545627594,-0.0913918986916542
1333,RIGHT_WRIST,0.48817116022109985,0.5570089221000671,-0.24362440407276154
1333,LEFT_PINKY,0.5256906151771545,0.27707794308662415,-0.12174667418003082
1333,RIGHT_PINKY,0.5190708041191101,0.5666982531547546,-0.2831607460975647
1333,LEFT_INDEX,0.5264144539833069,0.2884626090526581,-0.1672876477241516
1333,RIGHT_INDEX,0.5174868106842041,0.5453091859817505,-0.31836628913879395
1333,LEFT_THUMB,0.5182256102561951,0.2964361310005188,-0.11104694753885269
1333,RIGHT_THUMB,0.5094820261001587,0.5371320843696594,-0.2601625323295593
1333,LEFT_HIP,0.4970894753932953,0.3574855327606201,0.033651746809482574
1333,RIGHT_HIP,0.4963662028312683,0.4793400764465332,-0.033746860921382904
1333,LEFT_KNEE,0.6308341026306152,0.3618067800998688,0.05284952372312546
1333,RIGHT_KNEE,0.6353281736373901,0.4829668402671814,0.005078996066004038
1333,LEFT_ANKLE,0.7372362613677979,0.3856521546840668,0.31528860330581665
1333,RIGHT_ANKLE,0.7326234579086304,0.47402453422546387,0.2489089071750641
1333,LEFT_HEEL,0.7518431544303894,0.4042629599571228,0.3335992693901062
1333,RIGHT_HEEL,0.7444843649864197,0.466839462518692,0.2657290995121002
1333,LEFT_FOOT_INDEX,0.78962242603302,0.33248671889305115,0.2102847397327423
1333,RIGHT_FOOT_INDEX,0.7885900735855103,0.4811863303184509,0.1259579360485077
1366,NOSE,0.23155061900615692,0.40732935070991516,-0.3317144215106964
1366,LEFT_EYE_INNER,0.2178332805633545,0.39694321155548096,-0.31124383211135864
1366,LEFT_EYE,0.21784599125385284,0.3882554769515991,-0.3112490773200989
1366,LEFT_EYE_OUTER,0.21794748306274414,0.3809763193130493,-0.31122857332229614
1366,RIGHT_EYE_INNER,0.21764060854911804,0.4230249524116516,-0.3164692521095276
1366,RIGHT_EYE,0.21790628135204315,0.43396490812301636,-0.3164512515068054
1366,RIGHT_EYE_OUTER,0.21822457015514374,0.4442644715309143,-0.3164351284503937
1366,LEFT_EAR,0.22343182563781738,0.37390977144241333,-0.17398908734321594
1366,RIGHT_EAR,0.22528696060180664,0.46244218945503235,-0.20095756649971008
1366,MOUTH_LEFT,0.24639129638671875,0.3965577781200409,-0.27948203682899475
1366,MOUTH_RIGHT,0.24651578068733215,0.42605188488960266,-0.2874065041542053
1366,LEFT_SHOULDER,0.3099352717399597,0.312529593706131,-0.0722416564822197
1366,RIGHT_SHOULDER,0.30712080001831055,0.5239058136940002,-0.14059430360794067
1366,LEFT_ELBOW,0.4100942015647888,0.296716570854187,0.007231537252664566
1366,RIGHT_ELBOW,0.40314698219299316,0.5518653988838196,-0.13099224865436554
1366,LEFT_WRIST,0.4962562918663025,0.2909688353538513,-0.09427615255117416
1366,RIGHT_WRIST,0.48790112137794495,0.5583480596542358,-0.24417908489704132
1366,LEFT_PINKY,0.5257483124732971,0.2770903408527374,-0.12484043836593628
1366,RIGHT_PINKY,0.5187737345695496,0.5678287148475647,-0.28377658128738403
1366,LEFT_INDEX,0.5265228748321533,0.2884560227394104,-0.16937114298343658
1366,RIGHT_INDEX,0.5170388221740723,0.5465022325515747,-0.31841328740119934
1366,LEFT_THUMB,0.518318235874176,0.2964287996292114,-0.1134914979338646
1366,RIGHT_THUMB,0.5088423490524292,0.5387071967124939,-0.260511577129364
1366,LEFT_HIP,0.4977315068244934,0.35736945271492004,0.03315823897719383
1366,RIGHT_HIP,0.496553897857666,0.47935569286346436,-0.03324349597096443
1366,LEFT_KNEE,0.6311084628105164,0.36175498366355896,0.05281580239534378
1366,RIGHT_KNEE,0.6353136897087097,0.48300623893737793,0.006261490285396576
1366,LEFT_ANKLE,0.7373006343841553,0.3857235312461853,0.32020923495292664
1366,RIGHT_ANKLE,0.7326157689094543,0.4741385579109192,0.26050594449043274
1366,LEFT_HEEL,0.7519854307174683,0.404269278049469,0.33940526843070984
1366,RIGHT_HEEL,0.7445001006126404,0.4670100808143616,0.27845051884651184
1366,LEFT_FOOT_INDEX,0.7896765470504761,0.33278992772102356,0.21320359408855438
1366,RIGHT_FOOT_INDEX,0.7885936498641968,0.4811612367630005,0.13615664839744568
1400,NOSE,0.2319014072418213,0.4070930778980255,-0.3335287272930145
1400,LEFT_EYE_INNER,0.2180933654308319,0.39660072326660156,-0.3130415380001068
1400,LEFT_EYE,0.21807639300823212,0.38789528608322144,-0.3130561411380768
1400,LEFT_EYE_OUTER,0.21815016865730286,0.38062599301338196,-0.3130441904067993
1400,RIGHT_EYE_INNER,0.2179269790649414,0.4226934611797333,-0.31801655888557434
1400,RIGHT_EYE,0.21818065643310547,0.4336506426334381,-0.3179955780506134
1400,RIGHT_EYE_OUTER,0.21849064528942108,0.44389235973358154,-0.31798213720321655
1400,LEFT_EAR,0.22365781664848328,0.3734012246131897,-0.17422769963741302
1400,RIGHT_EAR,0.2255004346370697,0.4621542692184448,-0.20094895362854004
1400,MOUTH_LEFT,0.24666361510753632,0.39626243710517883,-0.2803964614868164
1400,MOUTH_RIGHT,0.2467903345823288,0.4258638024330139,-0.2879289984703064
1400,LEFT_SHOULDER,0.31005048751831055,0.3122231364250183,-0.07271900773048401
1400,RIGHT_SHOULDER,0.3070870041847229,0.5236920118331909,-0.13931778073310852
1400,LEFT_ELBOW,0.4101946949958801,0.2962498664855957,0.005312479101121426
1400,RIGHT_ELBOW,0.4029342234134674,0.5519005060195923,-0.12823447585105896
1400,LEFT_WRIST,0.4963065981864929,0.290873646736145,-0.09676401317119598
1400,RIGHT_WRIST,0.4877212643623352,0.5598109364509583,-0.24307318031787872
1400,LEFT_PINKY,0.5259920358657837,0.2770855724811554,-0.12734681367874146
1400,RIGHT_PINKY,0.5186867117881775,0.5700997114181519,-0.2825852036476135
1400,LEFT_INDEX,0.5267851948738098,0.2884483337402344,-0.17211511731147766
1400,RIGHT_INDEX,0.5169762969017029,0.5491727590560913,-0.31735464930534363
1400,LEFT_THUMB,0.5185925364494324,0.29642337560653687,-0.11604736000299454
1400,RIGHT_THUMB,0.5086449384689331,0.5413667559623718,-0.25963276624679565
1400,LEFT_HIP,0.49806150794029236,0.3573686480522156,0.03276078402996063
1400,RIGHT_HIP,0.49666252732276917,0.47945135831832886,-0.03283839672803879
1400,LEFT_KNEE,0.6313075423240662,0.36176398396492004,0.04929877817630768
1400,RIGHT_KNEE,0.635242223739624,0.48302289843559265,0.006176466587930918
1400,LEFT_ANKLE,0.7373285293579102,0.3857673704624176,0.3214118480682373
1400,RIGHT_ANKLE,0.7325894832611084,0.47416961193084717,0.26226121187210083
1400,LEFT_HEEL,0.7520211935043335,0.404257208108902,0.3411543369293213
1400,RIGHT_HEEL,0.7444953322410583,0.46711087226867676,0.2804945707321167
1400,LEFT_FOOT_INDEX,0.7897101640701294,0.3332749009132385,0.2140062153339386
1400,RIGHT_FOOT_INDEX,0.7886010408401489,0.48114898800849915,0.13735321164131165
1433,NOSE,0.2318989336490631,0.40652915835380554,-0.33290547132492065
1433,LEFT_EYE_INNER,0.21809490025043488,0.39582762122154236,-0.3125934898853302
1433,LEFT_EYE,0.218074232339859,0.38713958859443665,-0.3126058876514435
1433,LEFT_EYE_OUTER,0.2181403636932373,0.3799114525318146,-0.31259286403656006
1433,RIGHT_EYE_INNER,0.21795518696308136,0.4219067096710205,-0.3175209164619446
1433,RIGHT_EYE,0.21823513507843018,0.43286073207855225,-0.31750044226646423
1433,RIGHT_EYE_OUTER,0.2185930460691452,0.4430237114429474,-0.3174861967563629
1433,LEFT_EAR,0.22365212440490723,0.37273329496383667,-0.17475444078445435
1433,RIGHT_EAR,0.22573237121105194,0.4613804221153259,-0.20106348395347595
1433,MOUTH_LEFT,0.24664859473705292,0.39547306299209595,-0.2801259160041809
1433,MOUTH_RIGHT,0.24678876996040344,0.42494192719459534,-0.287539005279541
1433,LEFT_SHOULDER,0.3101944029331207,0.3116483986377716,-0.0756721943616867
1433,RIGHT_SHOULDER,0.3070394992828369,0.5230593085289001,-0.1396992802619934
1433,LEFT_ELBOW,0.4104454517364502,0.29609552025794983,-9.755411156220362e-05
1433,RIGHT_ELBOW,0.40282997488975525,0.5519067049026489,-0.12254367023706436
1433,LEFT_WRIST,0.4963456690311432,0.2908669114112854,-0.10071710497140884
1433,RIGHT_WRIST,0.48760682344436646,0.5608081221580505,-0.22343650460243225
1433,LEFT_PINKY,0.5261889696121216,0.27708980441093445,-0.13065865635871887
1433,RIGHT_PINKY,0.5186827778816223,0.5719086527824402,-0.26033470034599304
1433,LEFT_INDEX,0.52702796459198,0.28844204545021057,-0.17488116025924683
1433,RIGHT_INDEX,0.5169819593429565,0.5509926080703735,-0.29432880878448486
1433,LEFT_THUMB,0.5188131928443909,0.29641902446746826,-0.1197555884718895
1433,RIGHT_THUMB,0.5086382627487183,0.5432366132736206,-0.23955154418945312
1433,LEFT_HIP,0.4981496334075928,0.35736846923828125,0.032202936708927155
1433,RIGHT_HIP,0.4966893792152405,0.47953543066978455,-0.03228512406349182
1433,LEFT_KNEE,0.6313356161117554,0.36174485087394714,0.041723959147930145
1433,RIGHT_KNEE,0.6348767280578613,0.4830613136291504,0.0035639568231999874
1433,LEFT_ANKLE,0.7373973727226257,0.38593003153800964,0.3138279914855957
1433,RIGHT_ANKLE,0.7324923276901245,0.47447535395622253,0.25832659006118774
1433,LEFT_HEEL,0.752092182636261,0.40427857637405396,0.33357158303260803
1433,RIGHT_HEEL,0.744326651096344,0.4676434397697449,0.27651920914649963
1433,LEFT_FOOT_INDEX,0.7897762060165405,0.33471962809562683,0.20819802582263947
1433,RIGHT_FOOT_INDEX,0.7885962724685669,0.48112761974334717,0.13376906514167786
1466,NOSE,0.23189878463745117,0.40618231892585754,-0.3274945616722107
1466,LEFT_EYE_INNER,0.2181006669998169,0.39531877636909485,-0.308649480342865
1466,LEFT_EYE,0.21807685494422913,0.38666966557502747,-0.30865228176116943
1466,LEFT_EYE_OUTER,0.21814262866973877,0.3794770836830139,-0.3086387515068054
1466,RIGHT_EYE_INNER,0.217995285987854,0.42135289311408997,-0.31268537044525146
1466,RIGHT_EYE,0.2182907611131668,0.43227002024650574,-0.31266823410987854
1466,RIGHT_EYE_OUTER,0.21868416666984558,0.44238540530204773,-0.312650591135025
1466,LEFT_EAR,0.2236572504043579,0.37225067615509033,-0.1746262013912201
1466,RIGHT_EAR,0.22587791085243225,0.46047210693359375,-0.19960051774978638
1466,MOUTH_LEFT,0.24661219120025635,0.3949818015098572,-0.27721109986305237
1466,MOUTH_RIGHT,0.24677474796772003,0.4242946207523346,-0.2833957076072693
1466,LEFT_SHOULDER,0.3103886544704437,0.31097835302352905,-0.08178798854351044
1466,RIGHT_SHOULDER,0.30694836378097534,0.5223432183265686,-0.1385895311832428
1466,LEFT_ELBOW,0.411142498254776,0.296061247587204,-0.006625464651733637
1466,RIGHT_ELBOW,0.4027043282985687,0.5518862009048462,-0.11341601610183716
1466,LEFT_WRIST,0.49663639068603516,0.29086101055145264,-0.09792587161064148
1466,RIGHT_WRIST,0.4873526096343994,0.5620595216751099,-0.1975679248571396
1466,LEFT_PINKY,0.5266324281692505,0.2771317958831787,-0.1267591267824173
1466,RIGHT_PINKY,0.5185006856918335,0.5739057660102844,-0.23096373677253723
1466,LEFT_INDEX,0.5274505615234375,0.2884528338909149,-0.1709437072277069
1466,RIGHT_INDEX,0.5169055461883545,0.5527217388153076,-0.26392608880996704
1466,LEFT_THUMB,0.5192325115203857,0.29643332958221436,-0.11648379266262054
1466,RIGHT_THUMB,0.5084587335586548,0.5448235273361206,-0.2130107581615448
1466,LEFT_HIP,0.49813857674598694,0.35740673542022705,0.029674449935555458
1466,RIGHT_HIP,0.49667853116989136,0.47969475388526917,-0.02977941557765007
1466,LEFT_KNEE,0.6312657594680786,0.36173751950263977,0.031965408474206924
1466,RIGHT_KNEE,0.6342760324478149,0.4832046627998352,0.0019440741743892431
1466,LEFT_ANKLE,0.7373924255371094,0.3860436677932739,0.29687410593032837
1466,RIGHT_ANKLE,0.7323696613311768,0.47485390305519104,0.2479715645313263
1466,LEFT_HEEL,0.7520424127578735,0.4042874574661255,0.3161095976829529
1466,RIGHT_HEEL,0.743923544883728,0.46819359064102173,0.26529660820961
1466,LEFT_FOOT_INDEX,0.7897741198539734,0.3368062674999237,0.19612239301204681
1466,RIGHT_FOOT_INDEX,0.7885454297065735,0.4811152219772339,0.12741205096244812
1500,NOSE,0.23179809749126434,0.4053826332092285,-0.30378609895706177
1500,LEFT_EYE_INNER,0.21808986365795135,0.3943834900856018,-0.2864265739917755
1500,LEFT_EYE,0.21806535124778748,0.38589176535606384,-0.28642043471336365
1500,LEFT_EYE_OUTER,0.21812887489795685,0.378799170255661,-0.2864050567150116
1500,RIGHT_EYE_INNER,0.21799850463867188,0.42037349939346313,-0.2902975082397461
1500,RIGHT_EYE,0.21829566359519958,0.43117883801460266,-0.2902793288230896
1500,RIGHT_EYE_OUTER,0.21869806945323944,0.4412063658237457,-0.2902536988258362
1500,LEFT_EAR,0.22365912795066833,0.37172257900238037,-0.16473814845085144
1500,RIGHT_EAR,0.22596757113933563,0.45908957719802856,-0.18688073754310608
1500,MOUTH_LEFT,0.24642737209796906,0.3939557671546936,-0.2573550343513489
1500,MOUTH_RIGHT,0.2466307431459427,0.4231938123703003,-0.26319870352745056
1500,LEFT_SHOULDER,0.3104928731918335,0.3102549910545349,-0.08207520097494125
1500,RIGHT_SHOULDER,0.30683523416519165,0.5217318534851074,-0.13118460774421692
1500,LEFT_ELBOW,0.4116949439048767,0.2960388660430908,-0.009295152500271797
1500,RIGHT_ELBOW,0.40257319808006287,0.5518597364425659,-0.10308617353439331
1500,LEFT_WRIST,0.49672064185142517,0.29085633158683777,-0.09704314917325974
1500,RIGHT_WRIST,0.48712825775146484,0.5637632012367249,-0.1771916151046753
1500,LEFT_PINKY,0.526794970035553,0.27714088559150696,-0.12368851900100708
1500,RIGHT_PINKY,0.518391489982605,0.5764982104301453,-0.20832152664661407
1500,LEFT_INDEX,0.527596652507782,0.2884775400161743,-0.16316047310829163
1500,RIGHT_INDEX,0.5168452262878418,0.5550838112831116,-0.23951537907123566
1500,LEFT_THUMB,0.519416093826294,0.2964828610420227,-0.1145840510725975
1500,RIGHT_THUMB,0.5080267190933228,0.5467752814292908,-0.19196869432926178
1500,LEFT_HIP,0.49811315536499023,0.35751745104789734,0.02545936033129692
1500,RIGHT_HIP,0.49667635560035706,0.47999462485313416,-0.02559489943087101
1500,LEFT_KNEE,0.6308910846710205,0.3616775572299957,0.019350504502654076
1500,RIGHT_KNEE,0.6340206265449524,0.4833459258079529,0.0008214378030970693
1500,LEFT_ANKLE,0.7373952269554138,0.38607847690582275,0.2744270861148834
1500,RIGHT_ANKLE,0.7323651909828186,0.47485673427581787,0.2373877763748169
1500,LEFT_HEEL,0.7519883513450623,0.404224693775177,0.29307565093040466
1500,RIGHT_HEEL,0.7438164353370667,0.46819251775741577,0.25380194187164307
1500,LEFT_FOOT_INDEX,0.7897553443908691,0.3388451039791107,0.17746128141880035
1500,RIGHT_FOOT_INDEX,0.7885323762893677,0.48099085688591003,0.1211472600698471
1533,NOSE,0.23173563182353973,0.4043472707271576,-0.3210911452770233
1533,LEFT_EYE_INNER,0.2180900275707245,0.39327719807624817,-0.3036040961742401
1533,LEFT_EYE,0.21806606650352478,0.3849167227745056,-0.3036003112792969
1533,LEFT_EYE_OUTER,0.21812939643859863,0.37788158655166626,-0.3035890460014343
1533,RIGHT_EYE_INNER,0.2180013209581375,0.419167160987854,-0.3074110746383667
1533,RIGHT_EYE,0.21830002963542938,0.42975524067878723,-0.3073945641517639
1533,RIGHT_EYE_OUTER,0.21870291233062744,0.4397362470626831,-0.30736345052719116
1533,LEFT_EAR,0.22368046641349792,0.3709559142589569,-0.17747583985328674
1533,RIGHT_EAR,0.22600913047790527,0.4575869143009186,-0.19937732815742493
1533,MOUTH_LEFT,0.24628932774066925,0.3928358852863312,-0.2728387713432312
1533,MOUTH_RIGHT,0.24648897349834442,0.42195209860801697,-0.27854129672050476
1533,LEFT_SHOULDER,0.3106052279472351,0.3095761239528656,-0.09111549705266953
1533,RIGHT_SHOULDER,0.306677907705307,0.521045446395874,-0.13475748896598816
1533,LEFT_ELBOW,0.4119364619255066,0.2959516644477844,-0.017982859164476395
1533,RIGHT_ELBOW,0.4024803638458252,0.5518375635147095,-0.10787908732891083
1533,LEFT_WRIST,0.4969281256198883,0.2908218502998352,-0.10899267345666885
1533,RIGHT_WRIST,0.4871247410774231,0.565447211265564,-0.18919315934181213
1533,LEFT_PINKY,0.5270674824714661,0.27713245153427124,-0.13643665611743927
1533,RIGHT_PINKY,0.5183863639831543,0.5793808102607727,-0.2218443602323532
1533,LEFT_INDEX,0.5278118848800659,0.2884750962257385,-0.17844539880752563
1533,RIGHT_INDEX,0.5169228315353394,0.5583959221839905,-0.2552303671836853
1533,LEFT_THUMB,0.5196697115898132,0.29648175835609436,-0.12700137495994568
1533,RIGHT_THUMB,0.5080274939537048,0.5498902797698975,-0.2048984318971634
1533,LEFT_HIP,0.4980408251285553,0.3577880859375,0.02548525296151638
1533,RIGHT_HIP,0.49655500054359436,0.4805527925491333,-0.02561410702764988
1533,LEFT_KNEE,0.6306536197662354,0.36159130930900574,0.023356905207037926
1533,RIGHT_KNEE,0.6336411833763123,0.48334866762161255,-0.00044208430335856974
1533,LEFT_ANKLE,0.7375895977020264,0.38613349199295044,0.2779296934604645
1533,RIGHT_ANKLE,0.7323878407478333,0.47471827268600464,0.2362111359834671
1533,LEFT_HEEL,0.7521631121635437,0.40423092246055603,0.296006977558136
1533,RIGHT_HEEL,0.743815004825592,0.4680847227573395,0.25249311327934265
1533,LEFT_FOOT_INDEX,0.7897477149963379,0.3396230936050415,0.17534634470939636
1533,RIGHT_FOOT_INDEX,0.787962794303894,0.48024988174438477,0.11691033840179443
1566,NOSE,0.23161689937114716,0.40213775634765625,-0.3212786316871643
1566,LEFT_EYE_INNER,0.21807758510112762,0.39105698466300964,-0.3035810589790344
1566,LEFT_EYE,0.21806123852729797,0.38297131657600403,-0.30357879400253296
1566,LEFT_EYE_OUTER,0.21812765300273895,0.3758910000324249,-0.30356863141059875
1566,RIGHT_EYE_INNER,0.21796944737434387,0.416778028011322,-0.307510644197464
1566,RIGHT_EYE,0.21825847029685974,0.42713645100593567,-0.3074941337108612
1566,RIGHT_EYE_OUTER,0.21868248283863068,0.43722110986709595,-0.30746492743492126
1566,LEFT_EAR,0.223703071475029,0.36964988708496094,-0.17693379521369934
1566,RIGHT_EAR,0.22600868344306946,0.4556242525577545,-0.19932670891284943
1566,MOUTH_LEFT,0.24617421627044678,0.39093586802482605,-0.27268868684768677
1566,MOUTH_RIGHT,0.24631783366203308,0.41982269287109375,-0.2785908579826355
1566,LEFT_SHOULDER,0.3106721043586731,0.3088524043560028,-0.08864286541938782
1566,RIGHT_SHOULDER,0.30659016966819763,0.5201629400253296,-0.1355891078710556
1566,LEFT_ELBOW,0.4119800627231598,0.2959441840648651,-0.013475516811013222
1566,RIGHT_ELBOW,0.4025135040283203,0.5511969923973083,-0.10741527378559113
1566,LEFT_WRIST,0.49712634086608887,0.2908417880535126,-0.10431541502475739
1566,RIGHT_WRIST,0.48811134696006775,0.5669348835945129,-0.18938510119915009
1566,LEFT_PINKY,0.5271948575973511,0.27723851799964905,-0.1321842223405838
1566,RIGHT_PINKY,0.5190927386283875,0.5833189487457275,-0.22306375205516815
1566,LEFT_INDEX,0.5279427766799927,0.2885648310184479,-0.17487990856170654
1566,RIGHT_INDEX,0.5182698369026184,0.5630910396575928,-0.256865918636322
1566,LEFT_THUMB,0.5198343992233276,0.2966209352016449,-0.12253743410110474
1566,RIGHT_THUMB,0.5091794729232788,0.5544134974479675,-0.20537331700325012
1566,LEFT_HIP,0.49807605147361755,0.35781607031822205,0.0255656149238348
1566,RIGHT_HIP,0.49666672945022583,0.48083406686782837,-0.025695156306028366
1566,LEFT_KNEE,0.6307826638221741,0.36160075664520264,0.020282825455069542
1566,RIGHT_KNEE,0.6337893009185791,0.4833512306213379,-0.004162352066487074
1566,LEFT_ANKLE,0.7377871870994568,0.38659828901290894,0.2849469780921936
1566,RIGHT_ANKLE,0.7327238321304321,0.4743393361568451,0.2375500649213791
1566,LEFT_HEEL,0.7524400949478149,0.40450799465179443,0.30371540784835815
1566,RIGHT_HEEL,0.7442073822021484,0.46723419427871704,0.2527095079421997
1566,LEFT_FOOT_INDEX,0.7898763418197632,0.33975496888160706,0.18329322338104248
1566,RIGHT_FOOT_INDEX,0.7880198955535889,0.4802437722682953,0.11756402254104614
1600,NOSE,0.23120756447315216,0.4002522826194763,-0.3486400246620178
1600,LEFT_EYE_INNER,0.21791133284568787,0.38896501064300537,-0.3286071717739105
1600,LEFT_EYE,0.21793434023857117,0.3809947669506073,-0.3286202549934387
1600,LEFT_EYE_OUTER,0.21801629662513733,0.3737129271030426,-0.3286132216453552
1600,RIGHT_EYE_INNER,0.2177717685699463,0.41473767161369324,-0.3340527415275574
1600,RIGHT_EYE,0.21806713938713074,0.4250444173812866,-0.3340432345867157
1600,RIGHT_EYE_OUTER,0.21852430701255798,0.4353025257587433,-0.3340378403663635
1600,LEFT_EAR,0.2236655205488205,0.3680943250656128,-0.19092194736003876
1600,RIGHT_EAR,0.2258920967578888,0.45430511236190796,-0.21934834122657776
1600,MOUTH_LEFT,0.24589690566062927,0.3892105221748352,-0.2957640588283539
1600,MOUTH_RIGHT,0.2459576576948166,0.4182545244693756,-0.3035823106765747
1600,LEFT_SHOULDER,0.31080228090286255,0.3082139194011688,-0.09219984710216522
1600,RIGHT_SHOULDER,0.3066302537918091,0.5197783708572388,-0.1537807136774063
1600,LEFT_ELBOW,0.4124666154384613,0.29586392641067505,-0.014501807279884815
1600,RIGHT_ELBOW,0.403468519449234,0.5510863661766052,-0.12174922227859497
1600,LEFT_WRIST,0.4976796507835388,0.29083800315856934,-0.11610180139541626
1600,RIGHT_WRIST,0.49097099900245667,0.5694801807403564,-0.21256747841835022
1600,LEFT_PINKY,0.5275306701660156,0.27724120020866394,-0.14635246992111206
1600,RIGHT_PINKY,0.5217301845550537,0.5875838994979858,-0.25043952465057373
1600,LEFT_INDEX,0.5282508134841919,0.2885836660861969,-0.19158907234668732
1600,RIGHT_INDEX,0.5212854743003845,0.5675547122955322,-0.2873670160770416
1600,LEFT_THUMB,0.5202075839042664,0.296674907207489,-0.135714590549469
1600,RIGHT_THUMB,0.5114347338676453,0.5582942366600037,-0.230088472366333
1600,LEFT_HIP,0.4992063045501709,0.35781529545783997,0.027234530076384544
1600,RIGHT_HIP,0.49797025322914124,0.4809097647666931,-0.027352120727300644
1600,LEFT_KNEE,0.631332278251648,0.36156436800956726,0.03605746105313301
1600,RIGHT_KNEE,0.6344733238220215,0.4833518862724304,-0.0005997957778163254
1600,LEFT_ANKLE,0.737805187702179,0.3866842985153198,0.3316710591316223
1600,RIGHT_ANKLE,0.7327367067337036,0.4739179015159607,0.27192816138267517
1600,LEFT_HEEL,0.7524403929710388,0.4045603573322296,0.3536183834075928
1600,RIGHT_HEEL,0.7442023158073425,0.46673282980918884,0.2917330861091614
1600,LEFT_FOOT_INDEX,0.7902429699897766,0.33978208899497986,0.22856731712818146
1600,RIGHT_FOOT_INDEX,0.7880862951278687,0.47954630851745605,0.1492282897233963
1633,NOSE,0.23037533462047577,0.39993804693222046,-0.3431965708732605
1633,LEFT_EYE_INNER,0.21747775375843048,0.388428270816803,-0.3230096399784088
1633,LEFT_EYE,0.2175968587398529,0.3803690969944,-0.32302290201187134
1633,LEFT_EYE_OUTER,0.2177470177412033,0.372964084148407,-0.3230157792568207
1633,RIGHT_EYE_INNER,0.21733160316944122,0.4141939878463745,-0.3280836343765259
1633,RIGHT_EYE,0.21768629550933838,0.42450234293937683,-0.3280707001686096
1633,RIGHT_EYE_OUTER,0.21817883849143982,0.434746116399765,-0.32806235551834106
1633,LEFT_EAR,0.22357618808746338,0.3670554757118225,-0.18907904624938965
1633,RIGHT_EAR,0.2256283462047577,0.453336238861084,-0.2166941612958908
1633,MOUTH_LEFT,0.24533064663410187,0.38870346546173096,-0.290719211101532
1633,MOUTH_RIGHT,0.2452261745929718,0.41807907819747925,-0.2981184124946594
1633,LEFT_SHOULDER,0.31093379855155945,0.3071404695510864,-0.0909644365310669
1633,RIGHT_SHOULDER,0.30662569403648376,0.5192204117774963,-0.1448100060224533
1633,LEFT_ELBOW,0.4126458764076233,0.29582488536834717,-0.012538602575659752
1633,RIGHT_ELBOW,0.4035419821739197,0.5511285066604614,-0.11026465892791748
1633,LEFT_WRIST,0.4980791509151459,0.290853351354599,-0.11579330265522003
1633,RIGHT_WRIST,0.4909333288669586,0.5736467838287354,-0.20818312466144562
1633,LEFT_PINKY,0.5276902914047241,0.27733954787254333,-0.14650578796863556
1633,RIGHT_PINKY,0.5215167999267578,0.5935564041137695,-0.2470325231552124
1633,LEFT_INDEX,0.5283876657485962,0.2886253297328949,-0.19238756597042084
1633,RIGHT_INDEX,0.5211423635482788,0.573129415512085,-0.28508514165878296
1633,LEFT_THUMB,0.5203651189804077,0.2967158555984497,-0.13574904203414917
1633,RIGHT_THUMB,0.5113491415977478,0.5632228851318359,-0.22639653086662292
1633,LEFT_HIP,0.49967703223228455,0.35793402791023254,0.027213748544454575
1633,RIGHT_HIP,0.4983336925506592,0.4812321066856384,-0.02732718363404274
1633,LEFT_KNEE,0.6314907670021057,0.36147651076316833,0.03586571291089058
1633,RIGHT_KNEE,0.6347946524620056,0.4834504723548889,0.00034657210926525295
1633,LEFT_ANKLE,0.737805962562561,0.38671064376831055,0.3372299075126648
1633,RIGHT_ANKLE,0.7327381372451782,0.473453551530838,0.28458964824676514
1633,LEFT_HEEL,0.7523429989814758,0.40447208285331726,0.35984736680984497
1633,RIGHT_HEEL,0.7441508173942566,0.46592774987220764,0.3053973317146301
1633,LEFT_FOOT_INDEX,0.7907878160476685,0.3401126563549042,0.22916249930858612
1633,RIGHT_FOOT_INDEX,0.7885130047798157,0.4791903495788574,0.15910598635673523
1666,NOSE,0.23006367683410645,0.3992951810359955,-0.3531431555747986
1666,LEFT_EYE_INNER,0.2172280251979828,0.38763728737831116,-0.3322928547859192
1666,LEFT_EYE,0.2173832356929779,0.37948518991470337,-0.33231768012046814
1666,LEFT_EYE_OUTER,0.2175540030002594,0.37189480662345886,-0.33232101798057556
1666,RIGHT_EYE_INNER,0.21714439988136292,0.41350623965263367,-0.3362346291542053
1666,RIGHT_EYE,0.21753863990306854,0.4238665997982025,-0.3362216651439667
1666,RIGHT_EYE_OUTER,0.2180543839931488,0.4340991973876953,-0.33622071146965027
1666,LEFT_EAR,0.2234073430299759,0.3660503923892975,-0.19217458367347717
1666,RIGHT_EAR,0.22553865611553192,0.45268458127975464,-0.21484360098838806
1666,MOUTH_LEFT,0.24499297142028809,0.3878365755081177,-0.299113392829895
1666,MOUTH_RIGHT,0.24490907788276672,0.4175981879234314,-0.30492663383483887
1666,LEFT_SHOULDER,0.3110291063785553,0.3059104084968567,-0.09383328258991241
1666,RIGHT_SHOULDER,0.30662089586257935,0.5184794664382935,-0.14296165108680725
1666,LEFT_ELBOW,0.41288813948631287,0.2957182824611664,-0.01723434403538704
1666,RIGHT_ELBOW,0.403538316488266,0.5518815517425537,-0.10353431850671768
1666,LEFT_WRIST,0.49855977296829224,0.2908294200897217,-0.12377755343914032
1666,RIGHT_WRIST,0.4893311560153961,0.576889157295227,-0.20420429110527039
1666,LEFT_PINKY,0.5279750227928162,0.27741751074790955,-0.1551426351070404
1666,RIGHT_PINKY,0.5194099545478821,0.5961424708366394,-0.2424839735031128
1666,LEFT_INDEX,0.5286571979522705,0.28876930475234985,-0.20109203457832336
1666,RIGHT_INDEX,0.5190539360046387,0.5777597427368164,-0.2821462154388428
1666,LEFT_THUMB,0.5206648111343384,0.2968054413795471,-0.1437411904335022
1666,RIGHT_THUMB,0.5089763402938843,0.5670856237411499,-0.2230597734451294
1666,LEFT_HIP,0.5000261068344116,0.35782551765441895,0.026146385818719864
1666,RIGHT_HIP,0.4983551502227783,0.4812507629394531,-0.026247629895806313
1666,LEFT_KNEE,0.6317060589790344,0.3612891733646393,0.03593752905726433
1666,RIGHT_KNEE,0.6350098848342896,0.4836532175540924,0.007770979311317205
1666,LEFT_ANKLE,0.7378106713294983,0.3869493305683136,0.34183552861213684
1666,RIGHT_ANKLE,0.7327331304550171,0.4733588397502899,0.29470399022102356
1666,LEFT_HEEL,0.7522791624069214,0.40446850657463074,0.36450591683387756
1666,RIGHT_HEEL,0.7441007494926453,0.4653153419494629,0.31531983613967896
1666,LEFT_FOOT_INDEX,0.7909614443778992,0.3401540219783783,0.23001138865947723
1666,RIGHT_FOOT_INDEX,0.7893534898757935,0.4793015420436859,0.16549232602119446
1700,NOSE,0.22995051741600037,0.39818641543388367,-0.3596675992012024
1700,LEFT_EYE_INNER,0.21703298389911652,0.3868936002254486,-0.33978384733200073
1700,LEFT_EYE,0.2171783149242401,0.3787481486797333,-0.3398135006427765
1700,LEFT_EYE_OUTER,0.21733590960502625,0.37113553285598755,-0.339813768863678
1700,RIGHT_EYE_INNER,0.21707728505134583,0.4127017855644226,-0.34319496154785156
1700,RIGHT_EYE,0.21750891208648682,0.4230744540691376,-0.34317547082901
1700,RIGHT_EYE_OUTER,0.21805040538311005,0.43330052495002747,-0.3431728184223175
1700,LEFT_EAR,0.22313304245471954,0.36548757553100586,-0.20096099376678467
1700,RIGHT_EAR,0.22554287314414978,0.4520063102245331,-0.2202160656452179
1700,MOUTH_LEFT,0.24479182064533234,0.3865233063697815,-0.3062644600868225
1700,MOUTH_RIGHT,0.24484658241271973,0.4163091480731964,-0.3113390803337097
1700,LEFT_SHOULDER,0.31104665994644165,0.3047430217266083,-0.1032278910279274
1700,RIGHT_SHOULDER,0.30658870935440063,0.5176016688346863,-0.14562809467315674
1700,LEFT_ELBOW,0.41286197304725647,0.2958633303642273,-0.028403449803590775
1700,RIGHT_ELBOW,0.4039061665534973,0.553202748298645,-0.10640784353017807
1700,LEFT_WRIST,0.4987480044364929,0.2908186912536621,-0.13156823813915253
1700,RIGHT_WRIST,0.4891582131385803,0.583720326423645,-0.20512454211711884
1700,LEFT_PINKY,0.5282322764396667,0.2774447798728943,-0.16255120933055878
1700,RIGHT_PINKY,0.519349217414856,0.6027913093566895,-0.24232709407806396
1700,LEFT_INDEX,0.5289167761802673,0.2889251112937927,-0.2074609100818634
1700,RIGHT_INDEX,0.5190428495407104,0.5878996253013611,-0.2821849286556244
1700,LEFT_THUMB,0.5209255218505859,0.29694241285324097,-0.15103214979171753
1700,RIGHT_THUMB,0.5089835524559021,0.5758728384971619,-0.22373351454734802
1700,LEFT_HIP,0.5001713037490845,0.3577275574207306,0.0262395478785038
1700,RIGHT_HIP,0.4983636438846588,0.48125144839286804,-0.02634107694029808
1700,LEFT_KNEE,0.6317063570022583,0.36104616522789,0.052079617977142334
1700,RIGHT_KNEE,0.6350287199020386,0.4837194085121155,0.019459540024399757
1700,LEFT_ANKLE,0.7378892302513123,0.3876819610595703,0.34370094537734985
1700,RIGHT_ANKLE,0.732747495174408,0.4734615683555603,0.29672926664352417
1700,LEFT_HEEL,0.7523195147514343,0.4050886929035187,0.36499372124671936
1700,RIGHT_HEEL,0.7442867755889893,0.46532008051872253,0.3166196942329407
1700,LEFT_FOOT_INDEX,0.7911949157714844,0.33979254961013794,0.23521216213703156
1700,RIGHT_FOOT_INDEX,0.7894288897514343,0.479783296585083,0.17109350860118866
1733,NOSE,0.22995099425315857,0.3977036476135254,-0.35730108618736267
1733,LEFT_EYE_INNER,0.217031329870224,0.3864910900592804,-0.33637768030166626
1733,LEFT_EYE,0.21717539429664612,0.37831735610961914,-0.3363749384880066
1733,LEFT_EYE_OUTER,0.21733304858207703,0.3707871437072754,-0.3363545536994934
1733,RIGHT_EYE_INNER,0.21707864105701447,0.41233059763908386,-0.3428138792514801
1733,RIGHT_EYE,0.21751204133033752,0.4227231442928314,-0.3427664041519165
1733,RIGHT_EYE_OUTER,0.2180594652891159,0.4328800141811371,-0.34275564551353455
1733,LEFT_EAR,0.2231125831604004,0.36488720774650574,-0.19894607365131378
1733,RIGHT_EAR,0.22555366158485413,0.45115187764167786,-0.21049591898918152
1733,MOUTH_LEFT,0.24479182064533234,0.38595050573349,-0.3051292300224304
1733,MOUTH_RIGHT,0.2448502779006958,0.4157104194164276,-0.3073037266731262
1733,LEFT_SHOULDER,0.31105533242225647,0.3039807379245758,-0.10031989961862564
1733,RIGHT_SHOULDER,0.3061847984790802,0.5155326724052429,-0.13264857232570648
1733,LEFT_ELBOW,0.4125089645385742,0.2962549328804016,-0.023870648816227913
1733,RIGHT_ELBOW,0.4032142162322998,0.5552549362182617,-0.08521728962659836
1733,LEFT_WRIST,0.49871236085891724,0.29093098640441895,-0.12637777626514435
1733,RIGHT_WRIST,0.48876485228538513,0.5961979627609253,-0.1747208833694458
1733,LEFT_PINKY,0.5282171964645386,0.2780890464782715,-0.15828222036361694
1733,RIGHT_PINKY,0.5171453356742859,0.6192934513092041,-0.20834317803382874
1733,LEFT_INDEX,0.5288266539573669,0.289363831281662,-0.2031836062669754
1733,RIGHT_INDEX,0.5179668664932251,0.6084322333335876,-0.25005289912223816
1733,LEFT_THUMB,0.5207964777946472,0.2972831428050995,-0.14595374464988708
1733,RIGHT_THUMB,0.5088878870010376,0.5940382480621338,-0.19463881850242615
1733,LEFT_HIP,0.5000954270362854,0.35784441232681274,0.0263155996799469
1733,RIGHT_HIP,0.4981631636619568,0.4816020131111145,-0.026417573913931847
1733,LEFT_KNEE,0.6318002939224243,0.3610568940639496,0.05003209039568901
1733,RIGHT_KNEE,0.6350595951080322,0.4840386211872101,0.017656734213232994
1733,LEFT_ANKLE,0.737975537776947,0.3884919583797455,0.3398638665676117
1733,RIGHT_ANKLE,0.7326140403747559,0.4737934470176697,0.29186004400253296
1733,LEFT_HEEL,0.7523385882377625,0.40644335746765137,0.3614359498023987
1733,RIGHT_HEEL,0.7440860271453857,0.4661426842212677,0.3118988871574402
1733,LEFT_FOOT_INDEX,0.7912399768829346,0.3396157920360565,0.2341538369655609
1733,RIGHT_FOOT_INDEX,0.7894119024276733,0.4799797832965851,0.16813813149929047
1766,NOSE,0.23001675307750702,0.3972947895526886,-0.33752772212028503
1766,LEFT_EYE_INNER,0.2170756310224533,0.38613659143447876,-0.3185780942440033
1766,LEFT_EYE,0.21720799803733826,0.37790611386299133,-0.31860822439193726
1766,LEFT_EYE_OUTER,0.21735715866088867,0.37047848105430603,-0.3186054825782776
1766,RIGHT_EYE_INNER,0.2171410322189331,0.41207483410835266,-0.3216319680213928
1766,RIGHT_EYE,0.2175784856081009,0.42251163721084595,-0.3215954601764679
1766,RIGHT_EYE_OUTER,0.21814274787902832,0.43258288502693176,-0.3215857148170471
1766,LEFT_EAR,0.22311177849769592,0.3643295168876648,-0.1854666769504547
1766,RIGHT_EAR,0.22563724219799042,0.4505193531513214,-0.19608965516090393
1766,MOUTH_LEFT,0.24482741951942444,0.38542917370796204,-0.2863313853740692
1766,MOUTH_RIGHT,0.24493145942687988,0.41515249013900757,-0.28859004378318787
1766,LEFT_SHOULDER,0.3110639452934265,0.30363908410072327,-0.09452410787343979
1766,RIGHT_SHOULDER,0.3059115707874298,0.5141186714172363,-0.12172134965658188
1766,LEFT_ELBOW,0.4123806357383728,0.2974048852920532,-0.021657351404428482
1766,RIGHT_ELBOW,0.40218108892440796,0.5584017634391785,-0.07594306021928787
1766,LEFT_WRIST,0.498859703540802,0.29171133041381836,-0.12106235325336456
1766,RIGHT_WRIST,0.4864923357963562,0.6070401668548584,-0.1596260815858841
1766,LEFT_PINKY,0.528218150138855,0.28003594279289246,-0.14890889823436737
1766,RIGHT_PINKY,0.5140253305435181,0.6301701664924622,-0.19032952189445496
1766,LEFT_INDEX,0.5288258194923401,0.290783166885376,-0.1903698742389679
1766,RIGHT_INDEX,0.5158849954605103,0.6210204362869263,-0.23029181361198425
1766,LEFT_THUMB,0.5207871198654175,0.29830044507980347,-0.13868561387062073
1766,RIGHT_THUMB,0.507168173789978,0.6068849563598633,-0.1786922961473465
1766,LEFT_HIP,0.4993817210197449,0.3575822710990906,0.026813188567757607
1766,RIGHT_HIP,0.4973071217536926,0.4814014434814453,-0.026924127712845802
1766,LEFT_KNEE,0.6316779255867004,0.36080402135849,0.04856265336275101
1766,RIGHT_KNEE,0.6345664858818054,0.48403632640838623,0.012668592855334282
1766,LEFT_ANKLE,0.7383082509040833,0.38849619030952454,0.3244679868221283
1766,RIGHT_ANKLE,0.732981264591217,0.4737944006919861,0.27171164751052856
1766,LEFT_HEEL,0.7523626089096069,0.40642550587654114,0.34494972229003906
1766,RIGHT_HEEL,0.7445880174636841,0.4662846028804779,0.29053765535354614
1766,LEFT_FOOT_INDEX,0.7913525700569153,0.33914220333099365,0.22037804126739502
1766,RIGHT_FOOT_INDEX,0.7899940013885498,0.47944632172584534,0.1481611132621765
1800,NOSE,0.2300608903169632,0.3964156210422516,-0.3214651644229889
1800,LEFT_EYE_INNER,0.2170979231595993,0.385404109954834,-0.3046359121799469
1800,LEFT_EYE,0.21722348034381866,0.3772085905075073,-0.30464428663253784
1800,LEFT_EYE_OUTER,0.21736910939216614,0.36991578340530396,-0.3046320378780365
1800,RIGHT_EYE_INNER,0.21718308329582214,0.4112459719181061,-0.3075866401195526
1800,RIGHT_EYE,0.21762430667877197,0.421690970659256,-0.30757230520248413
1800,RIGHT_EYE_OUTER,0.2182069718837738,0.4317409098148346,-0.30755186080932617
1800,LEFT_EAR,0.22311022877693176,0.36373430490493774,-0.17955270409584045
1800,RIGHT_EAR,0.2256855070590973,0.44965696334838867,-0.19401410222053528
1800,MOUTH_LEFT,0.24486187100410461,0.3846343159675598,-0.27291375398635864
1800,MOUTH_RIGHT,0.24502083659172058,0.41412946581840515,-0.27688103914260864
1800,LEFT_SHOULDER,0.3111051023006439,0.3031176030635834,-0.09322194755077362
1800,RIGHT_SHOULDER,0.30572837591171265,0.5132141709327698,-0.12553396821022034
1800,LEFT_ELBOW,0.4123663306236267,0.29739853739738464,-0.021405035629868507
1800,RIGHT_ELBOW,0.40128231048583984,0.5630845427513123,-0.08543267846107483
1800,LEFT_WRIST,0.4996669888496399,0.2916908264160156,-0.09617001563310623
1800,RIGHT_WRIST,0.4849821925163269,0.6221166849136353,-0.15771061182022095
1800,LEFT_PINKY,0.5283918976783752,0.28016674518585205,-0.1184866651892662
1800,RIGHT_PINKY,0.5127604603767395,0.6480461955070496,-0.18460029363632202
1800,LEFT_INDEX,0.528955340385437,0.291107714176178,-0.1578555554151535
1800,RIGHT_INDEX,0.5147942304611206,0.6391873955726624,-0.22071745991706848
1800,LEFT_THUMB,0.5208690166473389,0.2984639108181,-0.11237630993127823
1800,RIGHT_THUMB,0.5063564777374268,0.6249475479125977,-0.17489972710609436
1800,LEFT_HIP,0.49852070212364197,0.3569532632827759,0.029263028874993324
1800,RIGHT_HIP,0.49643105268478394,0.4812560975551605,-0.029438868165016174
1800,LEFT_KNEE,0.6315631866455078,0.3600878119468689,0.042350344359874725
1800,RIGHT_KNEE,0.633452832698822,0.4835987985134125,0.0018784347921609879
1800,LEFT_ANKLE,0.7383882999420166,0.3884813189506531,0.2913694381713867
1800,RIGHT_ANKLE,0.7333701252937317,0.47387003898620605,0.233063742518425
1800,LEFT_HEEL,0.7523655891418457,0.4064171314239502,0.3100101947784424
1800,RIGHT_HEEL,0.7450062036514282,0.4672841429710388,0.2498660534620285
1800,LEFT_FOOT_INDEX,0.7913655042648315,0.3383671045303345,0.19660821557044983
1800,RIGHT_FOOT_INDEX,0.7904552221298218,0.47827306389808655,0.11591239273548126
1833,NOSE,0.23006479442119598,0.39528563618659973,-0.36462730169296265
1833,LEFT_EYE_INNER,0.21709921956062317,0.3843054473400116,-0.3464175760746002
1833,LEFT_EYE,0.21722491085529327,0.3761337399482727,-0.3464369475841522
1833,LEFT_EYE_OUTER,0.21737155318260193,0.3688516914844513,-0.34643277525901794
1833,RIGHT_EYE_INNER,0.21718791127204895,0.4098532795906067,-0.34953704476356506
1833,RIGHT_EYE,0.21763134002685547,0.4201570153236389,-0.3495419919490814
1833,RIGHT_EYE_OUTER,0.21822817623615265,0.43017610907554626,-0.3495486378669739
1833,LEFT_EAR,0.2231130599975586,0.3630022406578064,-0.20896367728710175
1833,RIGHT_EAR,0.22570006549358368,0.4485468566417694,-0.22639663517475128
1833,MOUTH_LEFT,0.24486204981803894,0.3836497366428375,-0.31100112199783325
1833,MOUTH_RIGHT,0.2450179159641266,0.4129970073699951,-0.3156944513320923
1833,LEFT_SHOULDER,0.31111183762550354,0.30271270871162415,-0.1107044667005539
1833,RIGHT_SHOULDER,0.3057249188423157,0.5132455825805664,-0.1421482115983963
1833,LEFT_ELBOW,0.4123140275478363,0.2960567772388458,-0.03856963664293289
1833,RIGHT_ELBOW,0.40130001306533813,0.5718645453453064,-0.08735352754592896
1833,LEFT_WRIST,0.499817430973053,0.29045453667640686,-0.1363692730665207
1833,RIGHT_WRIST,0.4841497540473938,0.643073558807373,-0.16744743287563324
1833,LEFT_PINKY,0.5284165740013123,0.2801276445388794,-0.16437068581581116
1833,RIGHT_PINKY,0.5124865770339966,0.6715848445892334,-0.19986745715141296
1833,LEFT_INDEX,0.5289643406867981,0.2911054491996765,-0.20692308247089386
1833,RIGHT_INDEX,0.5139567852020264,0.660161018371582,-0.23037013411521912
1833,LEFT_THUMB,0.5208693146705627,0.2983764708042145,-0.15462340414524078
1833,RIGHT_THUMB,0.5054485201835632,0.6474206447601318,-0.18122543394565582
1833,LEFT_HIP,0.49867063760757446,0.3539152443408966,0.030203361064195633
1833,RIGHT_HIP,0.49655675888061523,0.48049578070640564,-0.030390268191695213
1833,LEFT_KNEE,0.6320896744728088,0.35961902141571045,0.054977983236312866
1833,RIGHT_KNEE,0.6336899995803833,0.48209789395332336,0.010767916217446327
1833,LEFT_ANKLE,0.73857182264328,0.38826197385787964,0.3342231512069702
1833,RIGHT_ANKLE,0.7339410185813904,0.47415268421173096,0.27345019578933716
1833,LEFT_HEEL,0.7524396181106567,0.4060512185096741,0.35544806718826294
1833,RIGHT_HEEL,0.7455064058303833,0.46777963638305664,0.29328519105911255
1833,LEFT_FOOT_INDEX,0.7913671135902405,0.3373778462409973,0.2290363311767578
1833,RIGHT_FOOT_INDEX,0.7907387614250183,0.4781772494316101,0.1485283076763153
1866,NOSE,0.23000586032867432,0.3936937153339386,-0.3647231459617615
1866,LEFT_EYE_INNER,0.21710047125816345,0.38224202394485474,-0.3462692201137543
1866,LEFT_EYE,0.21722742915153503,0.3741453289985657,-0.3462950587272644
1866,LEFT_EYE_OUTER,0.2173731029033661,0.36661580204963684,-0.34629708528518677
1866,RIGHT_EYE_INNER,0.21718807518482208,0.40787115693092346,-0.34891220927238464
1866,RIGHT_EYE,0.21762731671333313,0.41806530952453613,-0.34891778230667114
1866,RIGHT_EYE_OUTER,0.21822628378868103,0.42823702096939087,-0.34893354773521423
1866,LEFT_EAR,0.2231220006942749,0.36137232184410095,-0.2092064619064331
1866,RIGHT_EAR,0.2256973534822464,0.44719260931015015,-0.22489318251609802
1866,MOUTH_LEFT,0.24484042823314667,0.3821987509727478,-0.3113962411880493
1866,MOUTH_RIGHT,0.2449483424425125,0.4117810130119324,-0.31553494930267334
1866,LEFT_SHOULDER,0.31131863594055176,0.30180883407592773,-0.11533275991678238
1866,RIGHT_SHOULDER,0.3057170808315277,0.5132881999015808,-0.1418110579252243
1866,LEFT_ELBOW,0.4122520387172699,0.2955002784729004,-0.05153016000986099
1866,RIGHT_ELBOW,0.39834609627723694,0.5791329145431519,-0.08401333540678024
1866,LEFT_WRIST,0.4995343089103699,0.2899220287799835,-0.1566964089870453
1866,RIGHT_WRIST,0.4791015684604645,0.660933792591095,-0.1587686389684677
1866,LEFT_PINKY,0.5282655358314514,0.2801802158355713,-0.18588042259216309
1866,RIGHT_PINKY,0.5057858228683472,0.6914419531822205,-0.1864672601222992
1866,LEFT_INDEX,0.5288454294204712,0.29129236936569214,-0.22740964591503143
1866,RIGHT_INDEX,0.5074325799942017,0.6837024092674255,-0.22652241587638855
1866,LEFT_THUMB,0.5206350088119507,0.29839026927948,-0.17491847276687622
1866,RIGHT_THUMB,0.4981791377067566,0.6692684292793274,-0.17759762704372406
1866,LEFT_HIP,0.49869221448898315,0.35196051001548767,0.030152365565299988
1866,RIGHT_HIP,0.496415376663208,0.47868308424949646,-0.030346941202878952
1866,LEFT_KNEE,0.6322680711746216,0.3588255047798157,0.059403084218502045
1866,RIGHT_KNEE,0.6337835192680359,0.48030149936676025,0.02017318643629551
1866,LEFT_ANKLE,0.7391534447669983,0.3874518573284149,0.3434600532054901
1866,RIGHT_ANKLE,0.7348508238792419,0.4741947650909424,0.2905643880367279
1866,LEFT_HEEL,0.7528250217437744,0.40517422556877136,0.36500272154808044
1866,RIGHT_HEEL,0.7465551495552063,0.4678257405757904,0.31075340509414673
1866,LEFT_FOOT_INDEX,0.791431725025177,0.33656418323516846,0.2360685169696808
1866,RIGHT_FOOT_INDEX,0.7910881638526917,0.47811147570610046,0.16508139669895172
1900,NOSE,0.22999724745750427,0.3894786536693573,-0.4031715989112854
1900,LEFT_EYE_INNER,0.21712489426136017,0.3791171610355377,-0.3836041986942291
1900,LEFT_EYE,0.21725687384605408,0.3715389668941498,-0.3836228847503662
1900,LEFT_EYE_OUTER,0.21740274131298065,0.3640761971473694,-0.38361719250679016
1900,RIGHT_EYE_INNER,0.21719463169574738,0.40406477451324463,-0.38701266050338745
1900,RIGHT_EYE,0.21762879192829132,0.4140769839286804,-0.3870431184768677
1900,RIGHT_EYE_OUTER,0.2182270586490631,0.42441585659980774,-0.38707414269447327
1900,LEFT_EAR,0.22323505580425262,0.36022621393203735,-0.23803146183490753
1900,RIGHT_EAR,0.22570852935314178,0.44461554288864136,-0.2577662765979767
1900,MOUTH_LEFT,0.24486689269542694,0.378830224275589,-0.3467084467411041
1900,MOUTH_RIGHT,0.2449529618024826,0.40766361355781555,-0.35209301114082336
1900,LEFT_SHOULDER,0.31177961826324463,0.30025947093963623,-0.1352706104516983
1900,RIGHT_SHOULDER,0.30571383237838745,0.5133281350135803,-0.1606752574443817
1900,LEFT_ELBOW,0.4122094511985779,0.294576495885849,-0.06890524178743362
1900,RIGHT_ELBOW,0.3957635164260864,0.5926705002784729,-0.10744613409042358
1900,LEFT_WRIST,0.49943774938583374,0.2879366874694824,-0.18938753008842468
1900,RIGHT_WRIST,0.4735740125179291,0.6857307553291321,-0.19742849469184875
1900,LEFT_PINKY,0.5282427072525024,0.2795489728450775,-0.22073963284492493
1900,RIGHT_PINKY,0.499157190322876,0.7125790119171143,-0.2274489849805832
1900,LEFT_INDEX,0.5288328528404236,0.2910159230232239,-0.2650063633918762
1900,RIGHT_INDEX,0.5009106993675232,0.704880952835083,-0.2720799744129181
1900,LEFT_THUMB,0.5204960107803345,0.2980281412601471,-0.20916211605072021
1900,RIGHT_THUMB,0.49220260977745056,0.6936784982681274,-0.21880312263965607
1900,LEFT_HIP,0.49869242310523987,0.3504887819290161,0.030125323683023453
1900,RIGHT_HIP,0.4962165355682373,0.4768422842025757,-0.03032347932457924
1900,LEFT_KNEE,0.6324533820152283,0.3580946624279022,0.060945965349674225
1900,RIGHT_KNEE,0.6338210105895996,0.4783935546875,0.01965472288429737
1900,LEFT_ANKLE,0.7395504713058472,0.3872203528881073,0.34499529004096985
1900,RIGHT_ANKLE,0.7358409762382507,0.47418075799942017,0.2906377911567688
1900,LEFT_HEEL,0.7532193064689636,0.4048873484134674,0.3658897578716278
1900,RIGHT_HEEL,0.7476984262466431,0.467832088470459,0.3102945387363434
1900,LEFT_FOOT_INDEX,0.7914431691169739,0.33653271198272705,0.2326081544160843
1900,RIGHT_FOOT_INDEX,0.7914696931838989,0.4776250123977661,0.16094084084033966
1933,NOSE,0.23026613891124725,0.3857872784137726,-0.43458184599876404
1933,LEFT_EYE_INNER,0.2175353765487671,0.37653210759162903,-0.4152163565158844
1933,LEFT_EYE,0.21768005192279816,0.3693396747112274,-0.41522216796875
1933,LEFT_EYE_OUTER,0.21787285804748535,0.3619362711906433,-0.4152143597602844
1933,RIGHT_EYE_INNER,0.2175024449825287,0.4012293815612793,-0.41911187767982483
1933,RIGHT_EYE,0.21785826981067657,0.4111897349357605,-0.4191458225250244
1933,RIGHT_EYE_OUTER,0.21837103366851807,0.4217325747013092,-0.4191623330116272
1933,LEFT_EAR,0.22400382161140442,0.35885608196258545,-0.26636508107185364
1933,RIGHT_EAR,0.22579963505268097,0.44243714213371277,-0.28980112075805664
1933,MOUTH_LEFT,0.24520382285118103,0.37579476833343506,-0.3767257332801819
1933,MOUTH_RIGHT,0.24523620307445526,0.40472835302352905,-0.3831642270088196
1933,LEFT_SHOULDER,0.3122600317001343,0.29915669560432434,-0.15899696946144104
1933,RIGHT_SHOULDER,0.30510103702545166,0.5134350061416626,-0.18685543537139893
1933,LEFT_ELBOW,0.41235822439193726,0.29253581166267395,-0.08860354125499725
1933,RIGHT_ELBOW,0.3907613158226013,0.6077508330345154,-0.1411251425743103
1933,LEFT_WRIST,0.4999043941497803,0.2843192517757416,-0.20812582969665527
1933,RIGHT_WRIST,0.4663330912590027,0.7157843708992004,-0.23520240187644958
1933,LEFT_PINKY,0.5289177894592285,0.2768140435218811,-0.23872724175453186
1933,RIGHT_PINKY,0.49045291543006897,0.7480799555778503,-0.26582059264183044
1933,LEFT_INDEX,0.5295214653015137,0.2893669009208679,-0.2842963933944702
1933,RIGHT_INDEX,0.494037926197052,0.7397722005844116,-0.3111414313316345
1933,LEFT_THUMB,0.5209361910820007,0.2965555489063263,-0.22814758121967316
1933,RIGHT_THUMB,0.48540204763412476,0.7274599075317383,-0.2571651339530945
1933,LEFT_HIP,0.4986937940120697,0.3497295081615448,0.030559226870536804
1933,RIGHT_HIP,0.495997816324234,0.475816011428833,-0.03076454997062683
1933,LEFT_KNEE,0.6329110860824585,0.3576117157936096,0.07237426936626434
1933,RIGHT_KNEE,0.6338765025138855,0.47727444767951965,0.021121274679899216
1933,LEFT_ANKLE,0.7396081686019897,0.38715654611587524,0.35454389452934265
1933,RIGHT_ANKLE,0.7366108298301697,0.47409728169441223,0.29083743691444397
1933,LEFT_HEEL,0.7532378435134888,0.40489500761032104,0.3752780556678772
1933,RIGHT_HEEL,0.7485575675964355,0.46784549951553345,0.31033334136009216
1933,LEFT_FOOT_INDEX,0.7914968132972717,0.33622562885284424,0.2421468049287796
1933,RIGHT_FOOT_INDEX,0.791925847530365,0.4766983389854431,0.15946543216705322
1966,NOSE,0.23025257885456085,0.38344547152519226,-0.4180607199668884
1966,LEFT_EYE_INNER,0.21756014227867126,0.37457388639450073,-0.39823979139328003
1966,LEFT_EYE,0.217715784907341,0.36742448806762695,-0.3982418477535248
1966,LEFT_EYE_OUTER,0.2179267704486847,0.359951913356781,-0.39823639392852783
1966,RIGHT_EYE_INNER,0.21751224994659424,0.39929479360580444,-0.40286698937416077
1966,RIGHT_EYE,0.21786224842071533,0.40930333733558655,-0.4029005467891693
1966,RIGHT_EYE_OUTER,0.21837301552295685,0.4198357164859772,-0.40290817618370056
1966,LEFT_EAR,0.22425837814807892,0.35746923089027405,-0.25183722376823425
1966,RIGHT_EAR,0.225814551115036,0.44057875871658325,-0.2782478928565979
1966,MOUTH_LEFT,0.24522355198860168,0.37357690930366516,-0.36143144965171814
1966,MOUTH_RIGHT,0.24523568153381348,0.40316951274871826,-0.36873728036880493
1966,LEFT_SHOULDER,0.31276899576187134,0.2983994781970978,-0.1471199244260788
1966,RIGHT_SHOULDER,0.3043968379497528,0.5134611129760742,-0.18634919822216034
1966,LEFT_ELBOW,0.41234278678894043,0.2913748323917389,-0.07895927131175995
1966,RIGHT_ELBOW,0.3830568790435791,0.6207135915756226,-0.15380923449993134
1966,LEFT_WRIST,0.500123918056488,0.281923770904541,-0.19158396124839783
1966,RIGHT_WRIST,0.4463542401790619,0.7344854474067688,-0.25196510553359985
1966,LEFT_PINKY,0.5291731953620911,0.2748628556728363,-0.21958351135253906
1966,RIGHT_PINKY,0.4645090103149414,0.7786792516708374,-0.2842257022857666
1966,LEFT_INDEX,0.5298765897750854,0.28755655884742737,-0.26516658067703247
1966,RIGHT_INDEX,0.4671095311641693,0.7707457542419434,-0.3266899883747101
1966,LEFT_THUMB,0.5211178064346313,0.2950102984905243,-0.21187667548656464
1966,RIGHT_THUMB,0.4608082175254822,0.7520350217819214,-0.27348190546035767
1966,LEFT_HIP,0.49868494272232056,0.34944432973861694,0.030767273157835007
1966,RIGHT_HIP,0.4957613945007324,0.4747526943683624,-0.03096581995487213
1966,LEFT_KNEE,0.6329088807106018,0.3573136627674103,0.06840826570987701
1966,RIGHT_KNEE,0.6338690519332886,0.47610360383987427,0.020449426025152206
1966,LEFT_ANKLE,0.7396075129508972,0.3870617747306824,0.3483739495277405
1966,RIGHT_ANKLE,0.737261176109314,0.47390010952949524,0.2816445827484131
1966,LEFT_HEEL,0.7531698942184448,0.40489569306373596,0.36891812086105347
1966,RIGHT_HEEL,0.7490876913070679,0.4678109884262085,0.2998940348625183
1966,LEFT_FOOT_INDEX,0.7915221452713013,0.3361717760562897,0.2384777069091797
1966,RIGHT_FOOT_INDEX,0.792526125907898,0.4761747121810913,0.1436922252178192
2000,NOSE,0.23010709881782532,0.3824012875556946,-0.4009292721748352
2000,LEFT_EYE_INNER,0.2175554484128952,0.37348946928977966,-0.38177257776260376
2000,LEFT_EYE,0.21771295368671417,0.3661577105522156,-0.38177865743637085
2000,LEFT_EYE_OUTER,0.21792535483837128,0.35849955677986145,-0.381772518157959
2000,RIGHT_EYE_INNER,0.2175067663192749,0.39847686886787415,-0.3858785033226013
2000,RIGHT_EYE,0.21785250306129456,0.40849918127059937,-0.3858945965766907
2000,RIGHT_EYE_OUTER,0.21835872530937195,0.41895240545272827,-0.3858974575996399
2000,LEFT_EAR,0.22430534660816193,0.3558698892593384,-0.24306555092334747
2000,RIGHT_EAR,0.22585339844226837,0.439400315284729,-0.2658518850803375
2000,MOUTH_LEFT,0.24522297084331512,0.3719092011451721,-0.34628063440322876
2000,MOUTH_RIGHT,0.2451663315296173,0.40199267864227295,-0.3526220917701721
2000,LEFT_SHOULDER,0.3132886290550232,0.29779914021492004,-0.1382226198911667
2000,RIGHT_SHOULDER,0.303409606218338,0.5132573843002319,-0.1654909998178482
2000,LEFT_ELBOW,0.41234445571899414,0.29112714529037476,-0.06910090148448944
2000,RIGHT_ELBOW,0.3697473108768463,0.6247776746749878,-0.12343068420886993
2000,LEFT_WRIST,0.5002703666687012,0.2816372811794281,-0.1873280256986618
2000,RIGHT_WRIST,0.41914311051368713,0.748797595500946,-0.2247447967529297
2000,LEFT_PINKY,0.5293160676956177,0.2745056450366974,-0.21552903950214386
2000,RIGHT_PINKY,0.43556174635887146,0.7898043394088745,-0.25238627195358276
2000,LEFT_INDEX,0.5300984978675842,0.28703615069389343,-0.2602043151855469
2000,RIGHT_INDEX,0.43765488266944885,0.7861868143081665,-0.30368632078170776
2000,LEFT_THUMB,0.5211926102638245,0.29462122917175293,-0.20769885182380676
2000,RIGHT_THUMB,0.431829035282135,0.7670661807060242,-0.25425562262535095
2000,LEFT_HIP,0.49865204095840454,0.34945154190063477,0.028488632291555405
2000,RIGHT_HIP,0.4955741763114929,0.47370970249176025,-0.02867254614830017
2000,LEFT_KNEE,0.6324774026870728,0.3569793701171875,0.06610821187496185
2000,RIGHT_KNEE,0.633609414100647,0.4755316972732544,0.020583944395184517
2000,LEFT_ANKLE,0.7396101951599121,0.38686370849609375,0.3455251455307007
2000,RIGHT_ANKLE,0.7376030087471008,0.4736492931842804,0.28246912360191345
2000,LEFT_HEEL,0.7531693577766418,0.4048199951648712,0.36665529012680054
2000,RIGHT_HEEL,0.7494475841522217,0.46755290031433105,0.3007522523403168
2000,LEFT_FOOT_INDEX,0.7915452122688293,0.33611518144607544,0.2257368266582489
2000,RIGHT_FOOT_INDEX,0.7928029894828796,0.47604137659072876,0.143776074051857
2033,NOSE,0.2301202267408371,0.3812496066093445,-0.41924986243247986
2033,LEFT_EYE_INNER,0.21773359179496765,0.37231242656707764,-0.39876243472099304
2033,LEFT_EYE,0.2179100066423416,0.364959180355072,-0.39877980947494507
2033,LEFT_EYE_OUTER,0.21816499531269073,0.3572741150856018,-0.3987945020198822
2033,RIGHT_EYE_INNER,0.21763312816619873,0.3973289132118225,-0.4039612412452698
2033,RIGHT_EYE,0.21794112026691437,0.40733274817466736,-0.40398311614990234
2033,RIGHT_EYE_OUTER,0.21840986609458923,0.41768357157707214,-0.4039972424507141
2033,LEFT_EAR,0.22487778961658478,0.3547532260417938,-0.25160300731658936
2033,RIGHT_EAR,0.22603556513786316,0.43799319863319397,-0.2808545231819153
2033,MOUTH_LEFT,0.2452765256166458,0.3706636130809784,-0.3622356951236725
2033,MOUTH_RIGHT,0.24516311287879944,0.40061506628990173,-0.3704538941383362
2033,LEFT_SHOULDER,0.3137299418449402,0.2973693609237671,-0.1520877182483673
2033,RIGHT_SHOULDER,0.3025692105293274,0.5133614540100098,-0.18136455118656158
2033,LEFT_ELBOW,0.4123442769050598,0.290540486574173,-0.08679009974002838
2033,RIGHT_ELBOW,0.3615044057369232,0.6418307423591614,-0.15118572115898132
2033,LEFT_WRIST,0.5009765028953552,0.28070515394210815,-0.19567705690860748
2033,RIGHT_WRIST,0.41065382957458496,0.7917520403862,-0.24365155398845673
2033,LEFT_PINKY,0.5302146077156067,0.27364784479141235,-0.2218897044658661
2033,RIGHT_PINKY,0.42633265256881714,0.831599235534668,-0.27232903242111206
2033,LEFT_INDEX,0.5310413241386414,0.28620269894599915,-0.26517847180366516
2033,RIGHT_INDEX,0.42883723974227905,0.8305063843727112,-0.31967559456825256
2033,LEFT_THUMB,0.5219285488128662,0.29389017820358276,-0.21525295078754425
2033,RIGHT_THUMB,0.42521923780441284,0.8164704442024231,-0.26869940757751465
2033,LEFT_HIP,0.4986523985862732,0.34947749972343445,0.027358487248420715
2033,RIGHT_HIP,0.4956197142601013,0.4734884798526764,-0.027540242299437523
2033,LEFT_KNEE,0.6325093507766724,0.356675922870636,0.08169370144605637
2033,RIGHT_KNEE,0.6336173415184021,0.47515869140625,0.0354614220559597
2033,LEFT_ANKLE,0.739622950553894,0.38632163405418396,0.36886367201805115
2033,RIGHT_ANKLE,0.738224446773529,0.47345632314682007,0.310554176568985
2033,LEFT_HEEL,0.7532527446746826,0.4045426547527313,0.3900146484375
2033,RIGHT_HEEL,0.7502490878105164,0.4673028290271759,0.3309015929698944
2033,LEFT_FOOT_INDEX,0.7915663719177246,0.3360171914100647,0.25206297636032104
2033,RIGHT_FOOT_INDEX,0.7931069731712341,0.47594425082206726,0.17561250925064087
2066,NOSE,0.2301270067691803,0.37981116771698,-0.37414613366127014
2066,LEFT_EYE_INNER,0.21786482632160187,0.3709244728088379,-0.35328659415245056
2066,LEFT_EYE,0.2180657684803009,0.3635198771953583,-0.35332369804382324
2066,LEFT_EYE_OUTER,0.21836309134960175,0.3557320535182953,-0.3533537685871124
2066,RIGHT_EYE_INNER,0.21768653392791748,0.39606398344039917,-0.35885190963745117
2066,RIGHT_EYE,0.21796874701976776,0.40613067150115967,-0.35885652899742126
2066,RIGHT_EYE_OUTER,0.21841394901275635,0.41642287373542786,-0.358864963054657
2066,LEFT_EAR,0.22524669766426086,0.353300541639328,-0.2139415740966797
2066,RIGHT_EAR,0.2260759174823761,0.4367486834526062,-0.2467712163925171
2066,MOUTH_LEFT,0.24531877040863037,0.36938267946243286,-0.3208838105201721
2066,MOUTH_RIGHT,0.24515044689178467,0.39911791682243347,-0.3300244212150574
2066,LEFT_SHOULDER,0.3142685890197754,0.2972843050956726,-0.14235040545463562
2066,RIGHT_SHOULDER,0.3013377785682678,0.5134524703025818,-0.1557093858718872
2066,LEFT_ELBOW,0.4124889373779297,0.29035860300064087,-0.07944651693105698
2066,RIGHT_ELBOW,0.3482978641986847,0.6484278440475464,-0.14218845963478088
2066,LEFT_WRIST,0.5013507008552551,0.2807590365409851,-0.18551979959011078
2066,RIGHT_WRIST,0.3825860619544983,0.8022236227989197,-0.21459153294563293
2066,LEFT_PINKY,0.5306457281112671,0.27358680963516235,-0.2117725908756256
2066,RIGHT_PINKY,0.39719557762145996,0.8500472903251648,-0.23727992177009583
2066,LEFT_INDEX,0.5314878225326538,0.28618887066841125,-0.25612494349479675
2066,RIGHT_INDEX,0.39853784441947937,0.8493327498435974,-0.28305569291114807
2066,LEFT_THUMB,0.5222561955451965,0.2938620150089264,-0.20465806126594543
2066,RIGHT_THUMB,0.3967345654964447,0.832550048828125,-0.24076810479164124
2066,LEFT_HIP,0.49859270453453064,0.35002925992012024,0.025907326489686966
2066,RIGHT_HIP,0.4957757592201233,0.4735029935836792,-0.026087339967489243
2066,LEFT_KNEE,0.6320242881774902,0.356397420167923,0.07838250696659088
2066,RIGHT_KNEE,0.6331970691680908,0.4750053882598877,0.03262017294764519
2066,LEFT_ANKLE,0.7396317720413208,0.3851788341999054,0.3517541289329529
2066,RIGHT_ANKLE,0.7385118007659912,0.4728098511695862,0.30614861845970154
2066,LEFT_HEEL,0.7534164786338806,0.4036898612976074,0.3693041503429413
2066,RIGHT_HEEL,0.750838577747345,0.4666227102279663,0.3240494430065155
2066,LEFT_FOOT_INDEX,0.7915674448013306,0.33559396862983704,0.23317503929138184
2066,RIGHT_FOOT_INDEX,0.7931352853775024,0.475748747587204,0.17201200127601624
2100,NOSE,0.2301219403743744,0.3792177438735962,-0.32009822130203247
2100,LEFT_EYE_INNER,0.21790191531181335,0.37007883191108704,-0.30249589681625366
2100,LEFT_EYE,0.2181018888950348,0.36251014471054077,-0.3025253415107727
2100,LEFT_EYE_OUTER,0.21839746832847595,0.3546231687068939,-0.30254989862442017
2100,RIGHT_EYE_INNER,0.21770599484443665,0.39557158946990967,-0.3049051761627197
2100,RIGHT_EYE,0.21797657012939453,0.40567561984062195,-0.3048977255821228
2100,RIGHT_EYE_OUTER,0.2184155285358429,0.4160061180591583,-0.30490046739578247
2100,LEFT_EAR,0.2252763956785202,0.35207489132881165,-0.1813383400440216
2100,RIGHT_EAR,0.22607958316802979,0.4360315501689911,-0.19902560114860535
2100,MOUTH_LEFT,0.24534328281879425,0.36859890818595886,-0.27362939715385437
2100,MOUTH_RIGHT,0.24514620006084442,0.3985373079776764,-0.2783406674861908
2100,LEFT_SHOULDER,0.3145255446434021,0.2971021831035614,-0.13883155584335327
2100,RIGHT_SHOULDER,0.3009986877441406,0.5136293172836304,-0.11716558039188385
2100,LEFT_ELBOW,0.41251692175865173,0.28971242904663086,-0.10029897838830948
2100,RIGHT_ELBOW,0.33899953961372375,0.6571494340896606,-0.09775222837924957
2100,LEFT_WRIST,0.5014978051185608,0.28011611104011536,-0.2049255073070526
2100,RIGHT_WRIST,0.358469158411026,0.8156605958938599,-0.1638912558555603
2100,LEFT_PINKY,0.5309908986091614,0.27244946360588074,-0.22871360182762146
2100,RIGHT_PINKY,0.37131267786026,0.868418276309967,-0.1834108829498291
2100,LEFT_INDEX,0.5317695140838623,0.28600072860717773,-0.26484715938568115
2100,RIGHT_INDEX,0.37200459837913513,0.871091365814209,-0.22561804950237274
2100,LEFT_THUMB,0.5225633978843689,0.2935832142829895,-0.22122569382190704
2100,RIGHT_THUMB,0.3693235516548157,0.8528404235839844,-0.18749578297138214
2100,LEFT_HIP,0.4985806941986084,0.35004639625549316,0.019099947065114975
2100,RIGHT_HIP,0.4964579641819,0.4734562039375305,-0.019327782094478607
2100,LEFT_KNEE,0.6317099332809448,0.355419784784317,0.055108048021793365
2100,RIGHT_KNEE,0.6331855654716492,0.4748568534851074,0.030106496065855026
2100,LEFT_ANKLE,0.739709198474884,0.38424745202064514,0.30624037981033325
2100,RIGHT_ANKLE,0.7390181422233582,0.47245118021965027,0.2793828845024109
2100,LEFT_HEEL,0.753715991973877,0.4031670093536377,0.3246709108352661
2100,RIGHT_HEEL,0.7514552474021912,0.4662017822265625,0.29704901576042175
2100,LEFT_FOOT_INDEX,0.7916264533996582,0.3352642357349396,0.20162563025951385
2100,RIGHT_FOOT_INDEX,0.7931881546974182,0.47571757435798645,0.1662789285182953
2133,NOSE,0.2305336743593216,0.379056841135025,-0.30500730872154236
2133,LEFT_EYE_INNER,0.2184794843196869,0.369454026222229,-0.28744199872016907
2133,LEFT_EYE,0.21868911385536194,0.3617764413356781,-0.28747543692588806
2133,LEFT_EYE_OUTER,0.2190110683441162,0.3538200557231903,-0.2875129282474518
2133,RIGHT_EYE_INNER,0.21817386150360107,0.39511972665786743,-0.28944095969200134
2133,RIGHT_EYE,0.21836701035499573,0.4052901268005371,-0.28943100571632385
2133,RIGHT_EYE_OUTER,0.2187008112668991,0.4158026874065399,-0.28942179679870605
2133,LEFT_EAR,0.22597408294677734,0.35105907917022705,-0.16658635437488556
2133,RIGHT_EAR,0.22631022334098816,0.43588095903396606,-0.1822873204946518
2133,MOUTH_LEFT,0.24610678851604462,0.3684849143028259,-0.2584099769592285
2133,MOUTH_RIGHT,0.24570366740226746,0.3986664116382599,-0.2626650035381317
2133,LEFT_SHOULDER,0.3146236538887024,0.2971187233924866,-0.12389470636844635
2133,RIGHT_SHOULDER,0.3003954291343689,0.514449954032898,-0.09954919666051865
2133,LEFT_ELBOW,0.4127175211906433,0.2895045280456543,-0.09448200464248657
2133,RIGHT_ELBOW,0.32962411642074585,0.6622165441513062,-0.08149947971105576
2133,LEFT_WRIST,0.5025665760040283,0.2802164852619171,-0.19683495163917542
2133,RIGHT_WRIST,0.3365611433982849,0.8233500123023987,-0.15487509965896606
2133,LEFT_PINKY,0.5320500731468201,0.2723621726036072,-0.22062630951404572
2133,RIGHT_PINKY,0.3420380651950836,0.8851647973060608,-0.17557552456855774
2133,LEFT_INDEX,0.5327672362327576,0.2860105335712433,-0.25820955634117126
2133,RIGHT_INDEX,0.34164920449256897,0.8877965211868286,-0.2166731059551239
2133,LEFT_THUMB,0.5235571265220642,0.29359471797943115,-0.21332065761089325
2133,RIGHT_THUMB,0.34157392382621765,0.8658792972564697,-0.17817260324954987
2133,LEFT_HIP,0.49858370423316956,0.35061660408973694,0.016498273238539696
2133,RIGHT_HIP,0.49745234847068787,0.4735971689224243,-0.01674005575478077
2133,LEFT_KNEE,0.6317085027694702,0.3546186089515686,0.034889787435531616
2133,RIGHT_KNEE,0.6333311796188354,0.47489577531814575,0.023686664178967476
2133,LEFT_ANKLE,0.7398837208747864,0.38382047414779663,0.30093997716903687
2133,RIGHT_ANKLE,0.7394415140151978,0.4722810983657837,0.2706206440925598
2133,LEFT_HEEL,0.7541356086730957,0.40291544795036316,0.3212040066719055
2133,RIGHT_HEEL,0.7519730925559998,0.4658856987953186,0.28928107023239136
2133,LEFT_FOOT_INDEX,0.791754424571991,0.335019588470459,0.19906994700431824
2133,RIGHT_FOOT_INDEX,0.7933270931243896,0.4758169949054718,0.16201302409172058
2166,NOSE,0.23214098811149597,0.3793174624443054,-0.28187137842178345
2166,LEFT_EYE_INNER,0.2199472188949585,0.36939412355422974,-0.26469820737838745
2166,LEFT_EYE,0.22007253766059875,0.3615502119064331,-0.2647287845611572
2166,LEFT_EYE_OUTER,0.22030425071716309,0.3535380959510803,-0.26477789878845215
2166,RIGHT_EYE_INNER,0.21955227851867676,0.39516589045524597,-0.2673221230506897
2166,RIGHT_EYE,0.2195853739976883,0.40533918142318726,-0.26731637120246887
2166,RIGHT_EYE_OUTER,0.21966834366321564,0.4158959984779358,-0.2672979533672333
2166,LEFT_EAR,0.22682709991931915,0.35032403469085693,-0.14512719213962555
2166,RIGHT_EAR,0.22666612267494202,0.43588435649871826,-0.16365285217761993
2166,MOUTH_LEFT,0.2476237714290619,0.3687313497066498,-0.23539145290851593
2166,MOUTH_RIGHT,0.24698857963085175,0.39886927604675293,-0.24052183330059052
2166,LEFT_SHOULDER,0.31462693214416504,0.29723626375198364,-0.09663553535938263
2166,RIGHT_SHOULDER,0.29942917823791504,0.5157005190849304,-0.08919568359851837
2166,LEFT_ELBOW,0.412663996219635,0.2894980311393738,-0.07445499300956726
2166,RIGHT_ELBOW,0.32037124037742615,0.6677366495132446,-0.08415105938911438
2166,LEFT_WRIST,0.5029398202896118,0.2832811176776886,-0.14859573543071747
2166,RIGHT_WRIST,0.3157542049884796,0.842596709728241,-0.16257400810718536
2166,LEFT_PINKY,0.5326207876205444,0.2770385444164276,-0.1653430461883545
2166,RIGHT_PINKY,0.31825241446495056,0.9000256061553955,-0.1845094859600067
2166,LEFT_INDEX,0.5332846641540527,0.2901861071586609,-0.19933342933654785
2166,RIGHT_INDEX,0.31603696942329407,0.9020825624465942,-0.2213108092546463
2166,LEFT_THUMB,0.5240727663040161,0.2973165214061737,-0.16325423121452332
2166,RIGHT_THUMB,0.316012442111969,0.8827760219573975,-0.18447056412696838
2166,LEFT_HIP,0.49856796860694885,0.3522321581840515,0.016799921169877052
2166,RIGHT_HIP,0.49798518419265747,0.474520742893219,-0.017038481310009956
2166,LEFT_KNEE,0.6313664317131042,0.3534965217113495,0.025522876530885696
2166,RIGHT_KNEE,0.6333838701248169,0.4751766622066498,0.013340416364371777
2166,LEFT_ANKLE,0.7400250434875488,0.38376927375793457,0.29292207956314087
2166,RIGHT_ANKLE,0.7396889925003052,0.4722610116004944,0.2548777163028717
2166,LEFT_HEEL,0.7545512914657593,0.40291082859039307,0.31373319029808044
2166,RIGHT_HEEL,0.7524364590644836,0.465634822845459,0.27375084161758423
2166,LEFT_FOOT_INDEX,0.7918421626091003,0.33477604389190674,0.19691628217697144
2166,RIGHT_FOOT_INDEX,0.7935429215431213,0.4761979877948761,0.14689652621746063
2200,NOSE,0.2330905646085739,0.3794809877872467,-0.2429276406764984
2200,LEFT_EYE_INNER,0.2211115062236786,0.36948126554489136,-0.22756525874137878
2200,LEFT_EYE,0.2213486135005951,0.36161041259765625,-0.22757908701896667
2200,LEFT_EYE_OUTER,0.22159531712532043,0.3536020815372467,-0.22763517498970032
2200,RIGHT_EYE_INNER,0.22028405964374542,0.3951430320739746,-0.22863705456256866
2200,RIGHT_EYE,0.22014054656028748,0.4052583575248718,-0.22863730788230896
2200,RIGHT_EYE_OUTER,0.2199922800064087,0.41582486033439636,-0.2285829782485962
2200,LEFT_EAR,0.22806426882743835,0.34976980090141296,-0.1234651431441307
2200,RIGHT_EAR,0.22670312225818634,0.43565717339515686,-0.13500310480594635
2200,MOUTH_LEFT,0.2484702616930008,0.36877521872520447,-0.20258167386054993
2200,MOUTH_RIGHT,0.24752967059612274,0.3989947438240051,-0.20561961829662323
2200,LEFT_SHOULDER,0.3145999014377594,0.2972509264945984,-0.0860033929347992
2200,RIGHT_SHOULDER,0.29776865243911743,0.5159666538238525,-0.06747537106275558
2200,LEFT_ELBOW,0.41267848014831543,0.28968673944473267,-0.04778075963258743
2200,RIGHT_ELBOW,0.30490317940711975,0.67514568567276,-0.04191677272319794
2200,LEFT_WRIST,0.5022500157356262,0.28407377004623413,-0.07446007430553436
2200,RIGHT_WRIST,0.28758668899536133,0.8534071445465088,-0.06880389153957367
2200,LEFT_PINKY,0.5324452519416809,0.2790960371494293,-0.08366286009550095
2200,RIGHT_PINKY,0.2878500819206238,0.9108909368515015,-0.07853616029024124
2200,LEFT_INDEX,0.5330331921577454,0.2912673056125641,-0.11422093212604523
2200,RIGHT_INDEX,0.28508704900741577,0.913020133972168,-0.11423341929912567
2200,LEFT_THUMB,0.5238077640533447,0.2978723645210266,-0.08695833384990692
2200,RIGHT_THUMB,0.286205530166626,0.8958581686019897,-0.0894172191619873
2200,LEFT_HIP,0.4984138607978821,0.352613627910614,0.014137101359665394
2200,RIGHT_HIP,0.4979880750179291,0.47509312629699707,-0.014382988214492798
2200,LEFT_KNEE,0.6313547492027283,0.3528863787651062,-0.0025434368290007114
2200,RIGHT_KNEE,0.6333910226821899,0.4753451347351074,0.005852059461176395
2200,LEFT_ANKLE,0.7401946783065796,0.38379260897636414,0.2315477579832077
2200,RIGHT_ANKLE,0.739657461643219,0.47227588295936584,0.2185729742050171
2200,LEFT_HEEL,0.7548087239265442,0.4030379056930542,0.25005999207496643
2200,RIGHT_HEEL,0.7523878216743469,0.46563470363616943,0.23498733341693878
2200,LEFT_FOOT_INDEX,0.791913628578186,0.33447369933128357,0.14582449197769165
2200,RIGHT_FOOT_INDEX,0.7936666011810303,0.476601779460907,0.1159057766199112
2233,NOSE,0.2330467253923416,0.38027703762054443,-0.282073438167572
2233,LEFT_EYE_INNER,0.22110287845134735,0.36959707736968994,-0.2646579146385193
2233,LEFT_EYE,0.2213936299085617,0.3617005944252014,-0.2646670639514923
2233,LEFT_EYE_OUTER,0.22172677516937256,0.3536286950111389,-0.2647289037704468
2233,RIGHT_EYE_INNER,0.22027461230754852,0.3952314257621765,-0.26656144857406616
2233,RIGHT_EYE,0.22004592418670654,0.4053131639957428,-0.26657819747924805
2233,RIGHT_EYE_OUTER,0.21977844834327698,0.41577833890914917,-0.2665412127971649
2233,LEFT_EAR,0.22855179011821747,0.34902212023735046,-0.15073607861995697
2233,RIGHT_EAR,0.2262057512998581,0.4351472556591034,-0.16570799052715302
2233,MOUTH_LEFT,0.24860307574272156,0.36991873383522034,-0.23843450844287872
2233,MOUTH_RIGHT,0.2475064992904663,0.39997825026512146,-0.2424732893705368
2233,LEFT_SHOULDER,0.31476089358329773,0.29757508635520935,-0.10402120649814606
2233,RIGHT_SHOULDER,0.29651179909706116,0.5166350603103638,-0.0924774557352066
2233,LEFT_ELBOW,0.4147399365901947,0.29232272505760193,-0.07363861054182053
2233,RIGHT_ELBOW,0.29466864466667175,0.6771101951599121,-0.06346388161182404
2233,LEFT_WRIST,0.5022555589675903,0.2877751290798187,-0.10663352906703949
2233,RIGHT_WRIST,0.2672915458679199,0.8556711673736572,-0.10726428031921387
2233,LEFT_PINKY,0.5324232578277588,0.28354641795158386,-0.1174704059958458
2233,RIGHT_PINKY,0.2614172399044037,0.9166914224624634,-0.12053532898426056
2233,LEFT_INDEX,0.5330132246017456,0.293040007352829,-0.14769332110881805
2233,RIGHT_INDEX,0.2592117190361023,0.919384241104126,-0.15563277900218964
2233,LEFT_THUMB,0.5238162875175476,0.29918378591537476,-0.11950232088565826
2233,RIGHT_THUMB,0.26196134090423584,0.9006040096282959,-0.12778331339359283
2233,LEFT_HIP,0.49800601601600647,0.35318389534950256,0.01319549698382616
2233,RIGHT_HIP,0.49797043204307556,0.4758797883987427,-0.013483653776347637
2233,LEFT_KNEE,0.6317705512046814,0.35292312502861023,0.001492190407589078
2233,RIGHT_KNEE,0.6338385939598083,0.4756242632865906,0.007898729294538498
2233,LEFT_ANKLE,0.7404855489730835,0.38384464383125305,0.25681769847869873
2233,RIGHT_ANKLE,0.7398803234100342,0.47228288650512695,0.2373625785112381
2233,LEFT_HEEL,0.7550625801086426,0.403062641620636,0.27717217803001404
2233,RIGHT_HEEL,0.7528399229049683,0.46554824709892273,0.25507745146751404
2233,LEFT_FOOT_INDEX,0.7921011447906494,0.33441874384880066,0.1642836481332779
2233,RIGHT_FOOT_INDEX,0.7937635183334351,0.4766874611377716,0.12603020668029785
2266,NOSE,0.23301425576210022,0.3813437223434448,-0.2986001670360565
2266,LEFT_EYE_INNER,0.22106952965259552,0.36966174840927124,-0.2807867228984833
2266,LEFT_EYE,0.22135420143604279,0.3617883324623108,-0.2808009684085846
2266,LEFT_EYE_OUTER,0.22169654071331024,0.353725403547287,-0.28084781765937805
2266,RIGHT_EYE_INNER,0.22016891837120056,0.39528894424438477,-0.28301605582237244
2266,RIGHT_EYE,0.2198484241962433,0.40539050102233887,-0.28303104639053345
2266,RIGHT_EYE_OUTER,0.21949823200702667,0.41585710644721985,-0.2830042243003845
2266,LEFT_EAR,0.22870424389839172,0.34863999485969543,-0.15709149837493896
2266,RIGHT_EAR,0.2258494347333908,0.4350799024105072,-0.17745818197727203
2266,MOUTH_LEFT,0.24863922595977783,0.3710612952709198,-0.25105980038642883
2266,MOUTH_RIGHT,0.24748417735099792,0.401225745677948,-0.25662729144096375
2266,LEFT_SHOULDER,0.3147929012775421,0.2975838780403137,-0.13178882002830505
2266,RIGHT_SHOULDER,0.29595980048179626,0.5172680616378784,-0.10078921169042587
2266,LEFT_ELBOW,0.4155014455318451,0.2930271029472351,-0.10393174737691879
2266,RIGHT_ELBOW,0.28114259243011475,0.6837507486343384,-0.07081975787878036
2266,LEFT_WRIST,0.5026497840881348,0.2882004678249359,-0.11098428815603256
2266,RIGHT_WRIST,0.24476416409015656,0.8551075458526611,-0.11638383567333221
2266,LEFT_PINKY,0.5326087474822998,0.2835088074207306,-0.13886216282844543
2266,RIGHT_PINKY,0.23517534136772156,0.9173089861869812,-0.1307559311389923
2266,LEFT_INDEX,0.5332053303718567,0.29300323128700256,-0.17474107444286346
2266,RIGHT_INDEX,0.231815904378891,0.9187326431274414,-0.16552218794822693
2266,LEFT_THUMB,0.5239897966384888,0.29917657375335693,-0.13381262123584747
2266,RIGHT_THUMB,0.23476922512054443,0.8981025815010071,-0.13706396520137787
2266,LEFT_HIP,0.49775218963623047,0.3530939221382141,0.011513611301779747
2266,RIGHT_HIP,0.49797922372817993,0.47605061531066895,-0.011849519796669483
2266,LEFT_KNEE,0.6327220797538757,0.3529306650161743,0.008660835213959217
2266,RIGHT_KNEE,0.6344900727272034,0.47569334506988525,0.0101413419470191
2266,LEFT_ANKLE,0.7405193448066711,0.383849561214447,0.27353113889694214
2266,RIGHT_ANKLE,0.7399505376815796,0.4720039665699005,0.2604634761810303
2266,LEFT_HEEL,0.7550541758537292,0.4030349850654602,0.30323243141174316
2266,RIGHT_HEEL,0.7529123425483704,0.46522393822669983,0.2812707722187042
2266,LEFT_FOOT_INDEX,0.7922280430793762,0.3344709277153015,0.19064341485500336
2266,RIGHT_FOOT_INDEX,0.7938642501831055,0.47585397958755493,0.15067225694656372
2300,NOSE,0.2339172661304474,0.38075047731399536,-0.30446434020996094
2300,LEFT_EYE_INNER,0.2220485657453537,0.36873164772987366,-0.28397324681282043
2300,LEFT_EYE,0.22236594557762146,0.3607504963874817,-0.2839866280555725
2300,LEFT_EYE_OUTER,0.22265425324440002,0.3528369665145874,-0.2840501070022583
2300,RIGHT_EYE_INNER,0.22072097659111023,0.3942590355873108,-0.2875328063964844
2300,RIGHT_EYE,0.2202386111021042,0.40431496500968933,-0.28755366802215576
2300,RIGHT_EYE_OUTER,0.21970514953136444,0.4146614074707031,-0.28751394152641296
2300,LEFT_EAR,0.22961457073688507,0.34830328822135925,-0.15347102284431458
2300,RIGHT_EAR,0.22585293650627136,0.43455061316490173,-0.17877279222011566
2300,MOUTH_LEFT,0.24947234988212585,0.3709595203399658,-0.25596025586128235
2300,MOUTH_RIGHT,0.24797526001930237,0.40099114179611206,-0.2622833847999573
2300,LEFT_SHOULDER,0.314737468957901,0.2981967628002167,-0.10890976339578629
2300,RIGHT_SHOULDER,0.29475337266921997,0.5175143480300903,-0.10793332010507584
2300,LEFT_ELBOW,0.4156109392642975,0.29350900650024414,-0.0925828218460083
2300,RIGHT_ELBOW,0.2731646001338959,0.676105260848999,-0.16153915226459503
2300,LEFT_WRIST,0.5023951530456543,0.2883714437484741,-0.12146735191345215
2300,RIGHT_WRIST,0.2260657548904419,0.8395556211471558,-0.2603488564491272
2300,LEFT_PINKY,0.5324499607086182,0.2838727831840515,-0.13989996910095215
2300,RIGHT_PINKY,0.21592454612255096,0.8963730931282043,-0.29218533635139465
2300,LEFT_INDEX,0.5330091118812561,0.29296940565109253,-0.17467674612998962
2300,RIGHT_INDEX,0.2107437551021576,0.8953397274017334,-0.31640681624412537
2300,LEFT_THUMB,0.523801863193512,0.29913878440856934,-0.13858947157859802
2300,RIGHT_THUMB,0.2147766649723053,0.8754709959030151,-0.278733491897583
2300,LEFT_HIP,0.49737682938575745,0.3530977666378021,0.013944350183010101
2300,RIGHT_HIP,0.49795466661453247,0.4760840833187103,-0.01428288035094738
2300,LEFT_KNEE,0.6331835985183716,0.3529423475265503,0.015660081058740616
2300,RIGHT_KNEE,0.6349261999130249,0.47567179799079895,0.007655861787497997
2300,LEFT_ANKLE,0.740554928779602,0.3837469220161438,0.296947181224823
2300,RIGHT_ANKLE,0.7401010990142822,0.47153404355049133,0.2608245015144348
2300,LEFT_HEEL,0.7550128698348999,0.40295082330703735,0.32438209652900696
2300,RIGHT_HEEL,0.753039538860321,0.4651714861392975,0.2820104956626892
2300,LEFT_FOOT_INDEX,0.7923660278320312,0.3345678448677063,0.20358100533485413
2300,RIGHT_FOOT_INDEX,0.7940166592597961,0.47357913851737976,0.14841362833976746
2333,NOSE,0.23478052020072937,0.3805771768093109,-0.35009926557540894
2333,LEFT_EYE_INNER,0.22275789082050323,0.3685636818408966,-0.32402968406677246
2333,LEFT_EYE,0.22310510277748108,0.36061689257621765,-0.32404303550720215
2333,LEFT_EYE_OUTER,0.22333872318267822,0.35271307826042175,-0.32412034273147583
2333,RIGHT_EYE_INNER,0.22127988934516907,0.39385926723480225,-0.3297120928764343
2333,RIGHT_EYE,0.22071218490600586,0.4037556052207947,-0.32975417375564575
2333,RIGHT_EYE_OUTER,0.22010131180286407,0.4140598177909851,-0.32968249917030334
2333,LEFT_EAR,0.23029160499572754,0.34834709763526917,-0.17454734444618225
2333,RIGHT_EAR,0.2259473353624344,0.4343217611312866,-0.2095487415790558
2333,MOUTH_LEFT,0.2501949667930603,0.37098413705825806,-0.29541391134262085
2333,MOUTH_RIGHT,0.24859166145324707,0.4008607268333435,-0.30487892031669617
2333,LEFT_SHOULDER,0.31495144963264465,0.2984148859977722,-0.10968196392059326
2333,RIGHT_SHOULDER,0.29439041018486023,0.5175320506095886,-0.14108139276504517
2333,LEFT_ELBOW,0.4163951873779297,0.2940048575401306,-0.07165934890508652
2333,RIGHT_ELBOW,0.2610794007778168,0.6721581220626831,-0.18251793086528778
2333,LEFT_WRIST,0.5023899674415588,0.28839296102523804,-0.11643482744693756
2333,RIGHT_WRIST,0.20945358276367188,0.8304612040519714,-0.2780083119869232
2333,LEFT_PINKY,0.5324321985244751,0.2839859127998352,-0.13340631127357483
2333,RIGHT_PINKY,0.19324073195457458,0.8851519227027893,-0.3128775358200073
2333,LEFT_INDEX,0.5329846143722534,0.29291075468063354,-0.17141792178153992
2333,RIGHT_INDEX,0.19288071990013123,0.8847023844718933,-0.34097886085510254
2333,LEFT_THUMB,0.5237933397293091,0.29906150698661804,-0.13354213535785675
2333,RIGHT_THUMB,0.1992723047733307,0.8654353618621826,-0.29769182205200195
2333,LEFT_HIP,0.4972035884857178,0.3530789613723755,0.018865462392568588
2333,RIGHT_HIP,0.49796780943870544,0.4760322570800781,-0.01914646103978157
2333,LEFT_KNEE,0.6341954469680786,0.35307347774505615,0.029471460729837418
2333,RIGHT_KNEE,0.6354414820671082,0.4755832254886627,0.0071196844801306725
2333,LEFT_ANKLE,0.7410553693771362,0.3836234211921692,0.330178439617157
2333,RIGHT_ANKLE,0.740801215171814,0.4715333580970764,0.2734086513519287
2333,LEFT_HEEL,0.7555446624755859,0.40276986360549927,0.354802668094635
2333,RIGHT_HEEL,0.754278302192688,0.4653451144695282,0.294813334941864
2333,LEFT_FOOT_INDEX,0.792648196220398,0.33397847414016724,0.21988213062286377
2333,RIGHT_FOOT_INDEX,0.7943757176399231,0.47315657138824463,0.1479794681072235
2366,NOSE,0.23538129031658173,0.3800086975097656,-0.3603498041629791
2366,LEFT_EYE_INNER,0.22316817939281464,0.36831939220428467,-0.3344724774360657
2366,LEFT_EYE,0.22348061203956604,0.3604643940925598,-0.33448150753974915
2366,LEFT_EYE_OUTER,0.22365176677703857,0.3526601493358612,-0.3345593810081482
2366,RIGHT_EYE_INNER,0.22168461978435516,0.393332302570343,-0.3406614661216736
2366,RIGHT_EYE,0.22107835114002228,0.4031568169593811,-0.340702623128891
2366,RIGHT_EYE_OUTER,0.22047051787376404,0.41351455450057983,-0.340617299079895
2366,LEFT_EAR,0.23038819432258606,0.34838828444480896,-0.18629899621009827
2366,RIGHT_EAR,0.2260410487651825,0.4341627359390259,-0.2231869250535965
2366,MOUTH_LEFT,0.2505987286567688,0.3708832263946533,-0.3058704435825348
2366,MOUTH_RIGHT,0.249067023396492,0.40027952194213867,-0.31602412462234497
2366,LEFT_SHOULDER,0.3149684965610504,0.29868802428245544,-0.11023236811161041
2366,RIGHT_SHOULDER,0.2933763861656189,0.5176149010658264,-0.15566959977149963
2366,LEFT_ELBOW,0.41637128591537476,0.2940009534358978,-0.0600949227809906
2366,RIGHT_ELBOW,0.2484435737133026,0.6698410511016846,-0.18985559046268463
2366,LEFT_WRIST,0.5023592710494995,0.28829848766326904,-0.10260897874832153
2366,RIGHT_WRIST,0.19109098613262177,0.8274292945861816,-0.2739188075065613
2366,LEFT_PINKY,0.5324219465255737,0.28386980295181274,-0.11780746281147003
2366,RIGHT_PINKY,0.17961251735687256,0.8815006613731384,-0.3073593080043793
2366,LEFT_INDEX,0.5329753160476685,0.29264259338378906,-0.15633195638656616
2366,RIGHT_INDEX,0.17750008404254913,0.8794382810592651,-0.33659788966178894
2366,LEFT_THUMB,0.5237672924995422,0.2983534336090088,-0.11943433433771133
2366,RIGHT_THUMB,0.1825305074453354,0.8603237867355347,-0.2937619984149933
2366,LEFT_HIP,0.49644145369529724,0.35304874181747437,0.02216440998017788
2366,RIGHT_HIP,0.49774008989334106,0.4759500324726105,-0.02241307497024536
2366,LEFT_KNEE,0.6344441771507263,0.3529316186904907,0.03417098522186279
2366,RIGHT_KNEE,0.6358257532119751,0.4748978614807129,0.00607483834028244
2366,LEFT_ANKLE,0.7413500547409058,0.38349491357803345,0.3274092972278595
2366,RIGHT_ANKLE,0.7408460378646851,0.471335768699646,0.27888035774230957
2366,LEFT_HEEL,0.7556573152542114,0.4026121497154236,0.35061216354370117
2366,RIGHT_HEEL,0.7543692588806152,0.46543681621551514,0.30049389600753784
2366,LEFT_FOOT_INDEX,0.7927641868591309,0.33305954933166504,0.21803772449493408
2366,RIGHT_FOOT_INDEX,0.7943614721298218,0.47262921929359436,0.15024763345718384
2400,NOSE,0.2359425276517868,0.3800548017024994,-0.35439783334732056
2400,LEFT_EYE_INNER,0.22334639728069305,0.3683519959449768,-0.3325260877609253
2400,LEFT_EYE,0.22366535663604736,0.36049237847328186,-0.3325929343700409
2400,LEFT_EYE_OUTER,0.2238146960735321,0.3526920676231384,-0.3326371908187866
2400,RIGHT_EYE_INNER,0.22190599143505096,0.3933884799480438,-0.3400763273239136
2400,RIGHT_EYE,0.2213222235441208,0.40321558713912964,-0.34008467197418213
2400,RIGHT_EYE_OUTER,0.22080068290233612,0.41357070207595825,-0.340173602104187
2400,LEFT_EAR,0.2304108589887619,0.3484309911727905,-0.17911726236343384
2400,RIGHT_EAR,0.22622811794281006,0.4341854453086853,-0.21494600176811218
2400,MOUTH_LEFT,0.25088948011398315,0.37089988589286804,-0.3051914572715759
2400,MOUTH_RIGHT,0.24936902523040771,0.4003053903579712,-0.31227144598960876
2400,LEFT_SHOULDER,0.3149818181991577,0.2990439832210541,-0.10316326469182968
2400,RIGHT_SHOULDER,0.2915603518486023,0.5175493955612183,-0.1473003476858139
2400,LEFT_ELBOW,0.4163288474082947,0.2939732074737549,-0.0462290458381176
2400,RIGHT_ELBOW,0.2386920154094696,0.6693751215934753,-0.18320542573928833
2400,LEFT_WRIST,0.5022578835487366,0.28830939531326294,-0.08107894659042358
2400,RIGHT_WRIST,0.18149246275424957,0.8091007471084595,-0.28489136695861816
2400,LEFT_PINKY,0.5323994159698486,0.2838391959667206,-0.0944485142827034
2400,RIGHT_PINKY,0.16644904017448425,0.8628144264221191,-0.32019421458244324
2400,LEFT_INDEX,0.5329462289810181,0.292606920003891,-0.1316678822040558
2400,RIGHT_INDEX,0.1635681688785553,0.864395797252655,-0.34524744749069214
2400,LEFT_THUMB,0.5237497091293335,0.29823869466781616,-0.09697726368904114
2400,RIGHT_THUMB,0.16955889761447906,0.8475872278213501,-0.303769052028656
2400,LEFT_HIP,0.49553847312927246,0.3530622124671936,0.022068899124860764
2400,RIGHT_HIP,0.4966593384742737,0.4758758842945099,-0.022317135706543922
2400,LEFT_KNEE,0.634677529335022,0.35293835401535034,0.029638400301337242
2400,RIGHT_KNEE,0.6357820630073547,0.47485318779945374,0.001044870470650494
2400,LEFT_ANKLE,0.7415801286697388,0.3838101625442505,0.32506558299064636
2400,RIGHT_ANKLE,0.7389407753944397,0.47133684158325195,0.27897483110427856
2400,LEFT_HEEL,0.7556673884391785,0.40306562185287476,0.349314421415329
2400,RIGHT_HEEL,0.7511740922927856,0.46573999524116516,0.3007674217224121
2400,LEFT_FOOT_INDEX,0.7934836745262146,0.33305948972702026,0.21254131197929382
2400,RIGHT_FOOT_INDEX,0.7938487529754639,0.4737321138381958,0.15543144941329956
2433,NOSE,0.23608466982841492,0.3797205984592438,-0.3466624319553375
2433,LEFT_EYE_INNER,0.2233252227306366,0.3683604300022125,-0.32535886764526367
2433,LEFT_EYE,0.2236374169588089,0.36053144931793213,-0.3253968358039856
2433,LEFT_EYE_OUTER,0.2237972766160965,0.3527276813983917,-0.3254496157169342
2433,RIGHT_EYE_INNER,0.2220286875963211,0.3932918906211853,-0.33121269941329956
2433,RIGHT_EYE,0.22157494723796844,0.4031708538532257,-0.33122390508651733
2433,RIGHT_EYE_OUTER,0.22124822437763214,0.4135284125804901,-0.3312716484069824
2433,LEFT_EAR,0.23039619624614716,0.34853339195251465,-0.17881853878498077
2433,RIGHT_EAR,0.2272474765777588,0.4342268109321594,-0.21353992819786072
2433,MOUTH_LEFT,0.25096040964126587,0.37049436569213867,-0.29749253392219543
2433,MOUTH_RIGHT,0.24956560134887695,0.3995310962200165,-0.3042251169681549
2433,LEFT_SHOULDER,0.31497329473495483,0.29905393719673157,-0.09905721992254257
2433,RIGHT_SHOULDER,0.29080435633659363,0.5172641277313232,-0.14424684643745422
2433,LEFT_ELBOW,0.41623735427856445,0.2924012541770935,-0.02626301720738411
2433,RIGHT_ELBOW,0.23467180132865906,0.6596236228942871,-0.16397222876548767
2433,LEFT_WRIST,0.5005580186843872,0.28787097334861755,-0.0519103929400444
2433,RIGHT_WRIST,0.1724986433982849,0.7882319092750549,-0.2523837089538574
2433,LEFT_PINKY,0.5315424203872681,0.2837631106376648,-0.06484591215848923
2433,RIGHT_PINKY,0.15681752562522888,0.8405548930168152,-0.27978986501693726
2433,LEFT_INDEX,0.5321723818778992,0.29257097840309143,-0.10282914340496063
2433,RIGHT_INDEX,0.15274757146835327,0.8410947918891907,-0.3131489157676697
2433,LEFT_THUMB,0.5228888988494873,0.2982122004032135,-0.06809592992067337
2433,RIGHT_THUMB,0.15886226296424866,0.824678361415863,-0.27309828996658325
2433,LEFT_HIP,0.4948049485683441,0.3528657555580139,0.02200925536453724
2433,RIGHT_HIP,0.49596619606018066,0.4751879870891571,-0.022258169949054718
2433,LEFT_KNEE,0.6345895528793335,0.3508579730987549,0.028173277154564857
2433,RIGHT_KNEE,0.6356333494186401,0.47377297282218933,0.0024880697019398212
2433,LEFT_ANKLE,0.7414107918739319,0.3834843635559082,0.3241921365261078
2433,RIGHT_ANKLE,0.7380388379096985,0.4704797565937042,0.28162941336631775
2433,LEFT_HEEL,0.7547471523284912,0.40274569392204285,0.34797531366348267
2433,RIGHT_HEEL,0.749531090259552,0.46522223949432373,0.30312231183052063
2433,LEFT_FOOT_INDEX,0.7934383153915405,0.33245155215263367,0.21628344058990479
2433,RIGHT_FOOT_INDEX,0.793657124042511,0.47374385595321655,0.15669003129005432
2466,NOSE,0.2364809513092041,0.3796486258506775,-0.3586123585700989
2466,LEFT_EYE_INNER,0.22334977984428406,0.36841264367103577,-0.3342755436897278
2466,LEFT_EYE,0.2236529141664505,0.36063462495803833,-0.3343256115913391
2466,LEFT_EYE_OUTER,0.22384457290172577,0.3528936207294464,-0.334360808134079
2466,RIGHT_EYE_INNER,0.22219960391521454,0.3933257758617401,-0.3386212885379791
2466,RIGHT_EYE,0.22187718749046326,0.4031999707221985,-0.338649183511734
2466,RIGHT_EYE_OUTER,0.2217104136943817,0.4135439991950989,-0.33860623836517334
2466,LEFT_EAR,0.23041419684886932,0.3487498164176941,-0.18808330595493317
2466,RIGHT_EAR,0.22794532775878906,0.43425241112709045,-0.21524938941001892
2466,MOUTH_LEFT,0.25135713815689087,0.3702387809753418,-0.30519887804985046
2466,MOUTH_RIGHT,0.24999746680259705,0.399122029542923,-0.3119198679924011
2466,LEFT_SHOULDER,0.3151014447212219,0.29903480410575867,-0.10124713182449341
2466,RIGHT_SHOULDER,0.29004862904548645,0.5171810984611511,-0.1405748575925827
2466,LEFT_ELBOW,0.4164477288722992,0.29229873418807983,-0.02258259616792202
2466,RIGHT_ELBOW,0.23223881423473358,0.6528723239898682,-0.15845972299575806
2466,LEFT_WRIST,0.500543475151062,0.28826335072517395,-0.04923252761363983
2466,RIGHT_WRIST,0.16474471986293793,0.7726292014122009,-0.22869089245796204
2466,LEFT_PINKY,0.5314368605613708,0.2841285169124603,-0.06342262029647827
2466,RIGHT_PINKY,0.14519166946411133,0.8226208090782166,-0.26703178882598877
2466,LEFT_INDEX,0.5320603251457214,0.29258403182029724,-0.10129442065954208
2466,RIGHT_INDEX,0.14200231432914734,0.8205128908157349,-0.2926105260848999
2466,LEFT_THUMB,0.522851824760437,0.2982786297798157,-0.06549715250730515
2466,RIGHT_THUMB,0.15067502856254578,0.8025848269462585,-0.2487351894378662
2466,LEFT_HIP,0.4945951998233795,0.35296666622161865,0.021077433601021767
2466,RIGHT_HIP,0.4958118498325348,0.47521382570266724,-0.021316170692443848
2466,LEFT_KNEE,0.6341047286987305,0.3508283197879791,0.03485598787665367
2466,RIGHT_KNEE,0.6356107592582703,0.4722592532634735,0.009565900079905987
2466,LEFT_ANKLE,0.7413960695266724,0.38334888219833374,0.32730966806411743
2466,RIGHT_ANKLE,0.7386202216148376,0.47056642174720764,0.2851129472255707
2466,LEFT_HEEL,0.7546572089195251,0.4020829200744629,0.34982407093048096
2466,RIGHT_HEEL,0.7498711347579956,0.4658297300338745,0.3051636815071106
2466,LEFT_FOOT_INDEX,0.7928329110145569,0.33244606852531433,0.2160290777683258
2466,RIGHT_FOOT_INDEX,0.7936490178108215,0.47367510199546814,0.15303483605384827
2500,NOSE,0.2368946075439453,0.3796738386154175,-0.3816602826118469
2500,LEFT_EYE_INNER,0.22347497940063477,0.36848944425582886,-0.35649171471595764
2500,LEFT_EYE,0.22377607226371765,0.36074069142341614,-0.35655349493026733
2500,LEFT_EYE_OUTER,0.22395619750022888,0.35300934314727783,-0.3565843999385834
2500,RIGHT_EYE_INNER,0.22233477234840393,0.39335283637046814,-0.3589881360530853
2500,RIGHT_EYE,0.22202834486961365,0.40322425961494446,-0.3590240478515625
2500,RIGHT_EYE_OUTER,0.2218908816576004,0.41356736421585083,-0.3589594066143036
2500,LEFT_EAR,0.23062577843666077,0.3487718105316162,-0.20843282341957092
2500,RIGHT_EAR,0.22805066406726837,0.4342632293701172,-0.22488363087177277
2500,MOUTH_LEFT,0.25164884328842163,0.3702518939971924,-0.3259427547454834
2500,MOUTH_RIGHT,0.2502082586288452,0.39905455708503723,-0.3304070830345154
2500,LEFT_SHOULDER,0.315048485994339,0.2985875606536865,-0.11327769607305527
2500,RIGHT_SHOULDER,0.28871873021125793,0.5172012448310852,-0.13862960040569305
2500,LEFT_ELBOW,0.4164220690727234,0.2924400568008423,-0.029068026691675186
2500,RIGHT_ELBOW,0.22674763202667236,0.646628201007843,-0.145090714097023
2500,LEFT_WRIST,0.5006002187728882,0.2920543849468231,-0.05435335636138916
2500,RIGHT_WRIST,0.15542539954185486,0.7621524333953857,-0.2058582752943039
2500,LEFT_PINKY,0.5314089059829712,0.28878018260002136,-0.06947942078113556
2500,RIGHT_PINKY,0.1349407434463501,0.8111342787742615,-0.24281306564807892
2500,LEFT_INDEX,0.5319695472717285,0.29602158069610596,-0.10771869122982025
2500,RIGHT_INDEX,0.13044145703315735,0.810427188873291,-0.2743241488933563
2500,LEFT_THUMB,0.5228370428085327,0.3016045391559601,-0.0709426999092102
2500,RIGHT_THUMB,0.1390305459499359,0.7934528589248657,-0.2282385379076004
2500,LEFT_HIP,0.49447765946388245,0.35304051637649536,0.016895141452550888
2500,RIGHT_HIP,0.4948343336582184,0.4755953550338745,-0.017135730013251305
2500,LEFT_KNEE,0.6345447301864624,0.3509505093097687,0.027210336178541183
2500,RIGHT_KNEE,0.6353466510772705,0.47383105754852295,0.018562933430075645
2500,LEFT_ANKLE,0.7417605519294739,0.38335055112838745,0.3337855339050293
2500,RIGHT_ANKLE,0.738775372505188,0.4722193479537964,0.3063346743583679
2500,LEFT_HEEL,0.7548925280570984,0.4018367826938629,0.3575105369091034
2500,RIGHT_HEEL,0.7499310374259949,0.46666184067726135,0.32652342319488525
2500,LEFT_FOOT_INDEX,0.7928431630134583,0.3343386650085449,0.2154732644557953
2500,RIGHT_FOOT_INDEX,0.7936518788337708,0.4743495583534241,0.16057530045509338
2533,NOSE,0.2368706911802292,0.3796606659889221,-0.3901597261428833
2533,LEFT_EYE_INNER,0.2231789529323578,0.3685256242752075,-0.36363905668258667
2533,LEFT_EYE,0.22352509200572968,0.3607964515686035,-0.36371028423309326
2533,LEFT_EYE_OUTER,0.22372427582740784,0.35304340720176697,-0.36373916268348694
2533,RIGHT_EYE_INNER,0.22212962806224823,0.39337658882141113,-0.36565524339675903
2533,RIGHT_EYE,0.22190165519714355,0.4032366871833801,-0.3656887114048004
2533,RIGHT_EYE_OUTER,0.22184786200523376,0.4135865569114685,-0.36560651659965515
2533,LEFT_EAR,0.23061144351959229,0.3486318290233612,-0.21184828877449036
2533,RIGHT_EAR,0.228059321641922,0.4343040883541107,-0.2260153740644455
2533,MOUTH_LEFT,0.2516058385372162,0.3700280785560608,-0.3331880569458008
2533,MOUTH_RIGHT,0.25019508600234985,0.3987012207508087,-0.33705446124076843
2533,LEFT_SHOULDER,0.3149931728839874,0.2982828617095947,-0.11574286222457886
2533,RIGHT_SHOULDER,0.2879030406475067,0.5170428156852722,-0.13754191994667053
2533,LEFT_ELBOW,0.4159530699253082,0.29244062304496765,-0.02476143091917038
2533,RIGHT_ELBOW,0.22494682669639587,0.6392409205436707,-0.13559329509735107
2533,LEFT_WRIST,0.4995788037776947,0.29196521639823914,-0.04650529474020004
2533,RIGHT_WRIST,0.14862629771232605,0.749110758304596,-0.20199520885944366
2533,LEFT_PINKY,0.5309992432594299,0.28853103518486023,-0.06271509826183319
2533,RIGHT_PINKY,0.12345387041568756,0.7963911890983582,-0.23927471041679382
2533,LEFT_INDEX,0.5313585996627808,0.2963569760322571,-0.10143379867076874
2533,RIGHT_INDEX,0.12029139697551727,0.7971959710121155,-0.2725468873977661
2533,LEFT_THUMB,0.5222497582435608,0.3025793433189392,-0.06301118433475494
2533,RIGHT_THUMB,0.12873438000679016,0.7815834283828735,-0.2248091995716095
2533,LEFT_HIP,0.4944586157798767,0.353037565946579,0.015417294576764107
2533,RIGHT_HIP,0.49468058347702026,0.47560828924179077,-0.015647972002625465
2533,LEFT_KNEE,0.6347909569740295,0.35094594955444336,0.047045253217220306
2533,RIGHT_KNEE,0.6353431940078735,0.47384151816368103,0.03182554990053177
2533,LEFT_ANKLE,0.7424353957176208,0.3833380341529846,0.35602492094039917
2533,RIGHT_ANKLE,0.7390609979629517,0.4724249541759491,0.3273184299468994
2533,LEFT_HEEL,0.7554913759231567,0.4013683795928955,0.3792324662208557
2533,RIGHT_HEEL,0.7499479055404663,0.4672439694404602,0.34811127185821533
2533,LEFT_FOOT_INDEX,0.792939305305481,0.333831250667572,0.22717885673046112
2533,RIGHT_FOOT_INDEX,0.793690025806427,0.47452062368392944,0.17835864424705505
2566,NOSE,0.2368268072605133,0.37983185052871704,-0.3748941421508789
2566,LEFT_EYE_INNER,0.22308623790740967,0.3690605163574219,-0.3501449525356293
2566,LEFT_EYE,0.2234434336423874,0.3614824414253235,-0.3501951992511749
2566,LEFT_EYE_OUTER,0.22371168434619904,0.3538464307785034,-0.3502325415611267
2566,RIGHT_EYE_INNER,0.22211022675037384,0.3934955596923828,-0.3529980778694153
2566,RIGHT_EYE,0.22189565002918243,0.4032827913761139,-0.3530294597148895
2566,RIGHT_EYE_OUTER,0.22185015678405762,0.41361096501350403,-0.35295888781547546
2566,LEFT_EAR,0.23079094290733337,0.3486848771572113,-0.20707674324512482
2566,RIGHT_EAR,0.22829601168632507,0.4343925416469574,-0.22178585827350616
2566,MOUTH_LEFT,0.25158435106277466,0.3700439929962158,-0.32039734721183777
2566,MOUTH_RIGHT,0.25017720460891724,0.3987140953540802,-0.32564282417297363
2566,LEFT_SHOULDER,0.31492355465888977,0.2982868254184723,-0.10452292114496231
2566,RIGHT_SHOULDER,0.28690746426582336,0.5170400738716125,-0.12836365401744843
2566,LEFT_ELBOW,0.41589751839637756,0.2926751971244812,0.0006862914306111634
2566,RIGHT_ELBOW,0.22350232303142548,0.6307442784309387,-0.12094682455062866
2566,LEFT_WRIST,0.499634325504303,0.2938162684440613,-0.00581737793982029
2566,RIGHT_WRIST,0.14447104930877686,0.7400347590446472,-0.17686060070991516
2566,LEFT_PINKY,0.5310736298561096,0.2898188829421997,-0.016378356143832207
2566,RIGHT_PINKY,0.11577470600605011,0.7873156070709229,-0.2090708315372467
2566,LEFT_INDEX,0.5314443707466125,0.297703355550766,-0.05421843379735947
2566,RIGHT_INDEX,0.11171451956033707,0.7867796421051025,-0.24167661368846893
2566,LEFT_THUMB,0.5223084688186646,0.3045009970664978,-0.021370097994804382
2566,RIGHT_THUMB,0.12168945372104645,0.7710356712341309,-0.1986500322818756
2566,LEFT_HIP,0.4949731230735779,0.35328686237335205,0.015604689717292786
2566,RIGHT_HIP,0.494893878698349,0.4759944975376129,-0.015836413949728012
2566,LEFT_KNEE,0.6349831223487854,0.35068419575691223,0.054389841854572296
2566,RIGHT_KNEE,0.6353062391281128,0.4738500416278839,0.030137956142425537
2566,LEFT_ANKLE,0.7425493001937866,0.3829141855239868,0.34806302189826965
2566,RIGHT_ANKLE,0.7395354509353638,0.47092950344085693,0.31656619906425476
2566,LEFT_HEEL,0.7556312084197998,0.4010789692401886,0.3701784014701843
2566,RIGHT_HEEL,0.751360297203064,0.466577410697937,0.3367669880390167
2566,LEFT_FOOT_INDEX,0.7932247519493103,0.3320789635181427,0.22386305034160614
2566,RIGHT_FOOT_INDEX,0.7939112186431885,0.47405269742012024,0.17276641726493835
2600,NOSE,0.23686937987804413,0.38059142231941223,-0.40233761072158813
2600,LEFT_EYE_INNER,0.22320488095283508,0.3700030744075775,-0.37926217913627625
2600,LEFT_EYE,0.22353489696979523,0.36255332827568054,-0.3793110251426697
2600,LEFT_EYE_OUTER,0.22381767630577087,0.3548107445240021,-0.37932679057121277
2600,RIGHT_EYE_INNER,0.22231252491474152,0.39383935928344727,-0.3794267773628235
2600,RIGHT_EYE,0.22209270298480988,0.4033887982368469,-0.37946459650993347
2600,RIGHT_EYE_OUTER,0.2220456600189209,0.4137059450149536,-0.37937700748443604
2600,LEFT_EAR,0.23083138465881348,0.3487015962600708,-0.23755863308906555
2600,RIGHT_EAR,0.2283974140882492,0.43438440561294556,-0.2433077096939087
2600,MOUTH_LEFT,0.25162628293037415,0.3703060448169708,-0.3482152819633484
2600,MOUTH_RIGHT,0.2501620054244995,0.39883631467819214,-0.3498060703277588
2600,LEFT_SHOULDER,0.31489259004592896,0.29751890897750854,-0.14442530274391174
2600,RIGHT_SHOULDER,0.28620797395706177,0.5160852074623108,-0.14251598715782166
2600,LEFT_ELBOW,0.4158701002597809,0.29186585545539856,-0.04863499104976654
2600,RIGHT_ELBOW,0.22092106938362122,0.6246636509895325,-0.12415804713964462
2600,LEFT_WRIST,0.49996694922447205,0.29372188448905945,-0.03849830478429794
2600,RIGHT_WRIST,0.14091062545776367,0.7286584377288818,-0.17169968783855438
2600,LEFT_PINKY,0.531335175037384,0.2897348999977112,-0.04992355778813362
2600,RIGHT_PINKY,0.11134352535009384,0.7745128870010376,-0.1994648426771164
2600,LEFT_INDEX,0.5317314863204956,0.29823529720306396,-0.08622713387012482
2600,RIGHT_INDEX,0.10628330707550049,0.7738707661628723,-0.2332884818315506
2600,LEFT_THUMB,0.522540807723999,0.30493560433387756,-0.050952814519405365
2600,RIGHT_THUMB,0.1166929230093956,0.7594558000564575,-0.1935327649116516
2600,LEFT_HIP,0.4951504170894623,0.3533213138580322,0.01508669275790453
2600,RIGHT_HIP,0.4949027895927429,0.47588756680488586,-0.015339064411818981
2600,LEFT_KNEE,0.6351636648178101,0.35054105520248413,0.058673568069934845
2600,RIGHT_KNEE,0.6351843476295471,0.47385767102241516,0.029160086065530777
2600,LEFT_ANKLE,0.7425473928451538,0.38239261507987976,0.3425010144710541
2600,RIGHT_ANKLE,0.7385546565055847,0.47093209624290466,0.3088962435722351
2600,LEFT_HEEL,0.7554246783256531,0.40097373723983765,0.36446040868759155
2600,RIGHT_HEEL,0.7509204149246216,0.4666631817817688,0.329575777053833
2600,LEFT_FOOT_INDEX,0.7940122485160828,0.32971665263175964,0.221833273768425
2600,RIGHT_FOOT_INDEX,0.7939870357513428,0.474728524684906,0.17213723063468933
2633,NOSE,0.23794090747833252,0.38093796372413635,-0.39910122752189636
2633,LEFT_EYE_INNER,0.22426514327526093,0.37028977274894714,-0.3751281201839447
2633,LEFT_EYE,0.22457976639270782,0.3628385365009308,-0.37517669796943665
2633,LEFT_EYE_OUTER,0.22487083077430725,0.3553623855113983,-0.3751971423625946
2633,RIGHT_EYE_INNER,0.2233004868030548,0.3939042389392853,-0.37690386176109314
2633,RIGHT_EYE,0.22307786345481873,0.4034307301044464,-0.3769381046295166
2633,RIGHT_EYE_OUTER,0.22299058735370636,0.41371968388557434,-0.3768535554409027
2633,LEFT_EAR,0.23107028007507324,0.34907594323158264,-0.2303406447172165
2633,RIGHT_EAR,0.22850851714611053,0.4343821108341217,-0.2434403896331787
2633,MOUTH_LEFT,0.2526818811893463,0.370941698551178,-0.34375298023223877
2633,MOUTH_RIGHT,0.2509308457374573,0.39904677867889404,-0.3473831117153168
2633,LEFT_SHOULDER,0.31494173407554626,0.29740607738494873,-0.13570831716060638
2633,RIGHT_SHOULDER,0.285639226436615,0.5158379673957825,-0.14774204790592194
2633,LEFT_ELBOW,0.4158080518245697,0.2919565439224243,-0.04026450216770172
2633,RIGHT_ELBOW,0.21897239983081818,0.6201614141464233,-0.13018479943275452
2633,LEFT_WRIST,0.49993038177490234,0.2938327491283417,-0.039943378418684006
2633,RIGHT_WRIST,0.13644778728485107,0.71928870677948,-0.17808136343955994
2633,LEFT_PINKY,0.5313466787338257,0.28961893916130066,-0.051775239408016205
2633,RIGHT_PINKY,0.1091696247458458,0.7626327276229858,-0.2065587341785431
2633,LEFT_INDEX,0.5317901372909546,0.2981243133544922,-0.0895867794752121
2633,RIGHT_INDEX,0.10364426672458649,0.7628856301307678,-0.2387961894273758
2633,LEFT_THUMB,0.5225574970245361,0.3048127591609955,-0.05482277274131775
2633,RIGHT_THUMB,0.11351219564676285,0.7487885355949402,-0.19926458597183228
2633,LEFT_HIP,0.4953448176383972,0.35335850715637207,0.015905262902379036
2633,RIGHT_HIP,0.49504542350769043,0.475888192653656,-0.01617456041276455
2633,LEFT_KNEE,0.6351584196090698,0.35058262944221497,0.06519944220781326
2633,RIGHT_KNEE,0.6351801156997681,0.4747696816921234,0.028496474027633667
2633,LEFT_ANKLE,0.7426907420158386,0.38224107027053833,0.3405299782752991
2633,RIGHT_ANKLE,0.738386332988739,0.4710010886192322,0.2933756411075592
2633,LEFT_HEEL,0.7555660009384155,0.4006316363811493,0.362726628780365
2633,RIGHT_HEEL,0.7509157061576843,0.46666204929351807,0.3113877475261688
2633,LEFT_FOOT_INDEX,0.7947824597358704,0.3291913866996765,0.21678777039051056
2633,RIGHT_FOOT_INDEX,0.7940717339515686,0.47526222467422485,0.15106017887592316
2666,NOSE,0.23913927376270294,0.38150322437286377,-0.3957095742225647
2666,LEFT_EYE_INNER,0.22519519925117493,0.3704514503479004,-0.3707546591758728
2666,LEFT_EYE,0.2255176603794098,0.3628624677658081,-0.3708130419254303
2666,LEFT_EYE_OUTER,0.2258765697479248,0.3554061949253082,-0.3708384931087494
2666,RIGHT_EYE_INNER,0.22407829761505127,0.39415818452835083,-0.37263673543930054
2666,RIGHT_EYE,0.22378823161125183,0.40376079082489014,-0.3726719319820404
2666,RIGHT_EYE_OUTER,0.22372695803642273,0.4138833284378052,-0.3726000189781189
2666,LEFT_EAR,0.23145031929016113,0.34909215569496155,-0.22316546738147736
2666,RIGHT_EAR,0.22875049710273743,0.4343210756778717,-0.23709800839424133
2666,MOUTH_LEFT,0.2540290951728821,0.3716019093990326,-0.33926278352737427
2666,MOUTH_RIGHT,0.2517992854118347,0.39988306164741516,-0.34291765093803406
2666,LEFT_SHOULDER,0.3151981830596924,0.2974247932434082,-0.12747502326965332
2666,RIGHT_SHOULDER,0.28542935848236084,0.515191376209259,-0.14508941769599915
2666,LEFT_ELBOW,0.4156719744205475,0.29242071509361267,0.000950681627728045
2666,RIGHT_ELBOW,0.21663732826709747,0.6176856756210327,-0.1210281252861023
2666,LEFT_WRIST,0.4992448687553406,0.2966845631599426,0.011981514282524586
2666,RIGHT_WRIST,0.13024678826332092,0.7142133116722107,-0.16218578815460205
2666,LEFT_PINKY,0.5306900143623352,0.292701780796051,0.0027427151799201965
2666,RIGHT_PINKY,0.10526144504547119,0.7550038695335388,-0.19066067039966583
2666,LEFT_INDEX,0.5309767723083496,0.29942119121551514,-0.0339738130569458
2666,RIGHT_INDEX,0.10025686025619507,0.7558016180992126,-0.22210104763507843
2666,LEFT_THUMB,0.5216493606567383,0.3064866364002228,-0.0027936878614127636
2666,RIGHT_THUMB,0.10915879905223846,0.7425886392593384,-0.18338607251644135
2666,LEFT_HIP,0.4965585172176361,0.3533343970775604,0.015738416463136673
2666,RIGHT_HIP,0.4953787922859192,0.4761720299720764,-0.01600324921309948
2666,LEFT_KNEE,0.6356300115585327,0.35106509923934937,0.061246294528245926
2666,RIGHT_KNEE,0.6351115703582764,0.4759051501750946,0.026990264654159546
2666,LEFT_ANKLE,0.742678165435791,0.38225826621055603,0.33975622057914734
2666,RIGHT_ANKLE,0.7378991842269897,0.47255969047546387,0.29484832286834717
2666,LEFT_HEEL,0.7554244995117188,0.4006475806236267,0.3612259328365326
2666,RIGHT_HEEL,0.7504714727401733,0.4674650728702545,0.31316137313842773
2666,LEFT_FOOT_INDEX,0.7950106859207153,0.3292136490345001,0.216522216796875
2666,RIGHT_FOOT_INDEX,0.7936639189720154,0.47530144453048706,0.15149202942848206
2700,NOSE,0.24027688801288605,0.3823069632053375,-0.3903922438621521
2700,LEFT_EYE_INNER,0.22655591368675232,0.3706476092338562,-0.36597466468811035
2700,LEFT_EYE,0.22696872055530548,0.36296334862709045,-0.36602646112442017
2700,LEFT_EYE_OUTER,0.22735467553138733,0.3555634915828705,-0.36604923009872437
2700,RIGHT_EYE_INNER,0.22492186725139618,0.39455485343933105,-0.36810868978500366
2700,RIGHT_EYE,0.22449462115764618,0.40414586663246155,-0.3681500554084778
2700,RIGHT_EYE_OUTER,0.22439678013324738,0.414087176322937,-0.36807963252067566
2700,LEFT_EAR,0.23224858939647675,0.3493211269378662,-0.22164404392242432
2700,RIGHT_EAR,0.22924478352069855,0.43432870507240295,-0.23616866767406464
2700,MOUTH_LEFT,0.25502923130989075,0.3725561499595642,-0.3354710638523102
2700,MOUTH_RIGHT,0.2526315450668335,0.4015524685382843,-0.33942702412605286
2700,LEFT_SHOULDER,0.3165362775325775,0.2969532310962677,-0.12689287960529327
2700,RIGHT_SHOULDER,0.28550058603286743,0.5144889950752258,-0.15341952443122864
2700,LEFT_ELBOW,0.4174448549747467,0.29222291707992554,-0.009189331904053688
2700,RIGHT_ELBOW,0.2171090543270111,0.6146204471588135,-0.15559151768684387
2700,LEFT_WRIST,0.5004491209983826,0.29659736156463623,-0.013342589139938354
2700,RIGHT_WRIST,0.12710921466350555,0.706034243106842,-0.1834709793329239
2700,LEFT_PINKY,0.5311261415481567,0.29249364137649536,-0.023261528462171555
2700,RIGHT_PINKY,0.10181281715631485,0.7458291053771973,-0.214437335729599
2700,LEFT_INDEX,0.5314406156539917,0.29934409260749817,-0.0594855472445488
2700,RIGHT_INDEX,0.09697134792804718,0.7467198967933655,-0.22914424538612366
2700,LEFT_THUMB,0.5222068428993225,0.306359201669693,-0.028340289369225502
2700,RIGHT_THUMB,0.10550034046173096,0.7332494854927063,-0.19975675642490387
2700,LEFT_HIP,0.4992089867591858,0.35328730940818787,0.015797218307852745
2700,RIGHT_HIP,0.4976385235786438,0.4761683940887451,-0.016064411029219627
2700,LEFT_KNEE,0.6363843679428101,0.3511922359466553,0.06399812549352646
2700,RIGHT_KNEE,0.636383593082428,0.4758879840373993,0.030566522851586342
2700,LEFT_ANKLE,0.7428522109985352,0.38167333602905273,0.352255642414093
2700,RIGHT_ANKLE,0.7374400496482849,0.47066107392311096,0.3136537969112396
2700,LEFT_HEEL,0.7554816603660583,0.3996303081512451,0.374692440032959
2700,RIGHT_HEEL,0.7496926188468933,0.4652382433414459,0.33452656865119934
2700,LEFT_FOOT_INDEX,0.7959791421890259,0.3278324007987976,0.23202553391456604
2700,RIGHT_FOOT_INDEX,0.7936693429946899,0.47467339038848877,0.17596261203289032
2733,NOSE,0.24132958054542542,0.38290587067604065,-0.3973446488380432
2733,LEFT_EYE_INNER,0.22767767310142517,0.370958536863327,-0.37200993299484253
2733,LEFT_EYE,0.22808751463890076,0.36308717727661133,-0.37206560373306274
2733,LEFT_EYE_OUTER,0.2284664362668991,0.3556727468967438,-0.37208330631256104
2733,RIGHT_EYE_INNER,0.2260991632938385,0.39496392011642456,-0.37372153997421265
2733,RIGHT_EYE,0.22577019035816193,0.40459391474723816,-0.37376704812049866
2733,RIGHT_EYE_OUTER,0.22575168311595917,0.4144330620765686,-0.3736887276172638
2733,LEFT_EAR,0.2330895960330963,0.3494669497013092,-0.22458525002002716
2733,RIGHT_EAR,0.2302566021680832,0.434347540140152,-0.2375243902206421
2733,MOUTH_LEFT,0.2559307813644409,0.373078316450119,-0.3416755795478821
2733,MOUTH_RIGHT,0.2534659504890442,0.40231040120124817,-0.3450886309146881
2733,LEFT_SHOULDER,0.31698518991470337,0.2968854606151581,-0.12679384648799896
2733,RIGHT_SHOULDER,0.2860339283943176,0.5130999088287354,-0.15497997403144836
2733,LEFT_ELBOW,0.41849908232688904,0.2909705638885498,-0.015272103250026703
2733,RIGHT_ELBOW,0.21313738822937012,0.6138393878936768,-0.15990447998046875
2733,LEFT_WRIST,0.5019947290420532,0.29547783732414246,-0.019016440957784653
2733,RIGHT_WRIST,0.1218382865190506,0.7032037377357483,-0.1929195374250412
2733,LEFT_PINKY,0.5320989489555359,0.2919926047325134,-0.030938202515244484
2733,RIGHT_PINKY,0.09685253351926804,0.7415351271629333,-0.2262146770954132
2733,LEFT_INDEX,0.5324950814247131,0.2990635335445404,-0.0673985406756401
2733,RIGHT_INDEX,0.09239819645881653,0.742264449596405,-0.24272601306438446
2733,LEFT_THUMB,0.5232152938842773,0.30603158473968506,-0.03417924791574478
2733,RIGHT_THUMB,0.10137645155191422,0.7295415997505188,-0.21003440022468567
2733,LEFT_HIP,0.501491367816925,0.35374733805656433,0.01904376782476902
2733,RIGHT_HIP,0.49921122193336487,0.4761706590652466,-0.019326720386743546
2733,LEFT_KNEE,0.6369898915290833,0.35130682587623596,0.09308598935604095
2733,RIGHT_KNEE,0.6366840600967407,0.4758894741535187,0.02987801656126976
2733,LEFT_ANKLE,0.742911696434021,0.38160884380340576,0.37710490822792053
2733,RIGHT_ANKLE,0.7374435663223267,0.4704328775405884,0.31233328580856323
2733,LEFT_HEEL,0.7554548978805542,0.3997175395488739,0.39910486340522766
2733,RIGHT_HEEL,0.7496852278709412,0.4654136598110199,0.33254724740982056
2733,LEFT_FOOT_INDEX,0.7958418130874634,0.32731565833091736,0.2626574635505676
2733,RIGHT_FOOT_INDEX,0.7936967611312866,0.47185173630714417,0.17265921831130981
2766,NOSE,0.24124951660633087,0.38339102268218994,-0.40456610918045044
2766,LEFT_EYE_INNER,0.2279207408428192,0.37154415249824524,-0.3803366720676422
2766,LEFT_EYE,0.22840888798236847,0.36357077956199646,-0.38037121295928955
2766,LEFT_EYE_OUTER,0.22887372970581055,0.35608813166618347,-0.3803737461566925
2766,RIGHT_EYE_INNER,0.2262876331806183,0.39531901478767395,-0.3824523389339447
2766,RIGHT_EYE,0.22602388262748718,0.4049890637397766,-0.3825027346611023
2766,RIGHT_EYE_OUTER,0.22609956562519073,0.4147672951221466,-0.3824155926704407
2766,LEFT_EAR,0.23366892337799072,0.35049089789390564,-0.23635458946228027
2766,RIGHT_EAR,0.23072132468223572,0.4343869984149933,-0.25120389461517334
2766,MOUTH_LEFT,0.2560030519962311,0.37392014265060425,-0.3499412536621094
2766,MOUTH_RIGHT,0.25358009338378906,0.4034498333930969,-0.35391098260879517
2766,LEFT_SHOULDER,0.31716030836105347,0.2971436679363251,-0.13797087967395782
2766,RIGHT_SHOULDER,0.2865791916847229,0.5124584436416626,-0.17045310139656067
2766,LEFT_ELBOW,0.4189841151237488,0.29059478640556335,-0.03671256825327873
2766,RIGHT_ELBOW,0.21092812716960907,0.6079450249671936,-0.1781744807958603
2766,LEFT_WRIST,0.503224790096283,0.2950912117958069,-0.02016117051243782
2766,RIGHT_WRIST,0.11929704993963242,0.6994661688804626,-0.20507745444774628
2766,LEFT_PINKY,0.533226490020752,0.2917385399341583,-0.034990303218364716
2766,RIGHT_PINKY,0.09218218922615051,0.738938570022583,-0.2350849211215973
2766,LEFT_INDEX,0.5338187217712402,0.2987699806690216,-0.07318557798862457
2766,RIGHT_INDEX,0.08801273256540298,0.7403687238693237,-0.25482332706451416
2766,LEFT_THUMB,0.5243239402770996,0.305716335773468,-0.03486574813723564
2766,RIGHT_THUMB,0.09818950295448303,0.7270060777664185,-0.2225644290447235
2766,LEFT_HIP,0.5015413761138916,0.35419246554374695,0.02029670961201191
2766,RIGHT_HIP,0.49935322999954224,0.4763442575931549,-0.020618010312318802
2766,LEFT_KNEE,0.636979877948761,0.35253992676734924,0.09753160923719406
2766,RIGHT_KNEE,0.6364651918411255,0.4762333631515503,0.029476221650838852
2766,LEFT_ANKLE,0.7429851293563843,0.3816984295845032,0.36523181200027466
2766,RIGHT_ANKLE,0.7373371124267578,0.47059980034828186,0.2830827832221985
2766,LEFT_HEEL,0.7554627656936646,0.3999030292034149,0.3890078067779541
2766,RIGHT_HEEL,0.7496975064277649,0.46542641520500183,0.3001590371131897
2766,LEFT_FOOT_INDEX,0.7958739399909973,0.3273463845252991,0.2486315220594406
2766,RIGHT_FOOT_INDEX,0.7936975955963135,0.47196200489997864,0.14557315409183502
2800,NOSE,0.241167813539505,0.3856359124183655,-0.3596450984477997
2800,LEFT_EYE_INNER,0.22786743938922882,0.37347540259361267,-0.3382277190685272
2800,LEFT_EYE,0.22833168506622314,0.36556050181388855,-0.3382870554924011
2800,LEFT_EYE_OUTER,0.22877676784992218,0.35764724016189575,-0.3382517695426941
2800,RIGHT_EYE_INNER,0.22623494267463684,0.39737066626548767,-0.33911770582199097
2800,RIGHT_EYE,0.22599372267723083,0.406808465719223,-0.33915579319000244
2800,RIGHT_EYE_OUTER,0.2261333018541336,0.4165582060813904,-0.3390688896179199
2800,LEFT_EAR,0.23366811871528625,0.35175397992134094,-0.212826207280159
2800,RIGHT_EAR,0.23084381222724915,0.4347676932811737,-0.22157922387123108
2800,MOUTH_LEFT,0.2559860646724701,0.3758262097835541,-0.3120879530906677
2800,MOUTH_RIGHT,0.25354042649269104,0.4062839448451996,-0.3143707513809204
2800,LEFT_SHOULDER,0.31738972663879395,0.2972058057785034,-0.13671036064624786
2800,RIGHT_SHOULDER,0.2871008813381195,0.5117001533508301,-0.15810540318489075
2800,LEFT_ELBOW,0.419239342212677,0.29068008065223694,-0.04348178952932358
2800,RIGHT_ELBOW,0.21075138449668884,0.6041262745857239,-0.1675839126110077
2800,LEFT_WRIST,0.5048298835754395,0.29502689838409424,-0.025086894631385803
2800,RIGHT_WRIST,0.1191604882478714,0.6921101808547974,-0.1934058517217636
2800,LEFT_PINKY,0.5349482297897339,0.29166656732559204,-0.04063883796334267
2800,RIGHT_PINKY,0.09202174842357635,0.7326539158821106,-0.22159281373023987
2800,LEFT_INDEX,0.5356024503707886,0.2987169027328491,-0.07821632921695709
2800,RIGHT_INDEX,0.08741288632154465,0.7347299456596375,-0.23763659596443176
2800,LEFT_THUMB,0.5258749723434448,0.30562543869018555,-0.04103561490774155
2800,RIGHT_THUMB,0.0980825200676918,0.7200491428375244,-0.2088630199432373
2800,LEFT_HIP,0.5013926029205322,0.35482001304626465,0.01995663344860077
2800,RIGHT_HIP,0.49931246042251587,0.47667309641838074,-0.02030239626765251
2800,LEFT_KNEE,0.6370464563369751,0.353535920381546,0.0866452157497406
2800,RIGHT_KNEE,0.6358155012130737,0.47672462463378906,0.027855122461915016
2800,LEFT_ANKLE,0.7428447008132935,0.38174107670783997,0.3356458246707916
2800,RIGHT_ANKLE,0.7374552488327026,0.470336377620697,0.2635676860809326
2800,LEFT_HEEL,0.7550971508026123,0.4001534879207611,0.3553697466850281
2800,RIGHT_HEEL,0.7498961091041565,0.4652867615222931,0.2801280617713928
2800,LEFT_FOOT_INDEX,0.7958853840827942,0.32788941264152527,0.22275035083293915
2800,RIGHT_FOOT_INDEX,0.7937166690826416,0.4699458181858063,0.1301056295633316
2833,NOSE,0.24271845817565918,0.3869423270225525,-0.3508439064025879
2833,LEFT_EYE_INNER,0.22945638000965118,0.37482380867004395,-0.3295160233974457
2833,LEFT_EYE,0.22990906238555908,0.36731722950935364,-0.3295689523220062
2833,LEFT_EYE_OUTER,0.23035946488380432,0.35929611325263977,-0.3295415937900543
2833,RIGHT_EYE_INNER,0.22804100811481476,0.3988732695579529,-0.33130553364753723
2833,RIGHT_EYE,0.2278502881526947,0.40834730863571167,-0.3313346803188324
2833,RIGHT_EYE_OUTER,0.22794894874095917,0.4181692898273468,-0.331246554851532
2833,LEFT_EAR,0.23503561317920685,0.35348156094551086,-0.2033461034297943
2833,RIGHT_EAR,0.23168900609016418,0.4353143870830536,-0.2155463993549347
2833,MOUTH_LEFT,0.2572520673274994,0.3769666850566864,-0.3023594617843628
2833,MOUTH_RIGHT,0.25513210892677307,0.40772491693496704,-0.3057326078414917
2833,LEFT_SHOULDER,0.31774061918258667,0.29783716797828674,-0.12765035033226013
2833,RIGHT_SHOULDER,0.2881469130516052,0.5109779834747314,-0.15106216073036194
2833,LEFT_ELBOW,0.4194638729095459,0.29072195291519165,-0.04097390174865723
2833,RIGHT_ELBOW,0.21085870265960693,0.597007155418396,-0.16679805517196655
2833,LEFT_WRIST,0.5050736665725708,0.2936055362224579,-0.023898739367723465
2833,RIGHT_WRIST,0.12075833976268768,0.6855596899986267,-0.18068459630012512
2833,LEFT_PINKY,0.5357375741004944,0.2900811731815338,-0.032952986657619476
2833,RIGHT_PINKY,0.09311189502477646,0.723906397819519,-0.2064547836780548
2833,LEFT_INDEX,0.5363174080848694,0.2978397011756897,-0.06913162767887115
2833,RIGHT_INDEX,0.08796708285808563,0.7266755700111389,-0.2241639345884323
2833,LEFT_THUMB,0.5264993906021118,0.30481258034706116,-0.03878912329673767
2833,RIGHT_THUMB,0.09767580032348633,0.7129984498023987,-0.19623248279094696
2833,LEFT_HIP,0.5012885332107544,0.35493165254592896,0.019632715731859207
2833,RIGHT_HIP,0.4992888569831848,0.4767317473888397,-0.01999673806130886
2833,LEFT_KNEE,0.6371663808822632,0.35353365540504456,0.0811404138803482
2833,RIGHT_KNEE,0.6357954144477844,0.4771274924278259,0.027004539966583252
2833,LEFT_ANKLE,0.7428531646728516,0.3817189931869507,0.3099547028541565
2833,RIGHT_ANKLE,0.7374816536903381,0.4689745604991913,0.2545164227485657
2833,LEFT_HEEL,0.755134105682373,0.40020522475242615,0.3269042670726776
2833,RIGHT_HEEL,0.7502166032791138,0.46440452337265015,0.27026933431625366
2833,LEFT_FOOT_INDEX,0.7959781885147095,0.3275696635246277,0.19291602075099945
2833,RIGHT_FOOT_INDEX,0.79372239112854,0.46948572993278503,0.1215604916214943
2866,NOSE,0.24257664382457733,0.38872870802879333,-0.339590847492218
2866,LEFT_EYE_INNER,0.22933955490589142,0.37634018063545227,-0.3177923262119293
2866,LEFT_EYE,0.22980394959449768,0.3693040609359741,-0.31784796714782715
2866,LEFT_EYE_OUTER,0.23027686774730682,0.36117783188819885,-0.3178187310695648
2866,RIGHT_EYE_INNER,0.22794969379901886,0.40064895153045654,-0.3192766308784485
2866,RIGHT_EYE,0.22779686748981476,0.410114586353302,-0.31930306553840637
2866,RIGHT_EYE_OUTER,0.22793595492839813,0.4201142191886902,-0.31921860575675964
2866,LEFT_EAR,0.23509640991687775,0.3546700179576874,-0.1932574212551117
2866,RIGHT_EAR,0.23175902664661407,0.436141699552536,-0.20447714626789093
2866,MOUTH_LEFT,0.25714653730392456,0.378513365983963,-0.2924225330352783
2866,MOUTH_RIGHT,0.2551078796386719,0.40985918045043945,-0.2954254746437073
2866,LEFT_SHOULDER,0.3179665207862854,0.2979385256767273,-0.12432368844747543
2866,RIGHT_SHOULDER,0.2890641689300537,0.5107449889183044,-0.14189405739307404
2866,LEFT_ELBOW,0.41941937804222107,0.2907310128211975,-0.0440572053194046
2866,RIGHT_ELBOW,0.208770751953125,0.592542827129364,-0.16401556134223938
2866,LEFT_WRIST,0.5056682229042053,0.2927246391773224,-0.03169923648238182
2866,RIGHT_WRIST,0.11745276302099228,0.6819959878921509,-0.17938274145126343
2866,LEFT_PINKY,0.5364259481430054,0.28873881697654724,-0.03831987828016281
2866,RIGHT_PINKY,0.09048078954219818,0.7190174460411072,-0.2065262347459793
2866,LEFT_INDEX,0.5367344617843628,0.2975606322288513,-0.0733809843659401
2866,RIGHT_INDEX,0.08632205426692963,0.7217857241630554,-0.22363495826721191
2866,LEFT_THUMB,0.5269212126731873,0.30474796891212463,-0.0459740087389946
2866,RIGHT_THUMB,0.09529324620962143,0.7089759707450867,-0.1949670910835266
2866,LEFT_HIP,0.5012801885604858,0.35515907406806946,0.0188328567892313
2866,RIGHT_HIP,0.4992791712284088,0.4770001769065857,-0.019214943051338196
2866,LEFT_KNEE,0.6372119784355164,0.35331621766090393,0.07990643382072449
2866,RIGHT_KNEE,0.6357893347740173,0.4773174226284027,0.026854757219552994
2866,LEFT_ANKLE,0.7429693341255188,0.38110435009002686,0.30643710494041443
2866,RIGHT_ANKLE,0.7375524640083313,0.46723273396492004,0.25817567110061646
2866,LEFT_HEEL,0.7552574872970581,0.39974817633628845,0.32363614439964294
2866,RIGHT_HEEL,0.750451922416687,0.46262839436531067,0.2744537591934204
2866,LEFT_FOOT_INDEX,0.7959935665130615,0.3270752727985382,0.18619127571582794
2866,RIGHT_FOOT_INDEX,0.7937940359115601,0.4679594337940216,0.12482937425374985
2900,NOSE,0.24257585406303406,0.3918956220149994,-0.3374975323677063
2900,LEFT_EYE_INNER,0.22944530844688416,0.3780550956726074,-0.315849244594574
2900,LEFT_EYE,0.22995157539844513,0.3713625967502594,-0.3159199357032776
2900,LEFT_EYE_OUTER,0.23049715161323547,0.36339300870895386,-0.3159026503562927
2900,RIGHT_EYE_INNER,0.22803720831871033,0.40298381447792053,-0.31632599234580994
2900,RIGHT_EYE,0.22792962193489075,0.4127596616744995,-0.31635206937789917
2900,RIGHT_EYE_OUTER,0.22809085249900818,0.42294231057167053,-0.31627610325813293
2900,LEFT_EAR,0.2354814112186432,0.35589277744293213,-0.19047854840755463
2900,RIGHT_EAR,0.23186151683330536,0.4374212622642517,-0.19660110771656036
2900,MOUTH_LEFT,0.2571851313114166,0.3813258409500122,-0.29002660512924194
2900,MOUTH_RIGHT,0.2552623152732849,0.41278037428855896,-0.2915651798248291
2900,LEFT_SHOULDER,0.31796008348464966,0.29828426241874695,-0.1214141845703125
2900,RIGHT_SHOULDER,0.28945285081863403,0.5106801986694336,-0.12447597086429596
2900,LEFT_ELBOW,0.4185212254524231,0.2906753122806549,-0.042989395558834076
2900,RIGHT_ELBOW,0.20684397220611572,0.588129460811615,-0.13610446453094482
2900,LEFT_WRIST,0.5050470232963562,0.29158931970596313,-0.033048443496227264
2900,RIGHT_WRIST,0.11372007429599762,0.6776310205459595,-0.15930268168449402
2900,LEFT_PINKY,0.5358982682228088,0.28630444407463074,-0.040707483887672424
2900,RIGHT_PINKY,0.08534005284309387,0.7163113951683044,-0.18812116980552673
2900,LEFT_INDEX,0.5359544157981873,0.2964578866958618,-0.07626127451658249
2900,RIGHT_INDEX,0.0811300128698349,0.7187165021896362,-0.20649079978466034
2900,LEFT_THUMB,0.5264570116996765,0.304218053817749,-0.04749700054526329
2900,RIGHT_THUMB,0.0901440680027008,0.7056604027748108,-0.1760895699262619
2900,LEFT_HIP,0.5012625455856323,0.3551446497440338,0.01603289321064949
2900,RIGHT_HIP,0.499262273311615,0.47717463970184326,-0.01638883166015148
2900,LEFT_KNEE,0.6375168561935425,0.35284224152565,0.0692092776298523
2900,RIGHT_KNEE,0.6359807252883911,0.4773487150669098,0.02662096545100212
2900,LEFT_ANKLE,0.7434216737747192,0.3803879916667938,0.29747045040130615
2900,RIGHT_ANKLE,0.737848699092865,0.46627065539360046,0.2587648928165436
2900,LEFT_HEEL,0.7556174993515015,0.3988725543022156,0.31429848074913025
2900,RIGHT_HEEL,0.750961184501648,0.4614180624485016,0.2747304141521454
2900,LEFT_FOOT_INDEX,0.7961074113845825,0.32704752683639526,0.17247411608695984
2900,RIGHT_FOOT_INDEX,0.7939440608024597,0.46689003705978394,0.1239437684416771
2933,NOSE,0.24249663949012756,0.39309874176979065,-0.30789604783058167
2933,LEFT_EYE_INNER,0.22940190136432648,0.37906062602996826,-0.28646525740623474
2933,LEFT_EYE,0.2299155741930008,0.37254032492637634,-0.2865314781665802
2933,LEFT_EYE_OUTER,0.23047585785388947,0.36473748087882996,-0.2864864766597748
2933,RIGHT_EYE_INNER,0.2280186414718628,0.40417006611824036,-0.28831520676612854
2933,RIGHT_EYE,0.22794432938098907,0.4139798879623413,-0.28833404183387756
2933,RIGHT_EYE_OUTER,0.2281334102153778,0.42416080832481384,-0.2882612347602844
2933,LEFT_EAR,0.23562857508659363,0.357012003660202,-0.16720643639564514
2933,RIGHT_EAR,0.23200568556785583,0.4381180703639984,-0.17954036593437195
2933,MOUTH_LEFT,0.25712573528289795,0.38249871134757996,-0.2631760239601135
2933,MOUTH_RIGHT,0.2552567720413208,0.4140079915523529,-0.2664616107940674
2933,LEFT_SHOULDER,0.31796377897262573,0.2986219823360443,-0.10549254715442657
2933,RIGHT_SHOULDER,0.29022112488746643,0.5101037621498108,-0.12783639132976532
2933,LEFT_ELBOW,0.41827765107154846,0.29059380292892456,-0.042172692716121674
2933,RIGHT_ELBOW,0.20649650692939758,0.5846608877182007,-0.16556204855442047
2933,LEFT_WRIST,0.505024254322052,0.2894957959651947,-0.033884044736623764
2933,RIGHT_WRIST,0.11296293884515762,0.6682451963424683,-0.18788006901741028
2933,LEFT_PINKY,0.5358477830886841,0.2829045057296753,-0.0419447086751461
2933,RIGHT_PINKY,0.08246638625860214,0.7059571743011475,-0.21700628101825714
2933,LEFT_INDEX,0.5358384847640991,0.2948289215564728,-0.0761813223361969
2933,RIGHT_INDEX,0.07702329754829407,0.7082076668739319,-0.2182386815547943
2933,LEFT_THUMB,0.5263999104499817,0.3029636740684509,-0.048197321593761444
2933,RIGHT_THUMB,0.08726856857538223,0.6954202651977539,-0.19878187775611877
2933,LEFT_HIP,0.5016404986381531,0.3551321029663086,0.018111828714609146
2933,RIGHT_HIP,0.49948650598526,0.47719696164131165,-0.018515849485993385
2933,LEFT_KNEE,0.6376420855522156,0.35257434844970703,0.06909795850515366
2933,RIGHT_KNEE,0.6359583735466003,0.4772540330886841,0.017212022095918655
2933,LEFT_ANKLE,0.7445018887519836,0.3804124593734741,0.2904815673828125
2933,RIGHT_ANKLE,0.7378963828086853,0.4655158221721649,0.23338067531585693
2933,LEFT_HEEL,0.7571277618408203,0.3988550901412964,0.3070279657840729
2933,RIGHT_HEEL,0.7512732148170471,0.46108609437942505,0.2485644519329071
2933,LEFT_FOOT_INDEX,0.796663224697113,0.3266808092594147,0.17852672934532166
2933,RIGHT_FOOT_INDEX,0.793744683265686,0.46634283661842346,0.11059234291315079
2966,NOSE,0.24327965080738068,0.39596468210220337,-0.3127037584781647
2966,LEFT_EYE_INNER,0.2296891212463379,0.38097041845321655,-0.29387426376342773
2966,LEFT_EYE,0.2302057296037674,0.37432900071144104,-0.2939229905605316
2966,LEFT_EYE_OUTER,0.23080570995807648,0.36678844690322876,-0.29387491941452026
2966,RIGHT_EYE_INNER,0.22840842604637146,0.4068770110607147,-0.2947643995285034
2966,RIGHT_EYE,0.22839534282684326,0.41691726446151733,-0.29479336738586426
2966,RIGHT_EYE_OUTER,0.2286732941865921,0.4265834093093872,-0.29471492767333984
2966,LEFT_EAR,0.23617076873779297,0.35784077644348145,-0.17730769515037537
2966,RIGHT_EAR,0.232712984085083,0.43863847851753235,-0.1873224675655365
2966,MOUTH_LEFT,0.2576218545436859,0.38378745317459106,-0.26929962635040283
2966,MOUTH_RIGHT,0.25597885251045227,0.4153464436531067,-0.2712589204311371
2966,LEFT_SHOULDER,0.31796231865882874,0.2987101376056671,-0.1141093522310257
2966,RIGHT_SHOULDER,0.29109349846839905,0.509726881980896,-0.12844228744506836
2966,LEFT_ELBOW,0.4181073307991028,0.2901735305786133,-0.06193964555859566
2966,RIGHT_ELBOW,0.2052454650402069,0.5838684439659119,-0.17019584774971008
2966,LEFT_WRIST,0.5050197839736938,0.28872552514076233,-0.05041459947824478
2966,RIGHT_WRIST,0.11076156795024872,0.6621227860450745,-0.1887814700603485
2966,LEFT_PINKY,0.535886287689209,0.28217148780822754,-0.056700222194194794
2966,RIGHT_PINKY,0.08385388553142548,0.6925749182701111,-0.21696755290031433
2966,LEFT_INDEX,0.5358048677444458,0.2944314181804657,-0.08656812459230423
2966,RIGHT_INDEX,0.07901451736688614,0.6941410303115845,-0.22247973084449768
2966,LEFT_THUMB,0.5263744592666626,0.30271825194358826,-0.06267623603343964
2966,RIGHT_THUMB,0.08820801228284836,0.6838815212249756,-0.1990737020969391
2966,LEFT_HIP,0.5018218159675598,0.35526373982429504,0.016730869188904762
2966,RIGHT_HIP,0.49947601556777954,0.47747087478637695,-0.017163880169391632
2966,LEFT_KNEE,0.6376327872276306,0.35269609093666077,0.05657757446169853
2966,RIGHT_KNEE,0.6354966163635254,0.47721198201179504,0.01531557459384203
2966,LEFT_ANKLE,0.7444884181022644,0.38045722246170044,0.26916053891181946
2966,RIGHT_ANKLE,0.7369860410690308,0.4668543040752411,0.2211419641971588
2966,LEFT_HEEL,0.7571197748184204,0.3994409739971161,0.28526371717453003
2966,RIGHT_HEEL,0.7508824467658997,0.46302616596221924,0.2353038787841797
2966,LEFT_FOOT_INDEX,0.7966606020927429,0.3290950357913971,0.15923690795898438
2966,RIGHT_FOOT_INDEX,0.7932212948799133,0.46639198064804077,0.10025229305028915
3000,NOSE,0.24359294772148132,0.3962937295436859,-0.3217948377132416
3000,LEFT_EYE_INNER,0.2298455536365509,0.38158413767814636,-0.29894906282424927
3000,LEFT_EYE,0.23037858307361603,0.37502792477607727,-0.2990259528160095
3000,LEFT_EYE_OUTER,0.23098346590995789,0.3676896393299103,-0.2990328073501587
3000,RIGHT_EYE_INNER,0.2286485731601715,0.407629132270813,-0.3023305833339691
3000,RIGHT_EYE,0.22870305180549622,0.417788028717041,-0.30234867334365845
3000,RIGHT_EYE_OUTER,0.22907011210918427,0.4275301992893219,-0.30228137969970703
3000,LEFT_EAR,0.2366345375776291,0.35883665084838867,-0.1930064857006073
3000,RIGHT_EAR,0.23368768393993378,0.43982595205307007,-0.1932254135608673
3000,MOUTH_LEFT,0.2580367624759674,0.38406163454055786,-0.271239310503006
3000,MOUTH_RIGHT,0.2566642165184021,0.4157178997993469,-0.2756583094596863
3000,LEFT_SHOULDER,0.3180895447731018,0.2987157702445984,-0.13394127786159515
3000,RIGHT_SHOULDER,0.29209235310554504,0.509688138961792,-0.14652827382087708
3000,LEFT_ELBOW,0.41844120621681213,0.287779301404953,-0.07765261828899384
3000,RIGHT_ELBOW,0.20518295466899872,0.5833834409713745,-0.18595531582832336
3000,LEFT_WRIST,0.5052403807640076,0.2862093150615692,-0.06281758844852448
3000,RIGHT_WRIST,0.1074482649564743,0.6599715352058411,-0.20153646171092987
3000,LEFT_PINKY,0.5360180139541626,0.28025197982788086,-0.06949479877948761
3000,RIGHT_PINKY,0.0789031833410263,0.6920905709266663,-0.22895094752311707
3000,LEFT_INDEX,0.5357989072799683,0.2929374575614929,-0.09943331778049469
3000,RIGHT_INDEX,0.07415379583835602,0.6939029693603516,-0.2339937686920166
3000,LEFT_THUMB,0.5263940095901489,0.3009653389453888,-0.07503071427345276
3000,RIGHT_THUMB,0.08399742096662521,0.682818591594696,-0.21280500292778015
3000,LEFT_HIP,0.5018392205238342,0.35527029633522034,0.01609596237540245
3000,RIGHT_HIP,0.49955207109451294,0.47764095664024353,-0.01654680445790291
3000,LEFT_KNEE,0.6382179260253906,0.3525543808937073,0.0567416250705719
3000,RIGHT_KNEE,0.6356037855148315,0.4769938886165619,0.017094213515520096
3000,LEFT_ANKLE,0.7453402876853943,0.3803064227104187,0.2823143005371094
3000,RIGHT_ANKLE,0.7365358471870422,0.467428982257843,0.2345268428325653
3000,LEFT_HEEL,0.7576683163642883,0.39930614829063416,0.2993007302284241
3000,RIGHT_HEEL,0.7507067918777466,0.4637919068336487,0.2499590814113617
3000,LEFT_FOOT_INDEX,0.7972785234451294,0.3291786313056946,0.16935792565345764
3000,RIGHT_FOOT_INDEX,0.793178915977478,0.4664313793182373,0.10872254520654678
3033,NOSE,0.2435348927974701,0.3980298340320587,-0.3090282380580902
3033,LEFT_EYE_INNER,0.22978107631206512,0.38298526406288147,-0.28998544812202454
3033,LEFT_EYE,0.23029232025146484,0.376050740480423,-0.2900393605232239
3033,LEFT_EYE_OUTER,0.23087362945079803,0.3689552843570709,-0.28999584913253784
3033,RIGHT_EYE_INNER,0.22862574458122253,0.4098171293735504,-0.2894377112388611
3033,RIGHT_EYE,0.22872313857078552,0.4200844168663025,-0.28947025537490845
3033,RIGHT_EYE_OUTER,0.22916874289512634,0.42944416403770447,-0.2893931567668915
3033,LEFT_EAR,0.2366151362657547,0.359333872795105,-0.18535453081130981
3033,RIGHT_EAR,0.23413780331611633,0.44122734665870667,-0.18243750929832458
3033,MOUTH_LEFT,0.25800174474716187,0.38465914130210876,-0.267173707485199
3033,MOUTH_RIGHT,0.2567451000213623,0.41647207736968994,-0.2672213315963745
3033,LEFT_SHOULDER,0.31830617785453796,0.2980106472969055,-0.1318090856075287
3033,RIGHT_SHOULDER,0.29302382469177246,0.5096263289451599,-0.13745972514152527
3033,LEFT_ELBOW,0.41907352209091187,0.2853406071662903,-0.07189621031284332
3033,RIGHT_ELBOW,0.20599929988384247,0.582578718662262,-0.17925715446472168
3033,LEFT_WRIST,0.5062968730926514,0.28505170345306396,-0.06255261600017548
3033,RIGHT_WRIST,0.10825933516025543,0.6560086607933044,-0.18052592873573303
3033,LEFT_PINKY,0.5367193222045898,0.27960702776908875,-0.06569334864616394
3033,RIGHT_PINKY,0.07986815273761749,0.6880086064338684,-0.20604078471660614
3033,LEFT_INDEX,0.5361844301223755,0.292582631111145,-0.09239159524440765
3033,RIGHT_INDEX,0.07539064437150955,0.6888489127159119,-0.2131998986005783
3033,LEFT_THUMB,0.5268043875694275,0.3004344701766968,-0.07167676091194153
3033,RIGHT_THUMB,0.08477996289730072,0.6777698993682861,-0.1923447847366333
3033,LEFT_HIP,0.5024238228797913,0.3552457094192505,0.014584374614059925
3033,RIGHT_HIP,0.5000429153442383,0.4778396189212799,-0.015035323798656464
3033,LEFT_KNEE,0.6388524770736694,0.3524700701236725,0.05743875354528427
3033,RIGHT_KNEE,0.6355544328689575,0.4773957431316376,0.019633371382951736
3033,LEFT_ANKLE,0.7462882399559021,0.38043564558029175,0.2738484740257263
3033,RIGHT_ANKLE,0.7365292906761169,0.46916601061820984,0.23534655570983887
3033,LEFT_HEEL,0.7584394216537476,0.3994106650352478,0.2899300158023834
3033,RIGHT_HEEL,0.7508431673049927,0.4661017060279846,0.25032493472099304
3033,LEFT_FOOT_INDEX,0.7974202036857605,0.33034104108810425,0.16244752705097198
3033,RIGHT_FOOT_INDEX,0.793158233165741,0.466510146856308,0.1123228669166565
3066,NOSE,0.2434888631105423,0.3988834023475647,-0.3184627294540405
3066,LEFT_EYE_INNER,0.22969195246696472,0.38375425338745117,-0.2989497780799866
3066,LEFT_EYE,0.23016457259655,0.3765178620815277,-0.2990005314350128
3066,LEFT_EYE_OUTER,0.23069870471954346,0.36958250403404236,-0.2989625334739685
3066,RIGHT_EYE_INNER,0.22860467433929443,0.4110548794269562,-0.29887664318084717
3066,RIGHT_EYE,0.22871050238609314,0.4214537441730499,-0.29891055822372437
3066,RIGHT_EYE_OUTER,0.22917187213897705,0.43059369921684265,-0.2988327145576477
3066,LEFT_EAR,0.23641996085643768,0.3595191538333893,-0.18718808889389038
3066,RIGHT_EAR,0.23420527577400208,0.4419671297073364,-0.1880502849817276
3066,MOUTH_LEFT,0.2579800486564636,0.38479915261268616,-0.2748154401779175
3066,MOUTH_RIGHT,0.2568046450614929,0.4166701138019562,-0.2756279408931732
3066,LEFT_SHOULDER,0.31829702854156494,0.2977612316608429,-0.13249608874320984
3066,RIGHT_SHOULDER,0.2933124005794525,0.5094501972198486,-0.14178234338760376
3066,LEFT_ELBOW,0.4192526340484619,0.2843216359615326,-0.07204164564609528
3066,RIGHT_ELBOW,0.20657333731651306,0.5804909467697144,-0.17792066931724548
3066,LEFT_WRIST,0.5067086815834045,0.2836379110813141,-0.059270888566970825
3066,RIGHT_WRIST,0.10968460142612457,0.6492205262184143,-0.18565109372138977
3066,LEFT_PINKY,0.5370808839797974,0.27833232283592224,-0.06425990164279938
3066,RIGHT_PINKY,0.08179350197315216,0.6778468489646912,-0.20985376834869385
3066,LEFT_INDEX,0.5364041328430176,0.2912318706512451,-0.09256759285926819
3066,RIGHT_INDEX,0.07720924913883209,0.6790834069252014,-0.21476593613624573
3066,LEFT_THUMB,0.526976466178894,0.29877057671546936,-0.07005998492240906
3066,RIGHT_THUMB,0.08610951900482178,0.6693485975265503,-0.19653603434562683
3066,LEFT_HIP,0.5024039149284363,0.35525333881378174,0.014631177298724651
3066,RIGHT_HIP,0.5001581311225891,0.47807449102401733,-0.01507787685841322
3066,LEFT_KNEE,0.6380746364593506,0.35158491134643555,0.07049676775932312
3066,RIGHT_KNEE,0.6349656581878662,0.4773465394973755,0.02264435775578022
3066,LEFT_ANKLE,0.7462663054466248,0.38052481412887573,0.277218222618103
3066,RIGHT_ANKLE,0.7363380193710327,0.46898096799850464,0.22971782088279724
3066,LEFT_HEEL,0.7585333585739136,0.3994605541229248,0.2925824522972107
3066,RIGHT_HEEL,0.7509637475013733,0.4662174582481384,0.24367797374725342
3066,LEFT_FOOT_INDEX,0.7971339225769043,0.3303321301937103,0.16665460169315338
3066,RIGHT_FOOT_INDEX,0.7924805879592896,0.46557071805000305,0.10883788764476776
3100,NOSE,0.24345853924751282,0.3987554907798767,-0.347675621509552
3100,LEFT_EYE_INNER,0.2296718806028366,0.38374409079551697,-0.3280141353607178
3100,LEFT_EYE,0.23014071583747864,0.3765207827091217,-0.3280544579029083
3100,LEFT_EYE_OUTER,0.23067331314086914,0.3696002960205078,-0.3279995322227478
3100,RIGHT_EYE_INNER,0.22858786582946777,0.41097891330718994,-0.3276554346084595
3100,RIGHT_EYE,0.2286955863237381,0.42140376567840576,-0.3277066946029663
3100,RIGHT_EYE_OUTER,0.2291572540998459,0.4306255877017975,-0.3276413083076477
3100,LEFT_EAR,0.23640552163124084,0.35966211557388306,-0.21082893013954163
3100,RIGHT_EAR,0.23419196903705597,0.44224005937576294,-0.21151018142700195
3100,MOUTH_LEFT,0.257954478263855,0.3848058581352234,-0.30249881744384766
3100,MOUTH_RIGHT,0.2567846477031708,0.4166640341281891,-0.3025960922241211
3100,LEFT_SHOULDER,0.3182831406593323,0.2977258861064911,-0.14449813961982727
3100,RIGHT_SHOULDER,0.29330557584762573,0.5093943476676941,-0.16251212358474731
3100,LEFT_ELBOW,0.41937485337257385,0.28360515832901,-0.08418616652488708
3100,RIGHT_ELBOW,0.20684778690338135,0.5807833075523376,-0.19741269946098328
3100,LEFT_WRIST,0.5070100426673889,0.283652126789093,-0.07064037024974823
3100,RIGHT_WRIST,0.10842569917440414,0.6493774056434631,-0.2090139091014862
3100,LEFT_PINKY,0.5374894142150879,0.278411865234375,-0.07683050632476807
3100,RIGHT_PINKY,0.0804443210363388,0.6795692443847656,-0.23596446216106415
3100,LEFT_INDEX,0.5368331074714661,0.29116809368133545,-0.10583231598138809
3100,RIGHT_INDEX,0.07562017440795898,0.6807810664176941,-0.24287542700767517
3100,LEFT_THUMB,0.5272969007492065,0.2986512780189514,-0.08229494094848633
3100,RIGHT_THUMB,0.08447311818599701,0.6702436804771423,-0.2206767499446869
3100,LEFT_HIP,0.5024212598800659,0.3553042411804199,0.01462567038834095
3100,RIGHT_HIP,0.5001798272132874,0.4783640503883362,-0.015076895244419575
3100,LEFT_KNEE,0.6379903554916382,0.3512478172779083,0.06954316049814224
3100,RIGHT_KNEE,0.6344581246376038,0.4768190085887909,0.022620882838964462
3100,LEFT_ANKLE,0.7461893558502197,0.38031303882598877,0.28359222412109375
3100,RIGHT_ANKLE,0.735031247138977,0.4688916802406311,0.24522332847118378
3100,LEFT_HEEL,0.758505642414093,0.3991343080997467,0.3014830946922302
3100,RIGHT_HEEL,0.7497079968452454,0.4665455222129822,0.26260262727737427
3100,LEFT_FOOT_INDEX,0.7971514463424683,0.33072012662887573,0.17305178940296173
3100,RIGHT_FOOT_INDEX,0.7916702628135681,0.4646786153316498,0.12792110443115234
3133,NOSE,0.24279144406318665,0.3983282446861267,-0.33222922682762146
3133,LEFT_EYE_INNER,0.2289140522480011,0.3835258483886719,-0.3135882616043091
3133,LEFT_EYE,0.22941403090953827,0.3764633238315582,-0.31362593173980713
3133,LEFT_EYE_OUTER,0.2299816608428955,0.3695499300956726,-0.31355732679367065
3133,RIGHT_EYE_INNER,0.2278916835784912,0.4106608033180237,-0.31397730112075806
3133,RIGHT_EYE,0.22807089984416962,0.4212418496608734,-0.3140256106853485
3133,RIGHT_EYE_OUTER,0.22858098149299622,0.43058738112449646,-0.31395989656448364
3133,LEFT_EAR,0.23595309257507324,0.35964807868003845,-0.20377008616924286
3133,RIGHT_EAR,0.23386931419372559,0.44223111867904663,-0.20783181488513947
3133,MOUTH_LEFT,0.25737056136131287,0.38457271456718445,-0.2901186943054199
3133,MOUTH_RIGHT,0.2562740743160248,0.41655880212783813,-0.2913511097431183
3133,LEFT_SHOULDER,0.3182888925075531,0.29757195711135864,-0.14118196070194244
3133,RIGHT_SHOULDER,0.2933533191680908,0.509279727935791,-0.1585186868906021
3133,LEFT_ELBOW,0.4198940396308899,0.2827969491481781,-0.0786546841263771
3133,RIGHT_ELBOW,0.20711639523506165,0.5810810923576355,-0.19178566336631775
3133,LEFT_WRIST,0.5086632370948792,0.283684104681015,-0.06592848896980286
3133,RIGHT_WRIST,0.10889168828725815,0.6481497287750244,-0.20533967018127441
3133,LEFT_PINKY,0.5385679006576538,0.278551310300827,-0.07289882749319077
3133,RIGHT_PINKY,0.08087301254272461,0.6762136220932007,-0.2322855293750763
3133,LEFT_INDEX,0.5379814505577087,0.2911759614944458,-0.1033778041601181
3133,RIGHT_INDEX,0.07615507394075394,0.676940381526947,-0.24252262711524963
3133,LEFT_THUMB,0.5283085107803345,0.2986508905887604,-0.07813043147325516
3133,RIGHT_THUMB,0.08490268886089325,0.6671389937400818,-0.21789845824241638
3133,LEFT_HIP,0.5024072527885437,0.3556334972381592,0.015168650075793266
3133,RIGHT_HIP,0.5001804828643799,0.47860920429229736,-0.015625935047864914
3133,LEFT_KNEE,0.6364525556564331,0.35066813230514526,0.07116231322288513
3133,RIGHT_KNEE,0.6338194608688354,0.4759572744369507,0.022452829405665398
3133,LEFT_ANKLE,0.7450399994850159,0.3802269399166107,0.28420862555503845
3133,RIGHT_ANKLE,0.7345600724220276,0.4681812822818756,0.23442542552947998
3133,LEFT_HEEL,0.7580928802490234,0.39892545342445374,0.30119985342025757
3133,RIGHT_HEEL,0.7495436668395996,0.4663864076137543,0.24982866644859314
3133,LEFT_FOOT_INDEX,0.79686439037323,0.33088356256484985,0.17476209998130798
3133,RIGHT_FOOT_INDEX,0.7911368608474731,0.46363961696624756,0.1173650473356247
3166,NOSE,0.2431650608778,0.39769604802131653,-0.36497384309768677
3166,LEFT_EYE_INNER,0.2295002043247223,0.38322076201438904,-0.34554386138916016
3166,LEFT_EYE,0.22999779880046844,0.3763274848461151,-0.3455633521080017
3166,LEFT_EYE_OUTER,0.23047709465026855,0.369488388299942,-0.34552261233329773
3166,RIGHT_EYE_INNER,0.22861547768115997,0.40997204184532166,-0.34657078981399536
3166,RIGHT_EYE,0.22878023982048035,0.4206230938434601,-0.3466184735298157
3166,RIGHT_EYE_OUTER,0.22921518981456757,0.4302697479724884,-0.34653517603874207
3166,LEFT_EAR,0.23629669845104218,0.3596387207508087,-0.22441843152046204
3166,RIGHT_EAR,0.23423106968402863,0.44222670793533325,-0.23263683915138245
3166,MOUTH_LEFT,0.25754663348197937,0.3840465247631073,-0.31828996539115906
3166,MOUTH_RIGHT,0.25646448135375977,0.4161868989467621,-0.32046544551849365
3166,LEFT_SHOULDER,0.31822434067726135,0.29743286967277527,-0.15254880487918854
3166,RIGHT_SHOULDER,0.2933419346809387,0.509247899055481,-0.17615549266338348
3166,LEFT_ELBOW,0.4198433458805084,0.28199508786201477,-0.08845065534114838
3166,RIGHT_ELBOW,0.2073134481906891,0.5817434787750244,-0.2120453119277954
3166,LEFT_WRIST,0.5085893869400024,0.28360092639923096,-0.08046413958072662
3166,RIGHT_WRIST,0.10844805091619492,0.6482713222503662,-0.2281230390071869
3166,LEFT_PINKY,0.5385242104530334,0.2785908877849579,-0.08944079279899597
3166,RIGHT_PINKY,0.08057663589715958,0.676862895488739,-0.2567347288131714
3166,LEFT_INDEX,0.5379465222358704,0.29118025302886963,-0.12174588441848755
3166,RIGHT_INDEX,0.07653193920850754,0.6763376593589783,-0.26636260747909546
3166,LEFT_THUMB,0.528291642665863,0.2985960841178894,-0.09370050579309464
3166,RIGHT_THUMB,0.0850176140666008,0.6663090586662292,-0.24066469073295593
3166,LEFT_HIP,0.5022337436676025,0.35547691583633423,0.016203833743929863
3166,RIGHT_HIP,0.5001139640808105,0.4786181151866913,-0.016647834330797195
3166,LEFT_KNEE,0.6353983879089355,0.3499908149242401,0.08292976766824722
3166,RIGHT_KNEE,0.633821427822113,0.47583964467048645,0.024675894528627396
3166,LEFT_ANKLE,0.744322657585144,0.3802255094051361,0.3103252351284027
3166,RIGHT_ANKLE,0.7345751523971558,0.46722230315208435,0.24232801795005798
3166,LEFT_HEEL,0.7575792670249939,0.3988986015319824,0.3281824290752411
3166,RIGHT_HEEL,0.7495868802070618,0.4653039276599884,0.25839418172836304
3166,LEFT_FOOT_INDEX,0.7969556450843811,0.3308049440383911,0.19860528409481049
3166,RIGHT_FOOT_INDEX,0.7913514971733093,0.4636825919151306,0.12136520445346832
3200,NOSE,0.24368281662464142,0.3960399627685547,-0.32820844650268555
3200,LEFT_EYE_INNER,0.23010364174842834,0.3822893798351288,-0.30962854623794556
3200,LEFT_EYE,0.230633944272995,0.375623494386673,-0.30967122316360474
3200,LEFT_EYE_OUTER,0.23108837008476257,0.36867502331733704,-0.3096296191215515
3200,RIGHT_EYE_INNER,0.22910745441913605,0.408463716506958,-0.3112054467201233
3200,RIGHT_EYE,0.22919079661369324,0.4189404845237732,-0.311241090297699
3200,RIGHT_EYE_OUTER,0.22953088581562042,0.42899271845817566,-0.3111533522605896
3200,LEFT_EAR,0.23671936988830566,0.35899510979652405,-0.19438350200653076
3200,RIGHT_EAR,0.23435485363006592,0.4418794810771942,-0.20510396361351013
3200,MOUTH_LEFT,0.25820857286453247,0.3829611539840698,-0.2837520241737366
3200,MOUTH_RIGHT,0.2570280432701111,0.4149269163608551,-0.2864070534706116
3200,LEFT_SHOULDER,0.31821486353874207,0.29730966687202454,-0.1275886446237564
3200,RIGHT_SHOULDER,0.2932455837726593,0.5089886784553528,-0.16378438472747803
3200,LEFT_ELBOW,0.4195930063724518,0.2815065085887909,-0.06324206292629242
3200,RIGHT_ELBOW,0.2073357105255127,0.5821921825408936,-0.2051781862974167
3200,LEFT_WRIST,0.508258581161499,0.2839828431606293,-0.04077524319291115
3200,RIGHT_WRIST,0.10541540384292603,0.6506878137588501,-0.20974230766296387
3200,LEFT_PINKY,0.5382477045059204,0.2811121642589569,-0.0453604981303215
3200,RIGHT_PINKY,0.0777447521686554,0.6804189682006836,-0.23417334258556366
3200,LEFT_INDEX,0.5377907752990723,0.29192590713500977,-0.07552874088287354
3200,RIGHT_INDEX,0.07477669417858124,0.680159866809845,-0.2397094964981079
3200,LEFT_THUMB,0.5281431078910828,0.2990995943546295,-0.052861593663692474
3200,RIGHT_THUMB,0.08268700540065765,0.6698144674301147,-0.22005924582481384
3200,LEFT_HIP,0.5033136010169983,0.3553634285926819,0.018037153407931328
3200,RIGHT_HIP,0.5010415315628052,0.4785747826099396,-0.018459979444742203
3200,LEFT_KNEE,0.6355524063110352,0.3499281108379364,0.08232567459344864
3200,RIGHT_KNEE,0.6338142156600952,0.4756546914577484,0.02836713194847107
3200,LEFT_ANKLE,0.7442976236343384,0.38031530380249023,0.3004985451698303
3200,RIGHT_ANKLE,0.7341299653053284,0.4672451913356781,0.2425011694431305
3200,LEFT_HEEL,0.7576897740364075,0.39914995431900024,0.31690818071365356
3200,RIGHT_HEEL,0.7495993375778198,0.46530333161354065,0.2586336135864258
3200,LEFT_FOOT_INDEX,0.7969414591789246,0.33093902468681335,0.1973119080066681
3200,RIGHT_FOOT_INDEX,0.7907328009605408,0.4636002779006958,0.12509892880916595
3233,NOSE,0.24550870060920715,0.3968367576599121,-0.3298805356025696
3233,LEFT_EYE_INNER,0.23143179714679718,0.38307082653045654,-0.31066256761550903
3233,LEFT_EYE,0.2318010777235031,0.37602317333221436,-0.31070542335510254
3233,LEFT_EYE_OUTER,0.23215897381305695,0.36919692158699036,-0.31066691875457764
3233,RIGHT_EYE_INNER,0.23088130354881287,0.40920254588127136,-0.31223064661026
3233,RIGHT_EYE,0.23095881938934326,0.41945886611938477,-0.3122686743736267
3233,RIGHT_EYE_OUTER,0.23123987019062042,0.42915090918540955,-0.3121849596500397
3233,LEFT_EAR,0.23717358708381653,0.35918128490448,-0.19863875210285187
3233,RIGHT_EAR,0.23518136143684387,0.4418743848800659,-0.20204651355743408
3233,MOUTH_LEFT,0.25960296392440796,0.3832405209541321,-0.28511545062065125
3233,MOUTH_RIGHT,0.25869712233543396,0.41501960158348083,-0.2869448661804199
3233,LEFT_SHOULDER,0.3181527554988861,0.29675501585006714,-0.13341757655143738
3233,RIGHT_SHOULDER,0.2932406961917877,0.508428692817688,-0.15792080760002136
3233,LEFT_ELBOW,0.41913866996765137,0.2813470661640167,-0.07310384511947632
3233,RIGHT_ELBOW,0.2074541598558426,0.5814711451530457,-0.19771553575992584
3233,LEFT_WRIST,0.5072761178016663,0.2859754264354706,-0.04372815415263176
3233,RIGHT_WRIST,0.10631606727838516,0.6501629948616028,-0.19660228490829468
3233,LEFT_PINKY,0.5368655920028687,0.2851176857948303,-0.04581674188375473
3233,RIGHT_PINKY,0.07863295078277588,0.6785956621170044,-0.22116389870643616
3233,LEFT_INDEX,0.536349356174469,0.29508426785469055,-0.07941225916147232
3233,RIGHT_INDEX,0.07542518526315689,0.6779841780662537,-0.22818143665790558
3233,LEFT_THUMB,0.5268468260765076,0.3021312952041626,-0.05329061299562454
3233,RIGHT_THUMB,0.0833539366722107,0.6684507727622986,-0.20785176753997803
3233,LEFT_HIP,0.5038748979568481,0.35454314947128296,0.01581784151494503
3233,RIGHT_HIP,0.5015639066696167,0.4783725440502167,-0.01624327339231968
3233,LEFT_KNEE,0.6355692744255066,0.3499131202697754,0.06703001260757446
3233,RIGHT_KNEE,0.6333242654800415,0.47521132230758667,0.031070526689291
3233,LEFT_ANKLE,0.7442489862442017,0.38016095757484436,0.2843357026576996
3233,RIGHT_ANKLE,0.7340925931930542,0.46701839566230774,0.253003865480423
3233,LEFT_HEEL,0.7576873302459717,0.3988891541957855,0.3012714087963104
3233,RIGHT_HEEL,0.7493918538093567,0.4652289152145386,0.2700023055076599
3233,LEFT_FOOT_INDEX,0.7973551154136658,0.33262667059898376,0.17212404310703278
3233,RIGHT_FOOT_INDEX,0.7904033660888672,0.4633834958076477,0.135460764169693
3266,NOSE,0.24675002694129944,0.39679205417633057,-0.37558552622795105
3266,LEFT_EYE_INNER,0.2325402945280075,0.3830379843711853,-0.35750123858451843
3266,LEFT_EYE,0.2328205406665802,0.3759881854057312,-0.3575149178504944
3266,LEFT_EYE_OUTER,0.2331625521183014,0.3691593110561371,-0.3574846386909485
3266,RIGHT_EYE_INNER,0.23205044865608215,0.40915727615356445,-0.3572191298007965
3266,RIGHT_EYE,0.2320753037929535,0.41941362619400024,-0.35728055238723755
3266,RIGHT_EYE_OUTER,0.2322729527950287,0.4291316270828247,-0.3571990132331848
3266,LEFT_EAR,0.23768436908721924,0.35916683077812195,-0.23620113730430603
3266,RIGHT_EAR,0.2356029748916626,0.44172248244285583,-0.23696856200695038
3266,MOUTH_LEFT,0.2605138123035431,0.38315850496292114,-0.3278586268424988
3266,MOUTH_RIGHT,0.2595681846141815,0.41491541266441345,-0.32786592841148376
3266,LEFT_SHOULDER,0.31816649436950684,0.2961718440055847,-0.15390262007713318
3266,RIGHT_SHOULDER,0.293020099401474,0.5076002478599548,-0.17952536046504974
3266,LEFT_ELBOW,0.41906875371932983,0.28071239590644836,-0.0855100154876709
3266,RIGHT_ELBOW,0.20593023300170898,0.5811837315559387,-0.20978009700775146
3266,LEFT_WRIST,0.5072024464607239,0.2862034738063812,-0.06702889502048492
3266,RIGHT_WRIST,0.10645432770252228,0.6512150764465332,-0.22220000624656677
3266,LEFT_PINKY,0.5368326902389526,0.285992830991745,-0.07291646301746368
3266,RIGHT_PINKY,0.07851715385913849,0.6801877617835999,-0.2485029399394989
3266,LEFT_INDEX,0.5363045334815979,0.2954508066177368,-0.10525117069482803
3266,RIGHT_INDEX,0.07552492618560791,0.6798229813575745,-0.2604463994503021
3266,LEFT_THUMB,0.5268025398254395,0.30240073800086975,-0.07902451604604721
3266,RIGHT_THUMB,0.08317473530769348,0.6701557636260986,-0.23540890216827393
3266,LEFT_HIP,0.5039206743240356,0.3543667197227478,0.015829209238290787
3266,RIGHT_HIP,0.5015518069267273,0.477844774723053,-0.01625436171889305
3266,LEFT_KNEE,0.6355430483818054,0.35043948888778687,0.08918587863445282
3266,RIGHT_KNEE,0.632943332195282,0.47312799096107483,0.03539695590734482
3266,LEFT_ANKLE,0.7450435161590576,0.38078075647354126,0.2930944263935089
3266,RIGHT_ANKLE,0.7335712313652039,0.46625521779060364,0.251237690448761
3266,LEFT_HEEL,0.7599402666091919,0.40050816535949707,0.3081870675086975
3266,RIGHT_HEEL,0.7494004368782043,0.46506479382514954,0.26682010293006897
3266,LEFT_FOOT_INDEX,0.7974506616592407,0.332615464925766,0.17869174480438232
3266,RIGHT_FOOT_INDEX,0.7878618836402893,0.46183326840400696,0.13016080856323242
3300,NOSE,0.2467489242553711,0.39514753222465515,-0.34310010075569153
3300,LEFT_EYE_INNER,0.23256269097328186,0.38175806403160095,-0.326582670211792
3300,LEFT_EYE,0.2328667938709259,0.37503716349601746,-0.32659024000167847
3300,LEFT_EYE_OUTER,0.23322555422782898,0.3679989278316498,-0.32655519247055054
3300,RIGHT_EYE_INNER,0.23201748728752136,0.4074351489543915,-0.32744258642196655
3300,RIGHT_EYE,0.2320338785648346,0.4174345135688782,-0.32750600576400757
3300,RIGHT_EYE_OUTER,0.232229083776474,0.4274810254573822,-0.32742172479629517
3300,LEFT_EAR,0.23777702450752258,0.3580111265182495,-0.2158873826265335
3300,RIGHT_EAR,0.23559685051441193,0.44071897864341736,-0.2236005961894989
3300,MOUTH_LEFT,0.260684072971344,0.3818323016166687,-0.29949504137039185
3300,MOUTH_RIGHT,0.2596533000469208,0.4136154055595398,-0.3012310266494751
3300,LEFT_SHOULDER,0.3182400166988373,0.2950550317764282,-0.14515158534049988
3300,RIGHT_SHOULDER,0.2929324209690094,0.5067272782325745,-0.17441721260547638
3300,LEFT_ELBOW,0.4190391004085541,0.2792850136756897,-0.07853912562131882
3300,RIGHT_ELBOW,0.20539681613445282,0.58111572265625,-0.2035154402256012
3300,LEFT_WRIST,0.5071675777435303,0.28569167852401733,-0.05446873977780342
3300,RIGHT_WRIST,0.1060207262635231,0.6517638564109802,-0.20447275042533875
3300,LEFT_PINKY,0.536827802658081,0.28566688299179077,-0.058805666863918304
3300,RIGHT_PINKY,0.078018918633461,0.6812541484832764,-0.22685249149799347
3300,LEFT_INDEX,0.5363003611564636,0.29535675048828125,-0.08880849927663803
3300,RIGHT_INDEX,0.07540007680654526,0.681094765663147,-0.2359507530927658
3300,LEFT_THUMB,0.5268023014068604,0.30226659774780273,-0.06580527126789093
3300,RIGHT_THUMB,0.08298452198505402,0.671268105506897,-0.21619465947151184
3300,LEFT_HIP,0.5042496919631958,0.35398194193840027,0.015839530155062675
3300,RIGHT_HIP,0.5017776489257812,0.4775209128856659,-0.016262156888842583
3300,LEFT_KNEE,0.6355527639389038,0.3504001498222351,0.08649834990501404
3300,RIGHT_KNEE,0.6330643892288208,0.47084376215934753,0.03283414989709854
3300,LEFT_ANKLE,0.745141327381134,0.38077595829963684,0.2704044580459595
3300,RIGHT_ANKLE,0.7324955463409424,0.4660355746746063,0.2285301238298416
3300,LEFT_HEEL,0.7604669332504272,0.400504469871521,0.28454160690307617
3300,RIGHT_HEEL,0.7483178973197937,0.4648943245410919,0.2423614263534546
3300,LEFT_FOOT_INDEX,0.7974566221237183,0.3325427174568176,0.16412308812141418
3300,RIGHT_FOOT_INDEX,0.7867628931999207,0.4613868296146393,0.1136970967054367
3333,NOSE,0.2466910183429718,0.3948800265789032,-0.3357725739479065
3333,LEFT_EYE_INNER,0.23253381252288818,0.38151320815086365,-0.31877321004867554
3333,LEFT_EYE,0.23283931612968445,0.37478506565093994,-0.31879693269729614
3333,LEFT_EYE_OUTER,0.23320475220680237,0.3677433729171753,-0.3187524080276489
3333,RIGHT_EYE_INNER,0.23196002840995789,0.40710151195526123,-0.3192213475704193
3333,RIGHT_EYE,0.23197874426841736,0.41707804799079895,-0.31928762793540955
3333,RIGHT_EYE_OUTER,0.23217985033988953,0.42717814445495605,-0.319217324256897
3333,LEFT_EAR,0.23776957392692566,0.35755085945129395,-0.21036148071289062
3333,RIGHT_EAR,0.2356162965297699,0.4403437674045563,-0.21629531681537628
3333,MOUTH_LEFT,0.2606560289859772,0.38140711188316345,-0.29322728514671326
3333,MOUTH_RIGHT,0.2596435844898224,0.41321861743927,-0.29442864656448364
3333,LEFT_SHOULDER,0.31852787733078003,0.29312363266944885,-0.1436605602502823
3333,RIGHT_SHOULDER,0.2930268943309784,0.506463348865509,-0.17271742224693298
3333,LEFT_ELBOW,0.41903263330459595,0.27742427587509155,-0.07925575971603394
3333,RIGHT_ELBOW,0.20572566986083984,0.580805242061615,-0.1996786892414093
3333,LEFT_WRIST,0.5071608424186707,0.2847467362880707,-0.05916636437177658
3333,RIGHT_WRIST,0.1063249334692955,0.6523395776748657,-0.20411841571331024
3333,LEFT_PINKY,0.5368748307228088,0.28439241647720337,-0.06454139202833176
3333,RIGHT_PINKY,0.07789850234985352,0.6820953488349915,-0.22696661949157715
3333,LEFT_INDEX,0.536300778388977,0.2946873903274536,-0.09392247349023819
3333,RIGHT_INDEX,0.07520787417888641,0.6819425821304321,-0.23603077232837677
3333,LEFT_THUMB,0.5268251895904541,0.30167773365974426,-0.07040847837924957
3333,RIGHT_THUMB,0.08266957104206085,0.6720184087753296,-0.21609528362751007
3333,LEFT_HIP,0.5050333738327026,0.3538050055503845,0.015451977960765362
3333,RIGHT_HIP,0.5024792551994324,0.4775862395763397,-0.01585989072918892
3333,LEFT_KNEE,0.6371163129806519,0.3498667776584625,0.05915163829922676
3333,RIGHT_KNEE,0.6346492171287537,0.4689685106277466,0.03089601919054985
3333,LEFT_ANKLE,0.7451318502426147,0.3807125985622406,0.26963192224502563
3333,RIGHT_ANKLE,0.7313538789749146,0.46600642800331116,0.23440143465995789
3333,LEFT_HEEL,0.7600721716880798,0.4003293216228485,0.2857827842235565
3333,RIGHT_HEEL,0.745227575302124,0.46486330032348633,0.25020498037338257
3333,LEFT_FOOT_INDEX,0.7975360155105591,0.3329983353614807,0.16231785714626312
3333,RIGHT_FOOT_INDEX,0.7868801951408386,0.4613632261753082,0.12401087582111359
3366,NOSE,0.2465524971485138,0.39457228779792786,-0.31631985306739807
3366,LEFT_EYE_INNER,0.23245617747306824,0.38116344809532166,-0.298953115940094
3366,LEFT_EYE,0.23277755081653595,0.3744155764579773,-0.29898613691329956
3366,LEFT_EYE_OUTER,0.23315250873565674,0.36740362644195557,-0.2989408075809479
3366,RIGHT_EYE_INNER,0.23193976283073425,0.4066103994846344,-0.29889050126075745
3366,RIGHT_EYE,0.2319478541612625,0.4165135324001312,-0.2989453971385956
3366,RIGHT_EYE_OUTER,0.23214475810527802,0.4266522228717804,-0.2988719940185547
3366,LEFT_EAR,0.23779110610485077,0.35710829496383667,-0.19173958897590637
3366,RIGHT_EAR,0.23566479980945587,0.4398353099822998,-0.1950211077928543
3366,MOUTH_LEFT,0.2606279253959656,0.3809477984905243,-0.27478325366973877
3366,MOUTH_RIGHT,0.25961360335350037,0.4128442108631134,-0.2752527594566345
3366,LEFT_SHOULDER,0.31864768266677856,0.29203078150749207,-0.13723406195640564
3366,RIGHT_SHOULDER,0.29319602251052856,0.5060738325119019,-0.1493087112903595
3366,LEFT_ELBOW,0.4188690185546875,0.27688226103782654,-0.0789676308631897
3366,RIGHT_ELBOW,0.2060939371585846,0.5801829695701599,-0.17714709043502808
3366,LEFT_WRIST,0.5070438385009766,0.28449657559394836,-0.059091925621032715
3366,RIGHT_WRIST,0.1065630093216896,0.6533634066581726,-0.18647661805152893
3366,LEFT_PINKY,0.5368567109107971,0.28393322229385376,-0.0645269826054573
3366,RIGHT_PINKY,0.07770238816738129,0.682696521282196,-0.20999105274677277
3366,LEFT_INDEX,0.5362266302108765,0.29441070556640625,-0.09348736703395844
3366,RIGHT_INDEX,0.07500459998846054,0.6821069717407227,-0.21958684921264648
3366,LEFT_THUMB,0.5267977118492126,0.30150851607322693,-0.07022741436958313
3366,RIGHT_THUMB,0.082328662276268,0.672703742980957,-0.19883987307548523
3366,LEFT_HIP,0.5061057806015015,0.35264620184898376,0.014231759123504162
3366,RIGHT_HIP,0.5034456253051758,0.4773074984550476,-0.014633087441325188
3366,LEFT_KNEE,0.6390451192855835,0.34961265325546265,0.03711587190628052
3366,RIGHT_KNEE,0.6347328424453735,0.46899181604385376,0.008164133876562119
3366,LEFT_ANKLE,0.7451258897781372,0.3807673454284668,0.2728065848350525
3366,RIGHT_ANKLE,0.7288592457771301,0.46854349970817566,0.23858746886253357
3366,LEFT_HEEL,0.7599982619285583,0.40031853318214417,0.2884109914302826
3366,RIGHT_HEEL,0.7422520518302917,0.4660402536392212,0.2583085894584656
3366,LEFT_FOOT_INDEX,0.7974157929420471,0.3354477286338806,0.1715647131204605
3366,RIGHT_FOOT_INDEX,0.7869209051132202,0.46298566460609436,0.13495004177093506
3400,NOSE,0.24636797606945038,0.39404118061065674,-0.3039531707763672
3400,LEFT_EYE_INNER,0.23233261704444885,0.38068127632141113,-0.2852313220500946
3400,LEFT_EYE,0.23267701268196106,0.3739585876464844,-0.2852707803249359
3400,LEFT_EYE_OUTER,0.23306617140769958,0.36697128415107727,-0.2852376103401184
3400,RIGHT_EYE_INNER,0.23188412189483643,0.40596067905426025,-0.2866418957710266
3400,RIGHT_EYE,0.23191361129283905,0.4157695770263672,-0.2866831421852112
3400,RIGHT_EYE_OUTER,0.23212821781635284,0.42594268918037415,-0.2865971624851227
3400,LEFT_EAR,0.23781175911426544,0.35684090852737427,-0.17322880029678345
3400,RIGHT_EAR,0.2356877624988556,0.4393840730190277,-0.1833055019378662
3400,MOUTH_LEFT,0.26061004400253296,0.38043326139450073,-0.2610880434513092
3400,MOUTH_RIGHT,0.2596004605293274,0.4123486280441284,-0.26348745822906494
3400,LEFT_SHOULDER,0.3186933398246765,0.29185035824775696,-0.11436659097671509
3400,RIGHT_SHOULDER,0.2935349941253662,0.5060064196586609,-0.14322926104068756
3400,LEFT_ELBOW,0.4185062348842621,0.2766336500644684,-0.054347921162843704
3400,RIGHT_ELBOW,0.20676091313362122,0.5797661542892456,-0.176677405834198
3400,LEFT_WRIST,0.5065389275550842,0.2843324840068817,-0.03893134742975235
3400,RIGHT_WRIST,0.10667188465595245,0.6547192931175232,-0.18722954392433167
3400,LEFT_PINKY,0.5365839004516602,0.28367266058921814,-0.04382295161485672
3400,RIGHT_PINKY,0.07790057361125946,0.6841728687286377,-0.21117234230041504
3400,LEFT_INDEX,0.5358405113220215,0.2941524386405945,-0.07318005710840225
3400,RIGHT_INDEX,0.07509735971689224,0.6834232807159424,-0.22064349055290222
3400,LEFT_THUMB,0.5264742374420166,0.30135613679885864,-0.05060642212629318
3400,RIGHT_THUMB,0.0823681503534317,0.6741926074028015,-0.19946624338626862
3400,LEFT_HIP,0.5068067312240601,0.351985901594162,0.016885120421648026
3400,RIGHT_HIP,0.5044318437576294,0.4768714904785156,-0.017262626439332962
3400,LEFT_KNEE,0.6393946409225464,0.3489653766155243,0.04511990398168564
3400,RIGHT_KNEE,0.6348310708999634,0.46787962317466736,0.011308027431368828
3400,LEFT_ANKLE,0.7452989816665649,0.38109931349754333,0.2755277752876282
3400,RIGHT_ANKLE,0.7284878492355347,0.46987611055374146,0.2395123541355133
3400,LEFT_HEEL,0.7605966925621033,0.40089544653892517,0.29151588678359985
3400,RIGHT_HEEL,0.7422706484794617,0.46687737107276917,0.2585131824016571
3400,LEFT_FOOT_INDEX,0.7980900406837463,0.33487212657928467,0.1749812513589859
3400,RIGHT_FOOT_INDEX,0.7869569659233093,0.4660099446773529,0.13386988639831543
3433,NOSE,0.24590465426445007,0.3933655619621277,-0.31120678782463074
3433,LEFT_EYE_INNER,0.23191006481647491,0.38016602396965027,-0.2928299903869629
3433,LEFT_EYE,0.2323065549135208,0.3734573423862457,-0.29286667704582214
3433,LEFT_EYE_OUTER,0.23270881175994873,0.3664228618144989,-0.29282912611961365
3433,RIGHT_EYE_INNER,0.23157677054405212,0.4052589535713196,-0.2936613857746124
3433,RIGHT_EYE,0.23166096210479736,0.41493046283721924,-0.29370638728141785
3433,RIGHT_EYE_OUTER,0.23192830383777618,0.42509350180625916,-0.29362231492996216
3433,LEFT_EAR,0.2378033697605133,0.35646766424179077,-0.17905056476593018
3433,RIGHT_EAR,0.23568537831306458,0.4388186037540436,-0.18759718537330627
3433,MOUTH_LEFT,0.26045355200767517,0.3798271119594574,-0.268183171749115
3433,MOUTH_RIGHT,0.25952017307281494,0.4117705821990967,-0.26996633410453796
3433,LEFT_SHOULDER,0.31876784563064575,0.2911551892757416,-0.11463057994842529
3433,RIGHT_SHOULDER,0.293764591217041,0.5059221386909485,-0.1435365378856659
3433,LEFT_ELBOW,0.41854172945022583,0.27508729696273804,-0.05802343040704727
3433,RIGHT_ELBOW,0.20681235194206238,0.5797001123428345,-0.17700324952602386
3433,LEFT_WRIST,0.5065270662307739,0.2834882140159607,-0.041283611208200455
3433,RIGHT_WRIST,0.10660634189844131,0.6579791307449341,-0.1884353756904602
3433,LEFT_PINKY,0.5366166830062866,0.28240126371383667,-0.047196514904499054
3433,RIGHT_PINKY,0.07777879387140274,0.6871314644813538,-0.21186573803424835
3433,LEFT_INDEX,0.535873532295227,0.293133407831192,-0.07680906355381012
3433,RIGHT_INDEX,0.07484135776758194,0.6865276098251343,-0.22233852744102478
3433,LEFT_THUMB,0.5265105366706848,0.3004561960697174,-0.053175341337919235
3433,RIGHT_THUMB,0.08200505375862122,0.6774424910545349,-0.20087246596813202
3433,LEFT_HIP,0.5067871809005737,0.35148146748542786,0.017917094752192497
3433,RIGHT_HIP,0.5045751929283142,0.47621041536331177,-0.01827819272875786
3433,LEFT_KNEE,0.639369785785675,0.3488726317882538,0.0580783411860466
3433,RIGHT_KNEE,0.6347321271896362,0.46730294823646545,0.01252563763409853
3433,LEFT_ANKLE,0.7451378703117371,0.38179659843444824,0.2732858955860138
3433,RIGHT_ANKLE,0.7285643815994263,0.4700794219970703,0.21831703186035156
3433,LEFT_HEEL,0.7606252431869507,0.4020727276802063,0.2887396216392517
3433,RIGHT_HEEL,0.742536187171936,0.46706831455230713,0.2329680621623993
3433,LEFT_FOOT_INDEX,0.7983008623123169,0.3344089090824127,0.1735227108001709
3433,RIGHT_FOOT_INDEX,0.7873679399490356,0.4673374891281128,0.10483400523662567
3466,NOSE,0.2456028014421463,0.39271727204322815,-0.3447590470314026
3466,LEFT_EYE_INNER,0.23158884048461914,0.37966835498809814,-0.3268706202507019
3466,LEFT_EYE,0.23200377821922302,0.37298867106437683,-0.32688480615615845
3466,LEFT_EYE_OUTER,0.23240292072296143,0.36593225598335266,-0.32684004306793213
3466,RIGHT_EYE_INNER,0.23137664794921875,0.4046613574028015,-0.32725444436073303
3466,RIGHT_EYE,0.2315063774585724,0.41428545117378235,-0.32731732726097107
3466,RIGHT_EYE_OUTER,0.23181021213531494,0.4244973361492157,-0.3272252082824707
3466,LEFT_EAR,0.23778793215751648,0.35619959235191345,-0.21331533789634705
3466,RIGHT_EAR,0.23568420112133026,0.4385119676589966,-0.22036054730415344
3466,MOUTH_LEFT,0.2603375017642975,0.3792683780193329,-0.30156344175338745
3466,MOUTH_RIGHT,0.259482741355896,0.41121813654899597,-0.30297034978866577
3466,LEFT_SHOULDER,0.3188585340976715,0.290713369846344,-0.14841783046722412
3466,RIGHT_SHOULDER,0.29398664832115173,0.505911111831665,-0.16923676431179047
3466,LEFT_ELBOW,0.4186951220035553,0.27417126297950745,-0.0881025493144989
3466,RIGHT_ELBOW,0.20716042816638947,0.5797412991523743,-0.1991594135761261
3466,LEFT_WRIST,0.5067969560623169,0.2823543846607208,-0.07004161924123764
3466,RIGHT_WRIST,0.1066855639219284,0.6604650616645813,-0.2077411711215973
3466,LEFT_PINKY,0.5369683504104614,0.28123635053634644,-0.07634958624839783
3466,RIGHT_PINKY,0.07787098735570908,0.6890671253204346,-0.23019519448280334
3466,LEFT_INDEX,0.536365807056427,0.29199451208114624,-0.10628572851419449
3466,RIGHT_INDEX,0.07491440325975418,0.6884253025054932,-0.24280603229999542
3466,LEFT_THUMB,0.5269436240196228,0.2991917133331299,-0.0820322185754776
3466,RIGHT_THUMB,0.08210112899541855,0.6796624660491943,-0.22114047408103943
3466,LEFT_HIP,0.5067716240882874,0.3512510359287262,0.018073616549372673
3466,RIGHT_HIP,0.5046021342277527,0.4757634997367859,-0.01843305304646492
3466,LEFT_KNEE,0.6393799781799316,0.34867700934410095,0.08027531206607819
3466,RIGHT_KNEE,0.6347266435623169,0.46727097034454346,0.019496619701385498
3466,LEFT_ANKLE,0.7444251775741577,0.3820711374282837,0.29167646169662476
3466,RIGHT_ANKLE,0.7286420464515686,0.47027695178985596,0.22269192337989807
3466,LEFT_HEEL,0.7606129050254822,0.4027409851551056,0.307472288608551
3466,RIGHT_HEEL,0.7427312135696411,0.4673345386981964,0.23842182755470276
3466,LEFT_FOOT_INDEX,0.7983041405677795,0.33432233333587646,0.19080094993114471
3466,RIGHT_FOOT_INDEX,0.7877511978149414,0.4679796099662781,0.10873649269342422
3500,NOSE,0.2454114407300949,0.3923470377922058,-0.3267204165458679
3500,LEFT_EYE_INNER,0.2314486801624298,0.37934446334838867,-0.3091985583305359
3500,LEFT_EYE,0.23188455402851105,0.3726680278778076,-0.309219628572464
3500,LEFT_EYE_OUTER,0.2322898656129837,0.3656383156776428,-0.30917638540267944
3500,RIGHT_EYE_INNER,0.23124201595783234,0.4042350649833679,-0.31017592549324036
3500,RIGHT_EYE,0.2313908338546753,0.4138503670692444,-0.3102271556854248
3500,RIGHT_EYE_OUTER,0.23171250522136688,0.42409244179725647,-0.31012916564941406
3500,LEFT_EAR,0.23778598010540009,0.3558650612831116,-0.20035520195960999
3500,RIGHT_EAR,0.23568764328956604,0.4382176697254181,-0.2107430398464203
3500,MOUTH_LEFT,0.2602984607219696,0.3789171874523163,-0.2853568196296692
3500,MOUTH_RIGHT,0.25945714116096497,0.4109012484550476,-0.28758496046066284
3500,LEFT_SHOULDER,0.3189910650253296,0.2906346917152405,-0.14019474387168884
3500,RIGHT_SHOULDER,0.2941144108772278,0.5058976411819458,-0.16628073155879974
3500,LEFT_ELBOW,0.4186980128288269,0.2741660177707672,-0.0791902095079422
3500,RIGHT_ELBOW,0.20735697448253632,0.579749584197998,-0.1961268037557602
3500,LEFT_WRIST,0.5067904591560364,0.2823375463485718,-0.05591698735952377
3500,RIGHT_WRIST,0.10696908086538315,0.6610757112503052,-0.20143744349479675
3500,LEFT_PINKY,0.5369617342948914,0.28121218085289,-0.059895388782024384
3500,RIGHT_PINKY,0.077958844602108,0.6903318762779236,-0.22133269906044006
3500,LEFT_INDEX,0.5363630056381226,0.29192641377449036,-0.08947040140628815
3500,RIGHT_INDEX,0.07494161278009415,0.6899714469909668,-0.23497121036052704
3500,LEFT_THUMB,0.5269416570663452,0.2991352677345276,-0.06749390065670013
3500,RIGHT_THUMB,0.08211489021778107,0.6810615658760071,-0.21492604911327362
3500,LEFT_HIP,0.5067543387413025,0.35120707750320435,0.018836120143532753
3500,RIGHT_HIP,0.5045918822288513,0.47567394375801086,-0.019188014790415764
3500,LEFT_KNEE,0.639174222946167,0.3486688435077667,0.07833915948867798
3500,RIGHT_KNEE,0.634290337562561,0.4672417938709259,0.019129199907183647
3500,LEFT_ANKLE,0.7444576025009155,0.382914274930954,0.2715330719947815
3500,RIGHT_ANKLE,0.7287130355834961,0.4705299735069275,0.21276028454303741
3500,LEFT_HEEL,0.7608118653297424,0.4038379192352295,0.28512874245643616
3500,RIGHT_HEEL,0.7428686022758484,0.4674927294254303,0.2263225018978119
3500,LEFT_FOOT_INDEX,0.798511803150177,0.33397936820983887,0.17143315076828003
3500,RIGHT_FOOT_INDEX,0.7878397107124329,0.4692692756652832,0.09719158709049225
3533,NOSE,0.24524399638175964,0.39194977283477783,-0.3185907006263733
3533,LEFT_EYE_INNER,0.23130373656749725,0.37897512316703796,-0.30140113830566406
3533,LEFT_EYE,0.23176653683185577,0.372331827878952,-0.3014231324195862
3533,LEFT_EYE_OUTER,0.23218810558319092,0.3653157651424408,-0.30138182640075684
3533,RIGHT_EYE_INNER,0.23108351230621338,0.403748095035553,-0.30232617259025574
3533,RIGHT_EYE,0.23124440014362335,0.4133039116859436,-0.30237385630607605
3533,RIGHT_EYE_OUTER,0.23158016800880432,0.4235404431819916,-0.3022734522819519
3533,LEFT_EAR,0.23778724670410156,0.3556111752986908,-0.19396770000457764
3533,RIGHT_EAR,0.23568491637706757,0.437818706035614,-0.2044188231229782
3533,MOUTH_LEFT,0.260247141122818,0.37860581278800964,-0.2775660455226898
3533,MOUTH_RIGHT,0.2594020664691925,0.4106099307537079,-0.2797393202781677
3533,LEFT_SHOULDER,0.3191010057926178,0.29055362939834595,-0.1359579861164093
3533,RIGHT_SHOULDER,0.29415038228034973,0.5058749318122864,-0.16113786399364471
3533,LEFT_ELBOW,0.41871413588523865,0.2741110622882843,-0.07450371235609055
3533,RIGHT_ELBOW,0.20772430300712585,0.5797755122184753,-0.18998274207115173
3533,LEFT_WRIST,0.5067926049232483,0.28230154514312744,-0.049099817872047424
3533,RIGHT_WRIST,0.10699386894702911,0.6620343327522278,-0.19352027773857117
3533,LEFT_PINKY,0.5369595885276794,0.2811984717845917,-0.05294807627797127
3533,RIGHT_PINKY,0.07795257866382599,0.6923027634620667,-0.21289806067943573
3533,LEFT_INDEX,0.5363614559173584,0.2919018864631653,-0.08251573145389557
3533,RIGHT_INDEX,0.07487291097640991,0.6917980909347534,-0.22654803097248077
3533,LEFT_THUMB,0.5269407629966736,0.29910412430763245,-0.060593653470277786
3533,RIGHT_THUMB,0.08207963407039642,0.6824894547462463,-0.20703037083148956
3533,LEFT_HIP,0.5067373514175415,0.3511956036090851,0.01917356066405773
3533,RIGHT_HIP,0.504574179649353,0.4756610095500946,-0.019518371671438217
3533,LEFT_KNEE,0.6390601992607117,0.3486212491989136,0.07779943197965622
3533,RIGHT_KNEE,0.634107768535614,0.46726277470588684,0.019166987389326096
3533,LEFT_ANKLE,0.7444988489151001,0.38329222798347473,0.2634568214416504
3533,RIGHT_ANKLE,0.728767991065979,0.4708140194416046,0.21055074036121368
3533,LEFT_HEEL,0.7609993815422058,0.40439948439598083,0.2766385078430176
3533,RIGHT_HEEL,0.7429784536361694,0.46762827038764954,0.22363944351673126
3533,LEFT_FOOT_INDEX,0.7986689805984497,0.3338027596473694,0.16272886097431183
3533,RIGHT_FOOT_INDEX,0.7878726720809937,0.4702259600162506,0.09528215229511261
3566,NOSE,0.2451261729001999,0.39074403047561646,-0.31474560499191284
3566,LEFT_EYE_INNER,0.2311786711215973,0.37808957695961,-0.29722684621810913
3566,LEFT_EYE,0.23165731132030487,0.3715693950653076,-0.2972524166107178
3566,LEFT_EYE_OUTER,0.23208987712860107,0.3644331693649292,-0.2972147464752197
3566,RIGHT_EYE_INNER,0.23094208538532257,0.4026566445827484,-0.2984235882759094
3566,RIGHT_EYE,0.23111696541309357,0.4120926856994629,-0.2984687387943268
3566,RIGHT_EYE_OUTER,0.2314632683992386,0.4223611652851105,-0.2983676791191101
3566,LEFT_EAR,0.23778966069221497,0.35512620210647583,-0.18868565559387207
3566,RIGHT_EAR,0.23568353056907654,0.4372677803039551,-0.20021751523017883
3566,MOUTH_LEFT,0.2602269947528839,0.3778199851512909,-0.273281067609787
3566,MOUTH_RIGHT,0.25938788056373596,0.40969839692115784,-0.27576744556427
3566,LEFT_SHOULDER,0.3192025125026703,0.2903273403644562,-0.1306985318660736
3566,RIGHT_SHOULDER,0.29433149099349976,0.5058586001396179,-0.15818338096141815
3566,LEFT_ELBOW,0.4187217354774475,0.27396899461746216,-0.06979294121265411
3566,RIGHT_ELBOW,0.20804175734519958,0.5798020958900452,-0.18915370106697083
3566,LEFT_WRIST,0.5067847371101379,0.2822211682796478,-0.04676901549100876
3566,RIGHT_WRIST,0.10705550014972687,0.663419783115387,-0.19314897060394287
3566,LEFT_PINKY,0.5369564890861511,0.2811744809150696,-0.0509672537446022
3566,RIGHT_PINKY,0.07796347141265869,0.6939778923988342,-0.2130565345287323
3566,LEFT_INDEX,0.5363591909408569,0.29186150431632996,-0.08068280667066574
3566,RIGHT_INDEX,0.07481597363948822,0.6933698058128357,-0.2262997329235077
3566,LEFT_THUMB,0.5269397497177124,0.2990483045578003,-0.058401841670274734
3566,RIGHT_THUMB,0.08203206956386566,0.6839373111724854,-0.20656713843345642
3566,LEFT_HIP,0.5067461133003235,0.3511577248573303,0.019704192876815796
3566,RIGHT_HIP,0.5046149492263794,0.47558262944221497,-0.020040029659867287
3566,LEFT_KNEE,0.6390341520309448,0.3485311269760132,0.07794889062643051
3566,RIGHT_KNEE,0.6340595483779907,0.46731114387512207,0.019164884462952614
3566,LEFT_ANKLE,0.7444902658462524,0.3833966553211212,0.2649255692958832
3566,RIGHT_ANKLE,0.728797435760498,0.4710870385169983,0.21074840426445007
3566,LEFT_HEEL,0.7610881924629211,0.40459102392196655,0.2787154018878937
3566,RIGHT_HEEL,0.7431665658950806,0.4678700864315033,0.22397658228874207
3566,LEFT_FOOT_INDEX,0.7987279891967773,0.33367809653282166,0.1639326810836792
3566,RIGHT_FOOT_INDEX,0.7880654335021973,0.47058355808258057,0.09527067840099335
3600,NOSE,0.24509398639202118,0.39006465673446655,-0.31792348623275757
3600,LEFT_EYE_INNER,0.2311653196811676,0.3775763213634491,-0.3011060357093811
3600,LEFT_EYE,0.23164193332195282,0.3711208403110504,-0.3011302649974823
3600,LEFT_EYE_OUTER,0.23206432163715363,0.3639732003211975,-0.30109328031539917
3600,RIGHT_EYE_INNER,0.2309074103832245,0.402116060256958,-0.30211713910102844
3600,RIGHT_EYE,0.23108330368995667,0.41153815388679504,-0.3021644353866577
3600,RIGHT_EYE_OUTER,0.23143255710601807,0.4218255281448364,-0.30205827951431274
3600,LEFT_EAR,0.23778387904167175,0.35488879680633545,-0.19365516304969788
3600,RIGHT_EAR,0.2356952428817749,0.43703192472457886,-0.2037414014339447
3600,MOUTH_LEFT,0.26020270586013794,0.37733951210975647,-0.27687644958496094
3600,MOUTH_RIGHT,0.2593725323677063,0.40898430347442627,-0.27912580966949463
3600,LEFT_SHOULDER,0.3192383646965027,0.2900561988353729,-0.13617941737174988
3600,RIGHT_SHOULDER,0.29446086287498474,0.505827784538269,-0.15837839245796204
3600,LEFT_ELBOW,0.4187707006931305,0.2735305726528168,-0.07616950571537018
3600,RIGHT_ELBOW,0.20817573368549347,0.5800067186355591,-0.18891967833042145
3600,LEFT_WRIST,0.5067948698997498,0.2816769480705261,-0.05603969097137451
3600,RIGHT_WRIST,0.10710038989782333,0.6646277904510498,-0.19568246603012085
3600,LEFT_PINKY,0.5369688272476196,0.2806817293167114,-0.06145017221570015
3600,RIGHT_PINKY,0.07798614352941513,0.695458710193634,-0.21577250957489014
3600,LEFT_INDEX,0.5363785028457642,0.2914961576461792,-0.09128304570913315
3600,RIGHT_INDEX,0.07477497309446335,0.6949124932289124,-0.23000013828277588
3600,LEFT_THUMB,0.5269581079483032,0.2986030876636505,-0.06776724010705948
3600,RIGHT_THUMB,0.08199550211429596,0.685285210609436,-0.20941510796546936
3600,LEFT_HIP,0.5067650079727173,0.35117289423942566,0.01969417929649353
3600,RIGHT_HIP,0.5046478509902954,0.4755764305591583,-0.020028265193104744
3600,LEFT_KNEE,0.6390088796615601,0.3484080731868744,0.07724776864051819
3600,RIGHT_KNEE,0.6340356469154358,0.4675317406654358,0.0206131674349308
3600,LEFT_ANKLE,0.7442741990089417,0.3834214508533478,0.2669703960418701
3600,RIGHT_ANKLE,0.7288405895233154,0.4712958037853241,0.21107585728168488
3600,LEFT_HEEL,0.7610287666320801,0.40461310744285583,0.28082960844039917
3600,RIGHT_HEEL,0.7432558536529541,0.4679429233074188,0.22492286562919617
3600,LEFT_FOOT_INDEX,0.7987353205680847,0.33364373445510864,0.16749754548072815
3600,RIGHT_FOOT_INDEX,0.7883176803588867,0.4710530638694763,0.09670738875865936
3633,NOSE,0.24513962864875793,0.3898196220397949,-0.32872217893600464
3633,LEFT_EYE_INNER,0.2311556339263916,0.3773510754108429,-0.3124522864818573
3633,LEFT_EYE,0.23162420094013214,0.3709113299846649,-0.31247496604919434
3633,LEFT_EYE_OUTER,0.2320438176393509,0.3637997806072235,-0.3124319612979889
3633,RIGHT_EYE_INNER,0.2309224158525467,0.4019482433795929,-0.31284764409065247
3633,RIGHT_EYE,0.23110279440879822,0.4113925099372864,-0.31290367245674133
3633,RIGHT_EYE_OUTER,0.23145334422588348,0.42168086767196655,-0.31280815601348877
3633,LEFT_EAR,0.23778514564037323,0.35480374097824097,-0.20401951670646667
3633,RIGHT_EAR,0.23573407530784607,0.4369933307170868,-0.2111625224351883
3633,MOUTH_LEFT,0.26023125648498535,0.3771764934062958,-0.28689801692962646
3633,MOUTH_RIGHT,0.2594442069530487,0.40868404507637024,-0.2883494794368744
3633,LEFT_SHOULDER,0.31924334168434143,0.28977736830711365,-0.14419983327388763
3633,RIGHT_SHOULDER,0.29454073309898376,0.505814790725708,-0.16166123747825623
3633,LEFT_ELBOW,0.41888993978500366,0.2730230391025543,-0.08328604698181152
3633,RIGHT_ELBOW,0.20839035511016846,0.5802303552627563,-0.1910427063703537
3633,LEFT_WRIST,0.5070743560791016,0.2810984253883362,-0.06360358744859695
3633,RIGHT_WRIST,0.10735811293125153,0.6648916602134705,-0.19992858171463013
3633,LEFT_PINKY,0.537162184715271,0.2801200747489929,-0.06945499777793884
3633,RIGHT_PINKY,0.07812544703483582,0.695796012878418,-0.22063298523426056
3633,LEFT_INDEX,0.5365948677062988,0.29115793108940125,-0.09947650879621506
3633,RIGHT_INDEX,0.07483741641044617,0.6955301761627197,-0.2354593724012375
3633,LEFT_THUMB,0.5271881818771362,0.2981818914413452,-0.07533899694681168
3633,RIGHT_THUMB,0.08208143711090088,0.6857585310935974,-0.21388204395771027
3633,LEFT_HIP,0.5068682432174683,0.35119739174842834,0.019419388845562935
3633,RIGHT_HIP,0.5047990679740906,0.47557517886161804,-0.01975404843688011
3633,LEFT_KNEE,0.6389941573143005,0.3483411967754364,0.07458694279193878
3633,RIGHT_KNEE,0.6340315341949463,0.4676879942417145,0.02121942862868309
3633,LEFT_ANKLE,0.7438396215438843,0.3834802806377411,0.27353039383888245
3633,RIGHT_ANKLE,0.7288752794265747,0.4713481366634369,0.22156807780265808
3633,LEFT_HEEL,0.760444164276123,0.4046180844306946,0.2894108295440674
3633,RIGHT_HEEL,0.7433165907859802,0.46797484159469604,0.23658744990825653
3633,LEFT_FOOT_INDEX,0.7987343072891235,0.33379632234573364,0.1750257909297943
3633,RIGHT_FOOT_INDEX,0.7887548804283142,0.47124892473220825,0.10778559744358063
3666,NOSE,0.2454914152622223,0.389640212059021,-0.3286828100681305
3666,LEFT_EYE_INNER,0.23134832084178925,0.377164751291275,-0.3124121129512787
3666,LEFT_EYE,0.23177865147590637,0.37075766921043396,-0.3124355971813202
3666,LEFT_EYE_OUTER,0.23219141364097595,0.36370280385017395,-0.31239354610443115
3666,RIGHT_EYE_INNER,0.2311359941959381,0.40183088183403015,-0.3128693997859955
3666,RIGHT_EYE,0.23130472004413605,0.4113224148750305,-0.31292417645454407
3666,RIGHT_EYE_OUTER,0.23162662982940674,0.42163199186325073,-0.31282946467399597
3666,LEFT_EAR,0.2379080057144165,0.35474708676338196,-0.20359329879283905
3666,RIGHT_EAR,0.23586376011371613,0.4369845390319824,-0.21093988418579102
3666,MOUTH_LEFT,0.26049113273620605,0.377064973115921,-0.2866913378238678
3666,MOUTH_RIGHT,0.25969022512435913,0.40847399830818176,-0.28818076848983765
3666,LEFT_SHOULDER,0.31924647092819214,0.2897694706916809,-0.14294862747192383
3666,RIGHT_SHOULDER,0.2945612370967865,0.5057687759399414,-0.1611403226852417
3666,LEFT_ELBOW,0.4189315438270569,0.2729862928390503,-0.08174504339694977
3666,RIGHT_ELBOW,0.20844145119190216,0.5803357362747192,-0.19073998928070068
3666,LEFT_WRIST,0.5072163343429565,0.28100693225860596,-0.06249570846557617
3666,RIGHT_WRIST,0.10741319507360458,0.6651389002799988,-0.2000868320465088
3666,LEFT_PINKY,0.5372955203056335,0.2799474000930786,-0.06832417845726013
3666,RIGHT_PINKY,0.07823452353477478,0.6967135667800903,-0.22080020606517792
3666,LEFT_INDEX,0.536773145198822,0.2910611033439636,-0.09829555451869965
3666,RIGHT_INDEX,0.07491819560527802,0.6966713070869446,-0.23552341759204865
3666,LEFT_THUMB,0.5273327231407166,0.29810044169425964,-0.07425881922245026
3666,RIGHT_THUMB,0.08210069686174393,0.6864698529243469,-0.21397161483764648
3666,LEFT_HIP,0.5068951845169067,0.3512636125087738,0.019454339519143105
3666,RIGHT_HIP,0.504851222038269,0.4756186902523041,-0.019789235666394234
3666,LEFT_KNEE,0.6389838457107544,0.3482746183872223,0.07286670804023743
3666,RIGHT_KNEE,0.634052038192749,0.4676434099674225,0.020840313285589218
3666,LEFT_ANKLE,0.7438048124313354,0.383508563041687,0.2724474370479584
3666,RIGHT_ANKLE,0.7288886308670044,0.4713694155216217,0.2211109846830368
3666,LEFT_HEEL,0.7604390382766724,0.4046146273612976,0.28826001286506653
3666,RIGHT_HEEL,0.7433546781539917,0.46797624230384827,0.2358720749616623
3666,LEFT_FOOT_INDEX,0.7987403869628906,0.33377715945243835,0.17439471185207367
3666,RIGHT_FOOT_INDEX,0.7891246676445007,0.47135302424430847,0.10726839303970337
3700,NOSE,0.2466117888689041,0.38963645696640015,-0.32859036326408386
3700,LEFT_EYE_INNER,0.23218581080436707,0.3771551847457886,-0.312324583530426
3700,LEFT_EYE,0.23249611258506775,0.37074512243270874,-0.31235015392303467
3700,LEFT_EYE_OUTER,0.232893705368042,0.3636973202228546,-0.3123093843460083
3700,RIGHT_EYE_INNER,0.23194599151611328,0.40183576941490173,-0.31275543570518494
3700,RIGHT_EYE,0.23207375407218933,0.4113626182079315,-0.3128085136413574
3700,RIGHT_EYE_OUTER,0.2323284149169922,0.42167210578918457,-0.3127140402793884
3700,LEFT_EAR,0.23832614719867706,0.35473549365997314,-0.20303872227668762
3700,RIGHT_EAR,0.2363104522228241,0.4370255470275879,-0.2104024887084961
3700,MOUTH_LEFT,0.2611944079399109,0.3770585060119629,-0.2865355610847473
3700,MOUTH_RIGHT,0.2602834701538086,0.4084484577178955,-0.288093626499176
3700,LEFT_SHOULDER,0.31924909353256226,0.28976985812187195,-0.1426880657672882
3700,RIGHT_SHOULDER,0.2945873737335205,0.5057600140571594,-0.16100817918777466
3700,LEFT_ELBOW,0.41894593834877014,0.2730156481266022,-0.08166290819644928
3700,RIGHT_ELBOW,0.2088562250137329,0.5805515646934509,-0.1904415786266327
3700,LEFT_WRIST,0.5073228478431702,0.2810107469558716,-0.061910081654787064
3700,RIGHT_WRIST,0.10761947929859161,0.6647975444793701,-0.2003864049911499
3700,LEFT_PINKY,0.5373563766479492,0.2798827588558197,-0.0675663948059082
3700,RIGHT_PINKY,0.07875455915927887,0.6965879797935486,-0.22151494026184082
3700,LEFT_INDEX,0.5368338823318481,0.291042298078537,-0.09751120954751968
3700,RIGHT_INDEX,0.07527057081460953,0.6966335773468018,-0.23575930297374725
3700,LEFT_THUMB,0.5273741483688354,0.29809051752090454,-0.07364808768033981
3700,RIGHT_THUMB,0.08256465196609497,0.6862283945083618,-0.21410933136940002
3700,LEFT_HIP,0.5069773197174072,0.3514258861541748,0.019454671069979668
3700,RIGHT_HIP,0.5049771070480347,0.47575315833091736,-0.01978970691561699
3700,LEFT_KNEE,0.6389746069908142,0.3481890857219696,0.07071153819561005
3700,RIGHT_KNEE,0.6341283917427063,0.46763843297958374,0.020697491243481636
3700,LEFT_ANKLE,0.7437753677368164,0.3835130035877228,0.27270328998565674
3700,RIGHT_ANKLE,0.7290335893630981,0.47136273980140686,0.22151729464530945
3700,LEFT_HEEL,0.7604609131813049,0.404554158449173,0.28853458166122437
3700,RIGHT_HEEL,0.7436553239822388,0.4678474962711334,0.2362237423658371
3700,LEFT_FOOT_INDEX,0.7987626791000366,0.33378511667251587,0.17426922917366028
3700,RIGHT_FOOT_INDEX,0.7894986867904663,0.47135406732559204,0.10738180577754974
3733,NOSE,0.24743494391441345,0.38978102803230286,-0.3225856423377991
3733,LEFT_EYE_INNER,0.2328534573316574,0.3772049844264984,-0.3067995309829712
3733,LEFT_EYE,0.23310022056102753,0.37075546383857727,-0.3068331778049469
3733,LEFT_EYE_OUTER,0.23350057005882263,0.3637824058532715,-0.3067953288555145
3733,RIGHT_EYE_INNER,0.23251239955425262,0.4019775390625,-0.3072530925273895
3733,RIGHT_EYE,0.23258164525032043,0.41160380840301514,-0.3072959780693054
3733,RIGHT_EYE_OUTER,0.23277314007282257,0.42185983061790466,-0.3072001039981842
3733,LEFT_EAR,0.23874182999134064,0.3547433018684387,-0.1969321221113205
3733,RIGHT_EAR,0.23660941421985626,0.4370788633823395,-0.2036563903093338
3733,MOUTH_LEFT,0.2617361843585968,0.37713178992271423,-0.27956050634384155
3733,MOUTH_RIGHT,0.26069846749305725,0.4084998667240143,-0.2809928357601166
3733,LEFT_SHOULDER,0.3192671537399292,0.2898494303226471,-0.13383996486663818
3733,RIGHT_SHOULDER,0.294590562582016,0.5057516098022461,-0.15539439022541046
3733,LEFT_ELBOW,0.41896122694015503,0.27339157462120056,-0.07230710983276367
3733,RIGHT_ELBOW,0.20933561027050018,0.5806369185447693,-0.1882251352071762
3733,LEFT_WRIST,0.5073584914207458,0.2810783088207245,-0.056813061237335205
3733,RIGHT_WRIST,0.10852494090795517,0.6641066670417786,-0.20027542114257812
3733,LEFT_PINKY,0.5373858213424683,0.27987292408943176,-0.06288490444421768
3733,RIGHT_PINKY,0.07976667582988739,0.6960433721542358,-0.22148346900939941
3733,LEFT_INDEX,0.5368563532829285,0.2910453677177429,-0.09339023381471634
3733,RIGHT_INDEX,0.0760890394449234,0.6961961984634399,-0.2356920689344406
3733,LEFT_THUMB,0.5273898243904114,0.29813945293426514,-0.06892013549804688
3733,RIGHT_THUMB,0.08343714475631714,0.6855084300041199,-0.21388797461986542
3733,LEFT_HIP,0.5070236921310425,0.35199108719825745,0.019511116668581963
3733,RIGHT_HIP,0.5050327777862549,0.47616052627563477,-0.019845452159643173
3733,LEFT_KNEE,0.6389656066894531,0.3481479287147522,0.06624530255794525
3733,RIGHT_KNEE,0.6342310309410095,0.467607706785202,0.01976843923330307
3733,LEFT_ANKLE,0.7437878847122192,0.3835200071334839,0.2714572548866272
3733,RIGHT_ANKLE,0.729340672492981,0.4712967872619629,0.22187678515911102
3733,LEFT_HEEL,0.7606920003890991,0.4045228660106659,0.28751665353775024
3733,RIGHT_HEEL,0.7444053888320923,0.4676118493080139,0.23650069534778595
3733,LEFT_FOOT_INDEX,0.798846960067749,0.33377987146377563,0.1718631535768509
3733,RIGHT_FOOT_INDEX,0.7898633480072021,0.47121408581733704,0.10753364861011505
3766,NOSE,0.24792799353599548,0.39004024863243103,-0.3171229064464569
3766,LEFT_EYE_INNER,0.2333056926727295,0.37726831436157227,-0.30116888880729675
3766,LEFT_EYE,0.2335343062877655,0.37076953053474426,-0.301206111907959
3766,LEFT_EYE_OUTER,0.23395228385925293,0.36385583877563477,-0.30117055773735046
3766,RIGHT_EYE_INNER,0.23285408318042755,0.4021192193031311,-0.3018598258495331
3766,RIGHT_EYE,0.23287717998027802,0.41181135177612305,-0.30189740657806396
3766,RIGHT_EYE_OUTER,0.23301975429058075,0.4219934642314911,-0.30180302262306213
3766,LEFT_EAR,0.23914465308189392,0.3547377586364746,-0.19070810079574585
3766,RIGHT_EAR,0.23678164184093475,0.4370866119861603,-0.19809255003929138
3766,MOUTH_LEFT,0.26209738850593567,0.3773011863231659,-0.2736507058143616
3766,MOUTH_RIGHT,0.2609608769416809,0.4086589515209198,-0.27531665563583374
3766,LEFT_SHOULDER,0.31934577226638794,0.28989237546920776,-0.12701955437660217
3766,RIGHT_SHOULDER,0.2945920526981354,0.5057450532913208,-0.1508461982011795
3766,LEFT_ELBOW,0.41901126503944397,0.2738948464393616,-0.06557363271713257
3766,RIGHT_ELBOW,0.2100517451763153,0.5807400941848755,-0.18589873611927032
3766,LEFT_WRIST,0.5077035427093506,0.28119853138923645,-0.05178796127438545
3766,RIGHT_WRIST,0.11053043603897095,0.6631173491477966,-0.19948866963386536
3766,LEFT_PINKY,0.5376203656196594,0.279854416847229,-0.05791084095835686
3766,RIGHT_PINKY,0.0814695954322815,0.69533771276474,-0.22115576267242432
3766,LEFT_INDEX,0.5370171666145325,0.29107657074928284,-0.08871333301067352
3766,RIGHT_INDEX,0.07745268940925598,0.6957340240478516,-0.23445972800254822
3766,LEFT_THUMB,0.5275574922561646,0.29825907945632935,-0.06403554230928421
3766,RIGHT_THUMB,0.08518834412097931,0.6846389770507812,-0.21268299221992493
3766,LEFT_HIP,0.5070316791534424,0.3524029850959778,0.01950506865978241
3766,RIGHT_HIP,0.5050745606422424,0.47680652141571045,-0.019839685410261154
3766,LEFT_KNEE,0.6389873027801514,0.34796565771102905,0.06033014506101608
3766,RIGHT_KNEE,0.6345094442367554,0.46743160486221313,0.017948482185602188
3766,LEFT_ANKLE,0.7438445687294006,0.3835514783859253,0.2647034823894501
3766,RIGHT_ANKLE,0.7301824688911438,0.47111865878105164,0.22076475620269775
3766,LEFT_HEEL,0.7610543966293335,0.40451744198799133,0.28064021468162537
3766,RIGHT_HEEL,0.7459648847579956,0.4673371911048889,0.23544839024543762
3766,LEFT_FOOT_INDEX,0.79896479845047,0.3337806165218353,0.16346251964569092
3766,RIGHT_FOOT_INDEX,0.7902458906173706,0.4711627960205078,0.10606421530246735
3800,NOSE,0.24803367257118225,0.39013049006462097,-0.3178190290927887
3800,LEFT_EYE_INNER,0.23343518376350403,0.3772658109664917,-0.30168992280960083
3800,LEFT_EYE,0.23367759585380554,0.37076300382614136,-0.3017258644104004
3800,LEFT_EYE_OUTER,0.23411977291107178,0.36386141180992126,-0.3016894459724426
3800,RIGHT_EYE_INNER,0.23292896151542664,0.4021456837654114,-0.3023374080657959
3800,RIGHT_EYE,0.23294048011302948,0.41188377141952515,-0.3023768961429596
3800,RIGHT_EYE_OUTER,0.23307080566883087,0.4220535159111023,-0.3022834360599518
3800,LEFT_EAR,0.239386647939682,0.3547128140926361,-0.19118404388427734
3800,RIGHT_EAR,0.236862450838089,0.4371117055416107,-0.19842050969600677
3800,MOUTH_LEFT,0.2622307538986206,0.37736883759498596,-0.27446335554122925
3800,MOUTH_RIGHT,0.2610442042350769,0.40875133872032166,-0.27608031034469604
3800,LEFT_SHOULDER,0.3194219172000885,0.289943128824234,-0.12757952511310577
3800,RIGHT_SHOULDER,0.2945912480354309,0.5058830380439758,-0.1508619487285614
3800,LEFT_ELBOW,0.41904982924461365,0.27415168285369873,-0.06583268940448761
3800,RIGHT_ELBOW,0.2103242576122284,0.5815831422805786,-0.18536007404327393
3800,LEFT_WRIST,0.508007824420929,0.28122350573539734,-0.05224977061152458
3800,RIGHT_WRIST,0.11144707351922989,0.663056492805481,-0.19922347366809845
3800,LEFT_PINKY,0.5378777384757996,0.2798207998275757,-0.05846870690584183
3800,RIGHT_PINKY,0.0820259228348732,0.6954041123390198,-0.220964714884758
3800,LEFT_INDEX,0.5371984243392944,0.2911073863506317,-0.08923087269067764
3800,RIGHT_INDEX,0.0780462771654129,0.6961066126823425,-0.23421987891197205
3800,LEFT_THUMB,0.5277408361434937,0.2983429729938507,-0.06447896361351013
3800,RIGHT_THUMB,0.0858384445309639,0.6848071813583374,-0.21242168545722961
3800,LEFT_HIP,0.5070319175720215,0.35262832045555115,0.019442645832896233
3800,RIGHT_HIP,0.5051023364067078,0.4773758053779602,-0.019778037443757057
3800,LEFT_KNEE,0.6390241384506226,0.34780898690223694,0.05822043493390083
3800,RIGHT_KNEE,0.634702205657959,0.4673193097114563,0.017636457458138466
3800,LEFT_ANKLE,0.7438822388648987,0.38358649611473083,0.26469558477401733
3800,RIGHT_ANKLE,0.7305153608322144,0.4710645377635956,0.22103552520275116
3800,LEFT_HEEL,0.761238694190979,0.40451300144195557,0.28075841069221497
3800,RIGHT_HEEL,0.7465680837631226,0.46720024943351746,0.23569810390472412
3800,LEFT_FOOT_INDEX,0.7990950345993042,0.33379724621772766,0.16308073699474335
3800,RIGHT_FOOT_INDEX,0.7904556393623352,0.4711306393146515,0.10620822757482529
3833,NOSE,0.24804751574993134,0.390195369720459,-0.31831595301628113
3833,LEFT_EYE_INNER,0.23346126079559326,0.37726259231567383,-0.30207327008247375
3833,LEFT_EYE,0.23371513187885284,0.3707525134086609,-0.30210861563682556
3833,LEFT_EYE_OUTER,0.2341698855161667,0.36385950446128845,-0.3020719885826111
3833,RIGHT_EYE_INNER,0.232933908700943,0.402174174785614,-0.30271115899086
3833,RIGHT_EYE,0.2329435795545578,0.4119631350040436,-0.3027516007423401
3833,RIGHT_EYE_OUTER,0.23307260870933533,0.4221188426017761,-0.30265843868255615
3833,LEFT_EAR,0.2395123690366745,0.35465309023857117,-0.1915147602558136
3833,RIGHT_EAR,0.2369031012058258,0.4371306896209717,-0.1987210214138031
3833,MOUTH_LEFT,0.26228010654449463,0.3773947060108185,-0.2750073969364166
3833,MOUTH_RIGHT,0.2610698640346527,0.408843457698822,-0.27662211656570435
3833,LEFT_SHOULDER,0.3194819390773773,0.28989893198013306,-0.12807218730449677
3833,RIGHT_SHOULDER,0.29459303617477417,0.5060397386550903,-0.15086022019386292
3833,LEFT_ELBOW,0.41914692521095276,0.2741823196411133,-0.06634630262851715
3833,RIGHT_ELBOW,0.21090586483478546,0.5822584629058838,-0.18499381840229034
3833,LEFT_WRIST,0.5085888504981995,0.2812076807022095,-0.05253494530916214
3833,RIGHT_WRIST,0.11260126531124115,0.6630567312240601,-0.19916483759880066
3833,LEFT_PINKY,0.5384047031402588,0.27965477108955383,-0.05889227241277695
3833,RIGHT_PINKY,0.08299991488456726,0.6955522298812866,-0.22104838490486145
3833,LEFT_INDEX,0.5376079082489014,0.2911043167114258,-0.0897793173789978
3833,RIGHT_INDEX,0.07913872599601746,0.6963225603103638,-0.2341955453157425
3833,LEFT_THUMB,0.5281303524971008,0.29834675788879395,-0.06482585519552231
3833,RIGHT_THUMB,0.08694334328174591,0.6849137544631958,-0.21236097812652588
3833,LEFT_HIP,0.5070534944534302,0.3527805805206299,0.019387565553188324
3833,RIGHT_HIP,0.5051954984664917,0.47784170508384705,-0.019723068922758102
3833,LEFT_KNEE,0.6390722990036011,0.3477216064929962,0.05770919844508171
3833,RIGHT_KNEE,0.6350142359733582,0.46716782450675964,0.017613012343645096
3833,LEFT_ANKLE,0.7439330816268921,0.38362133502960205,0.264967143535614
3833,RIGHT_ANKLE,0.7307080030441284,0.4709821045398712,0.2212570160627365
3833,LEFT_HEEL,0.7613512277603149,0.40449851751327515,0.2810724973678589
3833,RIGHT_HEEL,0.7468286752700806,0.4670506417751312,0.23602144420146942
3833,LEFT_FOOT_INDEX,0.7992510795593262,0.33380043506622314,0.16316500306129456
3833,RIGHT_FOOT_INDEX,0.7906558513641357,0.47111040353775024,0.10660193860530853
3866,NOSE,0.24806132912635803,0.39024826884269714,-0.31689372658729553
3866,LEFT_EYE_INNER,0.23349067568778992,0.3772592842578888,-0.30066347122192383
3866,LEFT_EYE,0.23375554382801056,0.3707403838634491,-0.3006950914859772
3866,LEFT_EYE_OUTER,0.23422253131866455,0.36385735869407654,-0.3006606698036194
3866,RIGHT_EYE_INNER,0.23294612765312195,0.40220558643341064,-0.3014441132545471
3866,RIGHT_EYE,0.23295700550079346,0.41203802824020386,-0.301481693983078
3866,RIGHT_EYE_OUTER,0.23308709263801575,0.42217394709587097,-0.3013826012611389
3866,LEFT_EAR,0.23963387310504913,0.3546196520328522,-0.190275177359581
3866,RIGHT_EAR,0.23699161410331726,0.43713468313217163,-0.19805751740932465
3866,MOUTH_LEFT,0.26231300830841064,0.37741339206695557,-0.27365952730178833
3866,MOUTH_RIGHT,0.26108938455581665,0.40893152356147766,-0.27545028924942017
3866,LEFT_SHOULDER,0.31951168179512024,0.28978675603866577,-0.1270536482334137
3866,RIGHT_SHOULDER,0.294594943523407,0.5061131715774536,-0.1499369591474533
3866,LEFT_ELBOW,0.41925525665283203,0.274192750453949,-0.06492825597524643
3866,RIGHT_ELBOW,0.2117820680141449,0.5826497077941895,-0.18392564356327057
3866,LEFT_WRIST,0.5088424682617188,0.2811459004878998,-0.051858872175216675
3866,RIGHT_WRIST,0.11421066522598267,0.663061261177063,-0.19914351403713226
3866,LEFT_PINKY,0.5386573076248169,0.2794991135597229,-0.058212071657180786
3866,RIGHT_PINKY,0.08489469438791275,0.6956407427787781,-0.22103485465049744
3866,LEFT_INDEX,0.5378154516220093,0.29108303785324097,-0.0892021581530571
3866,RIGHT_INDEX,0.08100255578756332,0.6963427066802979,-0.23410287499427795
3866,LEFT_THUMB,0.5283282995223999,0.298335462808609,-0.06422165036201477
3866,RIGHT_THUMB,0.08903789520263672,0.684878945350647,-0.21227817237377167
3866,LEFT_HIP,0.5070539712905884,0.35283687710762024,0.01936062052845955
3866,RIGHT_HIP,0.5052933096885681,0.47816169261932373,-0.019694779068231583
3866,LEFT_KNEE,0.6390866041183472,0.3473236858844757,0.058177728205919266
3866,RIGHT_KNEE,0.6354073286056519,0.4667339324951172,0.01768714003264904
3866,LEFT_ANKLE,0.7440506815910339,0.3836272358894348,0.26245683431625366
3866,RIGHT_ANKLE,0.7310910224914551,0.47072699666023254,0.2213255912065506
3866,LEFT_HEEL,0.7614916563034058,0.4044335186481476,0.2781364321708679
3866,RIGHT_HEEL,0.7472677826881409,0.46681252121925354,0.23604491353034973
3866,LEFT_FOOT_INDEX,0.7994351387023926,0.333791583776474,0.159934863448143
3866,RIGHT_FOOT_INDEX,0.7908669710159302,0.47032034397125244,0.10664679110050201
3900,NOSE,0.24805688858032227,0.39039289951324463,-0.31710177659988403
3900,LEFT_EYE_INNER,0.23350615799427032,0.37726733088493347,-0.30090051889419556
3900,LEFT_EYE,0.2337854653596878,0.3707343339920044,-0.300932914018631
3900,LEFT_EYE_OUTER,0.2342672049999237,0.36387211084365845,-0.30089759826660156
3900,RIGHT_EYE_INNER,0.23294512927532196,0.4022786319255829,-0.3015649914741516
3900,RIGHT_EYE,0.23295548558235168,0.4121860861778259,-0.3016037344932556
3900,RIGHT_EYE_OUTER,0.2330857813358307,0.4222901165485382,-0.3015066087245941
3900,LEFT_EAR,0.23979130387306213,0.354610800743103,-0.19047164916992188
3900,RIGHT_EAR,0.23703213036060333,0.4371577501296997,-0.1981739103794098
3900,MOUTH_LEFT,0.2623298764228821,0.37750694155693054,-0.27400973439216614
3900,MOUTH_RIGHT,0.2610958516597748,0.4091758728027344,-0.2756723463535309
3900,LEFT_SHOULDER,0.3195660412311554,0.2897295355796814,-0.12659700214862823
3900,RIGHT_SHOULDER,0.2946389615535736,0.5063584446907043,-0.15013055503368378
3900,LEFT_ELBOW,0.4193802773952484,0.27419254183769226,-0.06259308755397797
3900,RIGHT_ELBOW,0.21298083662986755,0.5832785964012146,-0.18398089706897736
3900,LEFT_WRIST,0.5091078281402588,0.2811465859413147,-0.04789205640554428
3900,RIGHT_WRIST,0.1152101531624794,0.6630999445915222,-0.19910451769828796
3900,LEFT_PINKY,0.5388351678848267,0.27947402000427246,-0.05364946275949478
3900,RIGHT_PINKY,0.08604716509580612,0.695716917514801,-0.2210310995578766
3900,LEFT_INDEX,0.5379830598831177,0.29108065366744995,-0.08469460904598236
3900,RIGHT_INDEX,0.08217348158359528,0.6963862776756287,-0.2340269535779953
3900,LEFT_THUMB,0.528515636920929,0.2983405292034149,-0.06026613712310791
3900,RIGHT_THUMB,0.09017010778188705,0.6848783493041992,-0.21222972869873047
3900,LEFT_HIP,0.5070614814758301,0.3529646098613739,0.01945752464234829
3900,RIGHT_HIP,0.5053502917289734,0.4785022437572479,-0.019792797043919563
3900,LEFT_KNEE,0.63907390832901,0.34726667404174805,0.06056535989046097
3900,RIGHT_KNEE,0.6354266405105591,0.46674588322639465,0.018027545884251595
3900,LEFT_ANKLE,0.744037926197052,0.3836258351802826,0.264470636844635
3900,RIGHT_ANKLE,0.73122638463974,0.4707096815109253,0.22215871512889862
3900,LEFT_HEEL,0.7615013718605042,0.40437719225883484,0.2802295982837677
3900,RIGHT_HEEL,0.747437596321106,0.4667380452156067,0.23699672520160675
3900,LEFT_FOOT_INDEX,0.7994775176048279,0.33379432559013367,0.16221196949481964
3900,RIGHT_FOOT_INDEX,0.7910101413726807,0.47033238410949707,0.10744436085224152
3933,NOSE,0.2480524778366089,0.39045172929763794,-0.3155253827571869
3933,LEFT_EYE_INNER,0.2335221767425537,0.37726613879203796,-0.2989325225353241
3933,LEFT_EYE,0.2338157445192337,0.37072935700416565,-0.2989600598812103
3933,LEFT_EYE_OUTER,0.23431047797203064,0.36387306451797485,-0.2989283800125122
3933,RIGHT_EYE_INNER,0.23294687271118164,0.40231192111968994,-0.2999131679534912
3933,RIGHT_EYE,0.23295684158802032,0.41227129101753235,-0.2999510169029236
3933,RIGHT_EYE_OUTER,0.2330877035856247,0.4223554730415344,-0.2998468279838562
3933,LEFT_EAR,0.2399575412273407,0.35460418462753296,-0.1879904866218567
3933,RIGHT_EAR,0.23710384964942932,0.43717554211616516,-0.1969064623117447
3933,MOUTH_LEFT,0.2623494863510132,0.37754935026168823,-0.27234822511672974
3933,MOUTH_RIGHT,0.2611054480075836,0.4093449115753174,-0.2743619978427887
3933,LEFT_SHOULDER,0.3195927143096924,0.2897038459777832,-0.12434389442205429
3933,RIGHT_SHOULDER,0.29478228092193604,0.5065473318099976,-0.1492845118045807
3933,LEFT_ELBOW,0.41945725679397583,0.2741934359073639,-0.06014273688197136
3933,RIGHT_ELBOW,0.2134159505367279,0.5838346481323242,-0.18256965279579163
3933,LEFT_WRIST,0.5092147588729858,0.2811667323112488,-0.045491188764572144
3933,RIGHT_WRIST,0.11537279933691025,0.6634697318077087,-0.19730500876903534
3933,LEFT_PINKY,0.5389271974563599,0.2794617712497711,-0.05126231908798218
3933,RIGHT_PINKY,0.08625785261392593,0.6962338089942932,-0.2195136845111847
3933,LEFT_INDEX,0.5380611419677734,0.29111018776893616,-0.08207105100154877
3933,RIGHT_INDEX,0.08241593837738037,0.6971556544303894,-0.2318163365125656
3933,LEFT_THUMB,0.5286047458648682,0.2983851134777069,-0.0578073151409626
3933,RIGHT_THUMB,0.0902937799692154,0.6855268478393555,-0.21024379134178162
3933,LEFT_HIP,0.5071611404418945,0.35299113392829895,0.01949772611260414
3933,RIGHT_HIP,0.5055521130561829,0.47851037979125977,-0.019830923527479172
3933,LEFT_KNEE,0.6391261219978333,0.34723079204559326,0.061532162129879
3933,RIGHT_KNEE,0.6354271173477173,0.4668826162815094,0.018555300310254097
3933,LEFT_ANKLE,0.7440032362937927,0.38362422585487366,0.2646881937980652
3933,RIGHT_ANKLE,0.7312280535697937,0.4707168936729431,0.22259163856506348
3933,LEFT_HEEL,0.7615001797676086,0.40435537695884705,0.28051477670669556
3933,RIGHT_HEEL,0.7474182844161987,0.46673041582107544,0.2373988926410675
3933,LEFT_FOOT_INDEX,0.7994837760925293,0.3337867856025696,0.1624305546283722
3933,RIGHT_FOOT_INDEX,0.7910227179527283,0.47048184275627136,0.1080295667052269
3966,NOSE,0.2480255365371704,0.3904496133327484,-0.31586501002311707
3966,LEFT_EYE_INNER,0.23351231217384338,0.3772084414958954,-0.2991349399089813
3966,LEFT_EYE,0.23381181061267853,0.3706749379634857,-0.2991621196269989
3966,LEFT_EYE_OUTER,0.23430855572223663,0.36384740471839905,-0.2991311550140381
3966,RIGHT_EYE_INNER,0.2329360991716385,0.4023033678531647,-0.30021166801452637
3966,RIGHT_EYE,0.23294822871685028,0.4122794270515442,-0.30024972558021545
3966,RIGHT_EYE_OUTER,0.23308074474334717,0.4223613739013672,-0.3001447319984436
3966,LEFT_EAR,0.2399776726961136,0.3546138405799866,-0.18779341876506805
3966,RIGHT_EAR,0.23714525997638702,0.43718841671943665,-0.19710557162761688
3966,MOUTH_LEFT,0.2623426914215088,0.37755265831947327,-0.2726406455039978
3966,MOUTH_RIGHT,0.26109445095062256,0.4094005525112152,-0.27470794320106506
3966,LEFT_SHOULDER,0.31960105895996094,0.28974801301956177,-0.12442521005868912
3966,RIGHT_SHOULDER,0.29492032527923584,0.5068286061286926,-0.1493549644947052
3966,LEFT_ELBOW,0.4195137917995453,0.27424556016921997,-0.06017538160085678
3966,RIGHT_ELBOW,0.21345078945159912,0.5846500992774963,-0.1817830353975296
3966,LEFT_WRIST,0.5092228055000305,0.2812540829181671,-0.045530397444963455
3966,RIGHT_WRIST,0.11530306190252304,0.6649237871170044,-0.1965605467557907
3966,LEFT_PINKY,0.5389387011528015,0.27950698137283325,-0.051317840814590454
3966,RIGHT_PINKY,0.0862477719783783,0.6992314457893372,-0.21880395710468292
3966,LEFT_INDEX,0.5380895733833313,0.2911714017391205,-0.08208093792200089
3966,RIGHT_INDEX,0.08242525160312653,0.7008363604545593,-0.23123686015605927
3966,LEFT_THUMB,0.528633713722229,0.2984462380409241,-0.05784041807055473
3966,RIGHT_THUMB,0.09020429104566574,0.6886776089668274,-0.20962026715278625
3966,LEFT_HIP,0.5072119832038879,0.3529854118824005,0.019626732915639877
3966,RIGHT_HIP,0.5056589245796204,0.47846320271492004,-0.01995795965194702
3966,LEFT_KNEE,0.6391740441322327,0.34716010093688965,0.063728928565979
3966,RIGHT_KNEE,0.6353970170021057,0.4669837951660156,0.01959095522761345
3966,LEFT_ANKLE,0.7440038919448853,0.38360705971717834,0.26644065976142883
3966,RIGHT_ANKLE,0.7311999797821045,0.4708085060119629,0.22496959567070007
3966,LEFT_HEEL,0.7615057229995728,0.4043298065662384,0.282174289226532
3966,RIGHT_HEEL,0.7472448945045471,0.4667876362800598,0.2398487776517868
3966,LEFT_FOOT_INDEX,0.7995094656944275,0.3337564468383789,0.16428938508033752
3966,RIGHT_FOOT_INDEX,0.7910324931144714,0.4706319570541382,0.11017457395792007
4000,NOSE,0.24791347980499268,0.3903499245643616,-0.31604480743408203
4000,LEFT_EYE_INNER,0.2334306687116623,0.37707269191741943,-0.29937657713890076
4000,LEFT_EYE,0.23374712467193604,0.3705596625804901,-0.2994036078453064
4000,LEFT_EYE_OUTER,0.23424772918224335,0.3637695014476776,-0.2993724048137665
4000,RIGHT_EYE_INNER,0.23289601504802704,0.4022533893585205,-0.30032676458358765
4000,RIGHT_EYE,0.23292596638202667,0.4122694134712219,-0.30036550760269165
4000,RIGHT_EYE_OUTER,0.23307065665721893,0.4223591387271881,-0.30026426911354065
4000,LEFT_EAR,0.2399790734052658,0.35460972785949707,-0.18732498586177826
4000,RIGHT_EAR,0.23722007870674133,0.4371913969516754,-0.1976594626903534
4000,MOUTH_LEFT,0.2623055577278137,0.3775084912776947,-0.27289190888404846
4000,MOUTH_RIGHT,0.26108068227767944,0.40940433740615845,-0.2748434841632843
4000,LEFT_SHOULDER,0.3196088969707489,0.2897472381591797,-0.12274978309869766
4000,RIGHT_SHOULDER,0.2950890362262726,0.5069281458854675,-0.15063199400901794
4000,LEFT_ELBOW,0.4196034371852875,0.274251788854599,-0.056191276758909225
4000,RIGHT_ELBOW,0.21372048556804657,0.585273802280426,-0.18321692943572998
4000,LEFT_WRIST,0.5092188715934753,0.2812725007534027,-0.04092063754796982
4000,RIGHT_WRIST,0.11527328193187714,0.6664068102836609,-0.197437584400177
4000,LEFT_PINKY,0.5389412045478821,0.27950048446655273,-0.046153340488672256
4000,RIGHT_PINKY,0.08656768500804901,0.7012773752212524,-0.2198013812303543
4000,LEFT_INDEX,0.5380997061729431,0.29116523265838623,-0.0772940069437027
4000,RIGHT_INDEX,0.08272485435009003,0.7030168175697327,-0.23191790282726288
4000,LEFT_THUMB,0.528639018535614,0.29844415187835693,-0.05343063548207283
4000,RIGHT_THUMB,0.09036353975534439,0.6907053589820862,-0.21038112044334412
4000,LEFT_HIP,0.5073193311691284,0.35277608036994934,0.020284736528992653
4000,RIGHT_HIP,0.5059057474136353,0.4781743288040161,-0.020607465878129005
4000,LEFT_KNEE,0.6391797065734863,0.3471001982688904,0.07093324512243271
4000,RIGHT_KNEE,0.6353855133056641,0.46698516607284546,0.0204301867634058
4000,LEFT_ANKLE,0.7440426349639893,0.383606880903244,0.26990777254104614
4000,RIGHT_ANKLE,0.7311891913414001,0.4709470570087433,0.22536638379096985
4000,LEFT_HEEL,0.7615793943405151,0.40432074666023254,0.28522881865501404
4000,RIGHT_HEEL,0.7471325397491455,0.46689102053642273,0.24019742012023926
4000,LEFT_FOOT_INDEX,0.7995840311050415,0.3337476849555969,0.16780035197734833
4000,RIGHT_FOOT_INDEX,0.791038990020752,0.47067147493362427,0.11038494110107422
4033,NOSE,0.2478705644607544,0.390081524848938,-0.32473206520080566
4033,LEFT_EYE_INNER,0.23340868949890137,0.37685874104499817,-0.30683138966560364
4033,LEFT_EYE,0.2337302714586258,0.3704208433628082,-0.30684664845466614
4033,LEFT_EYE_OUTER,0.23423102498054504,0.36368945240974426,-0.30681806802749634
4033,RIGHT_EYE_INNER,0.2328910529613495,0.4020253121852875,-0.3088844418525696
4033,RIGHT_EYE,0.23292231559753418,0.41209012269973755,-0.30892524123191833
4033,RIGHT_EYE_OUTER,0.2330724000930786,0.42224419116973877,-0.30881044268608093
4033,LEFT_EAR,0.23998093605041504,0.35461193323135376,-0.19148990511894226
4033,RIGHT_EAR,0.237330824136734,0.43720144033432007,-0.2058316469192505
4033,MOUTH_LEFT,0.26229000091552734,0.37741971015930176,-0.28029629588127136
4033,MOUTH_RIGHT,0.26107650995254517,0.40935397148132324,-0.2837485074996948
4033,LEFT_SHOULDER,0.31959104537963867,0.2897627055644989,-0.12569889426231384
4033,RIGHT_SHOULDER,0.2952192425727844,0.5070591568946838,-0.15594170987606049
4033,LEFT_ELBOW,0.41963204741477966,0.2742469906806946,-0.057267338037490845
4033,RIGHT_ELBOW,0.2138625830411911,0.586232602596283,-0.18763262033462524
4033,LEFT_WRIST,0.5092195272445679,0.2813098728656769,-0.04225322976708412
4033,RIGHT_WRIST,0.11526954174041748,0.667969286441803,-0.2013198584318161
4033,LEFT_PINKY,0.5389481782913208,0.2795496881008148,-0.04747965931892395
4033,RIGHT_PINKY,0.08703232556581497,0.703555703163147,-0.22427240014076233
4033,LEFT_INDEX,0.5381201505661011,0.29118674993515015,-0.07913712412118912
4033,RIGHT_INDEX,0.08291741460561752,0.7051129937171936,-0.23614299297332764
4033,LEFT_THUMB,0.5286575555801392,0.29846304655075073,-0.05502455681562424
4033,RIGHT_THUMB,0.09042444080114365,0.6926431059837341,-0.2143021523952484
4033,LEFT_HIP,0.5074433088302612,0.352193146944046,0.02031143568456173
4033,RIGHT_HIP,0.5062294006347656,0.4777071177959442,-0.020632710307836533
4033,LEFT_KNEE,0.6392970085144043,0.34702208638191223,0.07410193979740143
4033,RIGHT_KNEE,0.6354886293411255,0.4670211672782898,0.022377576678991318
4033,LEFT_ANKLE,0.7440586090087891,0.38360893726348877,0.28044360876083374
4033,RIGHT_ANKLE,0.7313054800033569,0.4709639549255371,0.23190677165985107
4033,LEFT_HEEL,0.7616059184074402,0.40431511402130127,0.2964130938053131
4033,RIGHT_HEEL,0.7471727132797241,0.4668830335140228,0.24708299338817596
4033,LEFT_FOOT_INDEX,0.799717903137207,0.33374664187431335,0.1765553057193756
4033,RIGHT_FOOT_INDEX,0.7912505865097046,0.4707299470901489,0.11474094539880753
4066,NOSE,0.24794359505176544,0.3900372385978699,-0.33649304509162903
4066,LEFT_EYE_INNER,0.23348864912986755,0.37676674127578735,-0.3183017075061798
4066,LEFT_EYE,0.23379972577095032,0.3703465759754181,-0.3183107376098633
4066,LEFT_EYE_OUTER,0.2342899739742279,0.36364999413490295,-0.31828975677490234
4066,RIGHT_EYE_INNER,0.23302693665027618,0.4019041657447815,-0.319989949464798
4066,RIGHT_EYE,0.2330949753522873,0.41198939085006714,-0.3200334906578064
4066,RIGHT_EYE_OUTER,0.2332758605480194,0.42216163873672485,-0.31990867853164673
4066,LEFT_EAR,0.2400473654270172,0.35460564494132996,-0.20199906826019287
4066,RIGHT_EAR,0.2376897633075714,0.43716683983802795,-0.21448078751564026
4066,MOUTH_LEFT,0.2622970640659332,0.3773932158946991,-0.291798859834671
4066,MOUTH_RIGHT,0.26110607385635376,0.4093029797077179,-0.29479432106018066
4066,LEFT_SHOULDER,0.31959453225135803,0.2897447645664215,-0.13654695451259613
4066,RIGHT_SHOULDER,0.29542720317840576,0.5070422291755676,-0.16167409718036652
4066,LEFT_ELBOW,0.41974306106567383,0.2742694020271301,-0.07105090469121933
4066,RIGHT_ELBOW,0.214023619890213,0.586790919303894,-0.1917167454957962
4066,LEFT_WRIST,0.5092257261276245,0.28141430020332336,-0.059309668838977814
4066,RIGHT_WRIST,0.11525050550699234,0.6693126559257507,-0.20770207047462463
4066,LEFT_PINKY,0.5389508605003357,0.27970296144485474,-0.06674905866384506
4066,RIGHT_PINKY,0.0870015025138855,0.7064124345779419,-0.23192301392555237
4066,LEFT_INDEX,0.5381324291229248,0.29119595885276794,-0.09895159304141998
4066,RIGHT_INDEX,0.08288498222827911,0.7080571055412292,-0.24552766978740692
4066,LEFT_THUMB,0.5286787748336792,0.2984708845615387,-0.07250998914241791
4066,RIGHT_THUMB,0.09040337055921555,0.6950763463973999,-0.22163495421409607
4066,LEFT_HIP,0.5076233148574829,0.3518211245536804,0.02031445875763893
4066,RIGHT_HIP,0.5065011382102966,0.47738727927207947,-0.02063504047691822
4066,LEFT_KNEE,0.639384388923645,0.3470008075237274,0.08170844614505768
4066,RIGHT_KNEE,0.635632336139679,0.4673882722854614,0.025823622941970825
4066,LEFT_ANKLE,0.7441191077232361,0.3836154639720917,0.29573655128479004
4066,RIGHT_ANKLE,0.7317333221435547,0.47095873951911926,0.23861896991729736
4066,LEFT_HEEL,0.7617572546005249,0.40431731939315796,0.31219807267189026
4066,RIGHT_HEEL,0.7477486729621887,0.466821551322937,0.25387924909591675
4066,LEFT_FOOT_INDEX,0.799850344657898,0.3337598741054535,0.18990054726600647
4066,RIGHT_FOOT_INDEX,0.7913973331451416,0.470730721950531,0.1187056303024292
4100,NOSE,0.24797840416431427,0.3898767828941345,-0.34505656361579895
4100,LEFT_EYE_INNER,0.23348665237426758,0.3766533434391022,-0.3254404664039612
4100,LEFT_EYE,0.23379619419574738,0.3702719509601593,-0.32545214891433716
4100,LEFT_EYE_OUTER,0.23427431285381317,0.36361995339393616,-0.32543888688087463
4100,RIGHT_EYE_INNER,0.23309433460235596,0.40170809626579285,-0.3271745443344116
4100,RIGHT_EYE,0.23320910334587097,0.4118172526359558,-0.3272175192832947
4100,RIGHT_EYE_OUTER,0.23344066739082336,0.42203232645988464,-0.3270907998085022
4100,LEFT_EAR,0.240034818649292,0.3546416461467743,-0.20498792827129364
4100,RIGHT_EAR,0.2379865199327469,0.43712934851646423,-0.2172257900238037
4100,MOUTH_LEFT,0.2622893750667572,0.37731117010116577,-0.29910165071487427
4100,MOUTH_RIGHT,0.2611343264579773,0.4091600775718689,-0.3020932674407959
4100,LEFT_SHOULDER,0.3196294605731964,0.2897343635559082,-0.13819541037082672
4100,RIGHT_SHOULDER,0.29587310552597046,0.5070174932479858,-0.16326430439949036
4100,LEFT_ELBOW,0.4198381006717682,0.2743031084537506,-0.07295460999011993
4100,RIGHT_ELBOW,0.2143644541501999,0.5870134830474854,-0.19281397759914398
4100,LEFT_WRIST,0.5092315673828125,0.2814633250236511,-0.06717769801616669
4100,RIGHT_WRIST,0.11522402614355087,0.6703276634216309,-0.21371527016162872
4100,LEFT_PINKY,0.5389624834060669,0.2798420190811157,-0.07703482359647751
4100,RIGHT_PINKY,0.08698784559965134,0.7081641554832458,-0.24057230353355408
4100,LEFT_INDEX,0.5381779074668884,0.29118630290031433,-0.11030387878417969
4100,RIGHT_INDEX,0.08285900950431824,0.7098795771598816,-0.25556206703186035
4100,LEFT_THUMB,0.5287361145019531,0.29844537377357483,-0.08114156872034073
4100,RIGHT_THUMB,0.09037725627422333,0.6965975761413574,-0.22853180766105652
4100,LEFT_HIP,0.5086426734924316,0.3516983091831207,0.02038220316171646
4100,RIGHT_HIP,0.5076068639755249,0.47720611095428467,-0.02069636806845665
4100,LEFT_KNEE,0.6397177577018738,0.3468576967716217,0.08913453668355942
4100,RIGHT_KNEE,0.6360113620758057,0.4677727222442627,0.03078768029808998
4100,LEFT_ANKLE,0.7443150877952576,0.38365253806114197,0.318177729845047
4100,RIGHT_ANKLE,0.7320340871810913,0.4708128273487091,0.25502637028694153
4100,LEFT_HEEL,0.7618100047111511,0.40436652302742004,0.3358338475227356
4100,RIGHT_HEEL,0.748137354850769,0.4667225778102875,0.27122101187705994
4100,LEFT_FOOT_INDEX,0.8001703023910522,0.3338298499584198,0.2098780870437622
4100,RIGHT_FOOT_INDEX,0.7914549112319946,0.4707775413990021,0.13113859295845032
4133,NOSE,0.24798567593097687,0.3901388943195343,-0.3421592712402344
4133,LEFT_EYE_INNER,0.23347537219524384,0.37686580419540405,-0.32410764694213867
4133,LEFT_EYE,0.23376569151878357,0.3703716993331909,-0.3241211771965027
4133,LEFT_EYE_OUTER,0.23421232402324677,0.36378806829452515,-0.3241002559661865
4133,RIGHT_EYE_INNER,0.23313014209270477,0.40188682079315186,-0.324909508228302
4133,RIGHT_EYE,0.23328471183776855,0.4119899868965149,-0.3249514698982239
4133,RIGHT_EYE_OUTER,0.23356512188911438,0.42210787534713745,-0.32482999563217163
4133,LEFT_EAR,0.2399996519088745,0.3548203706741333,-0.2023511677980423
4133,RIGHT_EAR,0.23824426531791687,0.43707117438316345,-0.21624509990215302
4133,MOUTH_LEFT,0.26227205991744995,0.3773987293243408,-0.2972122132778168
4133,MOUTH_RIGHT,0.2611638903617859,0.4091865122318268,-0.299346923828125
4133,LEFT_SHOULDER,0.3197389245033264,0.28971928358078003,-0.13301733136177063
4133,RIGHT_SHOULDER,0.29635459184646606,0.5067849159240723,-0.16335812211036682
4133,LEFT_ELBOW,0.4198516309261322,0.27461570501327515,-0.06655821204185486
4133,RIGHT_ELBOW,0.2145644873380661,0.587444543838501,-0.1960824429988861
4133,LEFT_WRIST,0.5092586874961853,0.28153303265571594,-0.058599792420864105
4133,RIGHT_WRIST,0.11548688262701035,0.6713719367980957,-0.214823916554451
4133,LEFT_PINKY,0.539029061794281,0.27983739972114563,-0.06617765873670578
4133,RIGHT_PINKY,0.08722355216741562,0.7088111639022827,-0.2410372942686081
4133,LEFT_INDEX,0.538331925868988,0.2911107540130615,-0.09906864166259766
4133,RIGHT_INDEX,0.08306289464235306,0.7103701829910278,-0.25324827432632446
4133,LEFT_THUMB,0.5288885235786438,0.29839590191841125,-0.0724685788154602
4133,RIGHT_THUMB,0.09062732756137848,0.6972293257713318,-0.22832366824150085
4133,LEFT_HIP,0.5094738006591797,0.3519097566604614,0.02117002196609974
4133,RIGHT_HIP,0.5084569454193115,0.47725987434387207,-0.021483246237039566
4133,LEFT_KNEE,0.6398657560348511,0.3467106223106384,0.08964142203330994
4133,RIGHT_KNEE,0.6366590261459351,0.4675694406032562,0.033453620970249176
4133,LEFT_ANKLE,0.7459242343902588,0.38384467363357544,0.3083047866821289
4133,RIGHT_ANKLE,0.7323116064071655,0.4707382917404175,0.255722314119339
4133,LEFT_HEEL,0.7624978423118591,0.40448176860809326,0.3251406252384186
4133,RIGHT_HEEL,0.7483552694320679,0.46678614616394043,0.27200502157211304
4133,LEFT_FOOT_INDEX,0.8006933927536011,0.33381304144859314,0.2027180939912796
4133,RIGHT_FOOT_INDEX,0.791131317615509,0.4708399176597595,0.13730017840862274
4166,NOSE,0.24811777472496033,0.3909555971622467,-0.32984107732772827
4166,LEFT_EYE_INNER,0.2335408627986908,0.3777020275592804,-0.3096330463886261
4166,LEFT_EYE,0.2337983399629593,0.37089136242866516,-0.3096636235713959
4166,LEFT_EYE_OUTER,0.2342209815979004,0.3643814027309418,-0.3096599578857422
4166,RIGHT_EYE_INNER,0.23336462676525116,0.4026777446269989,-0.31220799684524536
4166,RIGHT_EYE,0.23358967900276184,0.4126910865306854,-0.3122437000274658
4166,RIGHT_EYE_OUTER,0.2339506894350052,0.4225144386291504,-0.3121245503425598
4166,LEFT_EAR,0.24000069499015808,0.35549166798591614,-0.18658311665058136
4166,RIGHT_EAR,0.23874986171722412,0.43708279728889465,-0.20354588329792023
4166,MOUTH_LEFT,0.26229822635650635,0.37779319286346436,-0.28358200192451477
4166,MOUTH_RIGHT,0.2612808346748352,0.4094197154045105,-0.28757888078689575
4166,LEFT_SHOULDER,0.3199058175086975,0.28983375430107117,-0.1139862909913063
4166,RIGHT_SHOULDER,0.29686444997787476,0.5064326524734497,-0.16074666380882263
4166,LEFT_ELBOW,0.4198194444179535,0.275640606880188,-0.04469175264239311
4166,RIGHT_ELBOW,0.21481280028820038,0.5875790119171143,-0.19545647501945496
4166,LEFT_WRIST,0.509154736995697,0.28203266859054565,-0.030906954780220985
4166,RIGHT_WRIST,0.11569052934646606,0.6722384691238403,-0.21344546973705292
4166,LEFT_PINKY,0.5389350056648254,0.2798747420310974,-0.0357888862490654
4166,RIGHT_PINKY,0.08743257820606232,0.7094385623931885,-0.2394501268863678
4166,LEFT_INDEX,0.5382800698280334,0.2911030054092407,-0.06872274726629257
4166,RIGHT_INDEX,0.08325817435979843,0.7108650207519531,-0.2511917054653168
4166,LEFT_THUMB,0.5288767218589783,0.29840898513793945,-0.04465325176715851
4166,RIGHT_THUMB,0.09085441380739212,0.6978346109390259,-0.2267570197582245
4166,LEFT_HIP,0.5100014805793762,0.3521043360233307,0.023040473461151123
4166,RIGHT_HIP,0.5087714791297913,0.4773249626159668,-0.02334156259894371
4166,LEFT_KNEE,0.6405300498008728,0.346669465303421,0.09261374175548553
4166,RIGHT_KNEE,0.638013482093811,0.4675177335739136,0.033710625022649765
4166,LEFT_ANKLE,0.7468201518058777,0.3842141330242157,0.3058531880378723
4166,RIGHT_ANKLE,0.7332608103752136,0.47024738788604736,0.25375083088874817
4166,LEFT_HEEL,0.7631667852401733,0.4046224355697632,0.32227736711502075
4166,RIGHT_HEEL,0.7492978572845459,0.4667881727218628,0.26994526386260986
4166,LEFT_FOOT_INDEX,0.8006932139396667,0.33377382159233093,0.20096325874328613
4166,RIGHT_FOOT_INDEX,0.7906087636947632,0.4694533348083496,0.13581278920173645
4200,NOSE,0.24824979901313782,0.39153382182121277,-0.30729982256889343
4200,LEFT_EYE_INNER,0.23364827036857605,0.3782528042793274,-0.2872686982154846
4200,LEFT_EYE,0.2338690310716629,0.3712419867515564,-0.28730645775794983
4200,LEFT_EYE_OUTER,0.23425738513469696,0.364806592464447,-0.2873086929321289
4200,RIGHT_EYE_INNER,0.23359417915344238,0.4032479524612427,-0.290304958820343
4200,RIGHT_EYE,0.23385265469551086,0.41326168179512024,-0.290333092212677
4200,RIGHT_EYE_OUTER,0.2342517375946045,0.4229147136211395,-0.2902127802371979
4200,LEFT_EAR,0.2400067299604416,0.3560025990009308,-0.16842935979366302
4200,RIGHT_EAR,0.23906569182872772,0.43716058135032654,-0.18532761931419373
4200,MOUTH_LEFT,0.26233330368995667,0.378118097782135,-0.2621387541294098
4200,MOUTH_RIGHT,0.26137492060661316,0.4096326231956482,-0.26650163531303406
4200,LEFT_SHOULDER,0.320109486579895,0.289909303188324,-0.09989988058805466
4200,RIGHT_SHOULDER,0.2971688210964203,0.5063353776931763,-0.14695687592029572
4200,LEFT_ELBOW,0.41977086663246155,0.2764517664909363,-0.03350848704576492
4200,RIGHT_ELBOW,0.21521274745464325,0.5879153609275818,-0.1873149573802948
4200,LEFT_WRIST,0.509116530418396,0.28213050961494446,-0.02250930294394493
4200,RIGHT_WRIST,0.11595418304204941,0.6728866100311279,-0.20796756446361542
4200,LEFT_PINKY,0.5388556122779846,0.27980780601501465,-0.027466649189591408
4200,RIGHT_PINKY,0.08765476197004318,0.709976851940155,-0.2347431480884552
4200,LEFT_INDEX,0.5381609201431274,0.29096922278404236,-0.059742312878370285
4200,RIGHT_INDEX,0.0834256261587143,0.711137056350708,-0.2426767349243164
4200,LEFT_THUMB,0.5288465023040771,0.29837268590927124,-0.035999756306409836
4200,RIGHT_THUMB,0.09105412662029266,0.6982178092002869,-0.21991661190986633
4200,LEFT_HIP,0.5103780627250671,0.3524002730846405,0.023378508165478706
4200,RIGHT_HIP,0.5089606642723083,0.4776209592819214,-0.023673510178923607
4200,LEFT_KNEE,0.640530526638031,0.34663623571395874,0.08843522518873215
4200,RIGHT_KNEE,0.6391748189926147,0.4675208330154419,0.03300946205854416
4200,LEFT_ANKLE,0.7476964592933655,0.3842103183269501,0.2899472415447235
4200,RIGHT_ANKLE,0.7336940765380859,0.46963098645210266,0.2514687478542328
4200,LEFT_HEEL,0.7639521360397339,0.4044686257839203,0.3052719831466675
4200,RIGHT_HEEL,0.7496506571769714,0.46660998463630676,0.26740968227386475
4200,LEFT_FOOT_INDEX,0.8006961941719055,0.33373451232910156,0.1842682957649231
4200,RIGHT_FOOT_INDEX,0.7899504899978638,0.4683944582939148,0.13339737057685852
4233,NOSE,0.24825629591941833,0.39180463552474976,-0.30316799879074097
4233,LEFT_EYE_INNER,0.2336486577987671,0.37846052646636963,-0.283864825963974
4233,LEFT_EYE,0.23386840522289276,0.37137100100517273,-0.28389638662338257
4233,LEFT_EYE_OUTER,0.23425260186195374,0.36499401926994324,-0.2838938236236572
4233,RIGHT_EYE_INNER,0.23362109065055847,0.40350982546806335,-0.2867904305458069
4233,RIGHT_EYE,0.2338932305574417,0.41359126567840576,-0.286821186542511
4233,RIGHT_EYE_OUTER,0.23430828750133514,0.4231993854045868,-0.28670063614845276
4233,LEFT_EAR,0.2399996966123581,0.35625186562538147,-0.16742220520973206
4233,RIGHT_EAR,0.23917743563652039,0.4372767508029938,-0.18376639485359192
4233,MOUTH_LEFT,0.26233550906181335,0.3782963752746582,-0.2587202191352844
4233,MOUTH_RIGHT,0.2614092230796814,0.40978071093559265,-0.2629799246788025
4233,LEFT_SHOULDER,0.3202497065067291,0.2899113893508911,-0.10174828767776489
4233,RIGHT_SHOULDER,0.29737967252731323,0.5063340663909912,-0.14351686835289001
4233,LEFT_ELBOW,0.4197353720664978,0.27645763754844666,-0.03657180815935135
4233,RIGHT_ELBOW,0.2155454158782959,0.5881314277648926,-0.18392890691757202
4233,LEFT_WRIST,0.5091599225997925,0.28207600116729736,-0.026189282536506653
4233,RIGHT_WRIST,0.11609461158514023,0.6731953620910645,-0.20571403205394745
4233,LEFT_PINKY,0.5389048457145691,0.27936917543411255,-0.03176971897482872
4233,RIGHT_PINKY,0.08785044401884079,0.7103004455566406,-0.23218083381652832
4233,LEFT_INDEX,0.5381626486778259,0.29077884554862976,-0.06369529664516449
4233,RIGHT_INDEX,0.08351922035217285,0.7112579941749573,-0.2398674041032791
4233,LEFT_THUMB,0.5288709402084351,0.2982800304889679,-0.039461590349674225
4233,RIGHT_THUMB,0.0911717414855957,0.6983893513679504,-0.2175358533859253
4233,LEFT_HIP,0.5108308792114258,0.35257381200790405,0.02335827425122261
4233,RIGHT_HIP,0.5092847347259521,0.4779503643512726,-0.023656588047742844
4233,LEFT_KNEE,0.640541672706604,0.3465195298194885,0.08197752386331558
4233,RIGHT_KNEE,0.6399201154708862,0.46752217411994934,0.032554708421230316
4233,LEFT_ANKLE,0.7481147050857544,0.384194552898407,0.2760894298553467
4233,RIGHT_ANKLE,0.7341395616531372,0.4688340425491333,0.24629449844360352
4233,LEFT_HEEL,0.76429283618927,0.4042682647705078,0.2907569706439972
4233,RIGHT_HEEL,0.7499310970306396,0.4663071036338806,0.261565238237381
4233,LEFT_FOOT_INDEX,0.8006635904312134,0.33370164036750793,0.17117613554000854
4233,RIGHT_FOOT_INDEX,0.7896260023117065,0.4670780897140503,0.13151904940605164
4266,NOSE,0.24819743633270264,0.39181941747665405,-0.3045348823070526
4266,LEFT_EYE_INNER,0.23357710242271423,0.37846237421035767,-0.285718709230423
4266,LEFT_EYE,0.2337973564863205,0.37137213349342346,-0.2857454717159271
4266,LEFT_EYE_OUTER,0.234169602394104,0.36501580476760864,-0.28574082255363464
4266,RIGHT_EYE_INNER,0.23360128700733185,0.4035273790359497,-0.2885892987251282
4266,RIGHT_EYE,0.23388341069221497,0.4136503040790558,-0.2886252701282501
4266,RIGHT_EYE_OUTER,0.23430375754833221,0.42328977584838867,-0.2885083854198456
4266,LEFT_EAR,0.2399781495332718,0.3563125729560852,-0.17065349221229553
4266,RIGHT_EAR,0.23919141292572021,0.43738898634910583,-0.18668107688426971
4266,MOUTH_LEFT,0.26231855154037476,0.3783228099346161,-0.2606331408023834
4266,MOUTH_RIGHT,0.2614118158817291,0.40980398654937744,-0.26487642526626587
4266,LEFT_SHOULDER,0.32049697637557983,0.289870023727417,-0.1057668924331665
4266,RIGHT_SHOULDER,0.29747509956359863,0.5063682198524475,-0.1447611153125763
4266,LEFT_ELBOW,0.4197123944759369,0.276220440864563,-0.04027102142572403
4266,RIGHT_ELBOW,0.2156926691532135,0.5886194705963135,-0.18417033553123474
4266,LEFT_WRIST,0.5092905759811401,0.28190720081329346,-0.0288118664175272
4266,RIGHT_WRIST,0.11608833074569702,0.67364901304245,-0.20565339922904968
4266,LEFT_PINKY,0.5390065908432007,0.2790186405181885,-0.034509290009737015
4266,RIGHT_PINKY,0.08782263100147247,0.7111790776252747,-0.23161467909812927
4266,LEFT_INDEX,0.5381763577461243,0.29054737091064453,-0.06681153178215027
4266,RIGHT_INDEX,0.08344615995883942,0.7120668888092041,-0.23975232243537903
4266,LEFT_THUMB,0.528960108757019,0.2980823814868927,-0.042155563831329346
4266,RIGHT_THUMB,0.09111516922712326,0.6991199254989624,-0.2175157070159912
4266,LEFT_HIP,0.5113986134529114,0.3527132570743561,0.023198198527097702
4266,RIGHT_HIP,0.5095723867416382,0.4783036410808563,-0.02348625473678112
4266,LEFT_KNEE,0.6402771472930908,0.3462716341018677,0.08073440939188004
4266,RIGHT_KNEE,0.6401119232177734,0.46751365065574646,0.03230959549546242
4266,LEFT_ANKLE,0.7483224868774414,0.3841842710971832,0.26479944586753845
4266,RIGHT_ANKLE,0.735220730304718,0.46838340163230896,0.23269867897033691
4266,LEFT_HEEL,0.7646604776382446,0.4041195809841156,0.27839475870132446
4266,RIGHT_HEEL,0.7509791254997253,0.46626174449920654,0.24648027122020721
4266,LEFT_FOOT_INDEX,0.8005315065383911,0.33362919092178345,0.16180746257305145
4266,RIGHT_FOOT_INDEX,0.7893718481063843,0.46564948558807373,0.11992348730564117
4300,NOSE,0.24783539772033691,0.3918905556201935,-0.29775601625442505
4300,LEFT_EYE_INNER,0.23316672444343567,0.3784804344177246,-0.2789323627948761
4300,LEFT_EYE,0.23342180252075195,0.3713802695274353,-0.27895358204841614
4300,LEFT_EYE_OUTER,0.23380377888679504,0.3650377094745636,-0.2789537012577057
4300,RIGHT_EYE_INNER,0.2332988679409027,0.4035838544368744,-0.28200414776802063
4300,RIGHT_EYE,0.23363259434700012,0.4137663245201111,-0.28205007314682007
4300,RIGHT_EYE_OUTER,0.23408491909503937,0.4234462380409241,-0.2819376289844513
4300,LEFT_EAR,0.23987583816051483,0.35634633898735046,-0.16616937518119812
4300,RIGHT_EAR,0.23914417624473572,0.43749698996543884,-0.18354842066764832
4300,MOUTH_LEFT,0.2621050477027893,0.37835079431533813,-0.2551114857196808
4300,MOUTH_RIGHT,0.2613142132759094,0.4098608195781708,-0.2596898674964905
4300,LEFT_SHOULDER,0.32068127393722534,0.28974607586860657,-0.10530118644237518
4300,RIGHT_SHOULDER,0.29758334159851074,0.5064303278923035,-0.1438474953174591
4300,LEFT_ELBOW,0.4197067618370056,0.2759498953819275,-0.040873728692531586
4300,RIGHT_ELBOW,0.21605777740478516,0.589614987373352,-0.1836506426334381
4300,LEFT_WRIST,0.5099061727523804,0.2816893756389618,-0.02720871940255165
4300,RIGHT_WRIST,0.11613141000270844,0.6739346981048584,-0.20213845372200012
4300,LEFT_PINKY,0.5394683480262756,0.27854204177856445,-0.03262759745121002
4300,RIGHT_PINKY,0.08784668892621994,0.7114372849464417,-0.2264547348022461
4300,LEFT_INDEX,0.5384921431541443,0.2899870276451111,-0.06367012858390808
4300,RIGHT_INDEX,0.08346457779407501,0.7122035622596741,-0.2349018156528473
4300,LEFT_THUMB,0.529364287853241,0.29748332500457764,-0.04004973918199539
4300,RIGHT_THUMB,0.09113425761461258,0.6992549300193787,-0.2140055149793625
4300,LEFT_HIP,0.5123110413551331,0.352782666683197,0.02316596731543541
4300,RIGHT_HIP,0.5101960897445679,0.47842076420783997,-0.023454925045371056
4300,LEFT_KNEE,0.6402747631072998,0.3459857404232025,0.07709217071533203
4300,RIGHT_KNEE,0.6402024030685425,0.4675637185573578,0.0322284922003746
4300,LEFT_ANKLE,0.7483056783676147,0.38418591022491455,0.258044570684433
4300,RIGHT_ANKLE,0.7364130020141602,0.4687042534351349,0.22592933475971222
4300,LEFT_HEEL,0.7646802663803101,0.4040915071964264,0.27163976430892944
4300,RIGHT_HEEL,0.7517359852790833,0.46727079153060913,0.23943832516670227
4300,LEFT_FOOT_INDEX,0.800524115562439,0.3336244225502014,0.15907138586044312
4300,RIGHT_FOOT_INDEX,0.7894027233123779,0.4657517373561859,0.1157464012503624
4333,NOSE,0.24735745787620544,0.3918951749801636,-0.3004164397716522
4333,LEFT_EYE_INNER,0.23270897567272186,0.37847763299942017,-0.28014078736305237
4333,LEFT_EYE,0.23302289843559265,0.3713759183883667,-0.28013721108436584
4333,LEFT_EYE_OUTER,0.23343436419963837,0.3650384545326233,-0.2801515460014343
4333,RIGHT_EYE_INNER,0.23287589848041534,0.40359026193618774,-0.2850901186466217
4333,RIGHT_EYE,0.23325581848621368,0.4138098359107971,-0.28516072034835815
4333,RIGHT_EYE_OUTER,0.2337379902601242,0.4235440492630005,-0.2850591540336609
4333,LEFT_EAR,0.2397928684949875,0.35635900497436523,-0.16742542386054993
4333,RIGHT_EAR,0.23907005786895752,0.4375939965248108,-0.18940003216266632
4333,MOUTH_LEFT,0.26186102628707886,0.3783535361289978,-0.25760507583618164
4333,MOUTH_RIGHT,0.2611754834651947,0.4098863899707794,-0.26431626081466675
4333,LEFT_SHOULDER,0.3208845555782318,0.28972935676574707,-0.10691837221384048
4333,RIGHT_SHOULDER,0.29774484038352966,0.5064273476600647,-0.15591000020503998
4333,LEFT_ELBOW,0.41981229186058044,0.2759459316730499,-0.042458754032850266
4333,RIGHT_ELBOW,0.2165895700454712,0.5907200574874878,-0.21052293479442596
4333,LEFT_WRIST,0.5105029940605164,0.2809349298477173,-0.029140397906303406
4333,RIGHT_WRIST,0.11624385416507721,0.6742934584617615,-0.23853614926338196
4333,LEFT_PINKY,0.5398262739181519,0.27768996357917786,-0.034742943942546844
4333,RIGHT_PINKY,0.08798317611217499,0.7117244005203247,-0.26391106843948364
4333,LEFT_INDEX,0.5390416383743286,0.28844860196113586,-0.06587956100702286
4333,RIGHT_INDEX,0.08358096331357956,0.7123967409133911,-0.2720596194267273
4333,LEFT_THUMB,0.529939591884613,0.2955406606197357,-0.04198244959115982
4333,RIGHT_THUMB,0.09125298261642456,0.6994134187698364,-0.2503255307674408
4333,LEFT_HIP,0.512576699256897,0.35331302881240845,0.02430834248661995
4333,RIGHT_HIP,0.5105553269386292,0.47852274775505066,-0.024599839001893997
4333,LEFT_KNEE,0.6402228474617004,0.3459165692329407,0.08592403680086136
4333,RIGHT_KNEE,0.6404666900634766,0.46752575039863586,0.03003580868244171
4333,LEFT_ANKLE,0.7482922673225403,0.383969783782959,0.2592005133628845
4333,RIGHT_ANKLE,0.7405291199684143,0.4688528776168823,0.21730811893939972
4333,LEFT_HEEL,0.7647197842597961,0.4040273129940033,0.2731979191303253
4333,RIGHT_HEEL,0.7572051286697388,0.46827375888824463,0.23047633469104767
4333,LEFT_FOOT_INDEX,0.8005141019821167,0.333562970161438,0.1679670512676239
4333,RIGHT_FOOT_INDEX,0.7913254499435425,0.4624151587486267,0.10451481491327286
4366,NOSE,0.2469947785139084,0.3916778564453125,-0.3030865788459778
4366,LEFT_EYE_INNER,0.23242998123168945,0.3782958686351776,-0.2832255959510803
4366,LEFT_EYE,0.2327958643436432,0.3712615668773651,-0.2832304537296295
4366,LEFT_EYE_OUTER,0.23322999477386475,0.364973247051239,-0.2832363247871399
4366,RIGHT_EYE_INNER,0.2325465977191925,0.40341877937316895,-0.28750571608543396
4366,RIGHT_EYE,0.2329399287700653,0.41375499963760376,-0.2875671684741974
4366,RIGHT_EYE_OUTER,0.23343363404273987,0.4235512316226959,-0.2874615788459778
4366,LEFT_EAR,0.23972788453102112,0.3563593626022339,-0.16826824843883514
4366,RIGHT_EAR,0.23895445466041565,0.4377240836620331,-0.18971820175647736
4366,MOUTH_LEFT,0.26172101497650146,0.3782316744327545,-0.2597000002861023
4366,MOUTH_RIGHT,0.26108115911483765,0.4098546802997589,-0.265814870595932
4366,LEFT_SHOULDER,0.3209342658519745,0.2897535562515259,-0.10419782251119614
4366,RIGHT_SHOULDER,0.29782164096832275,0.5064451694488525,-0.15784460306167603
4366,LEFT_ELBOW,0.41981378197669983,0.27596935629844666,-0.038636475801467896
4366,RIGHT_ELBOW,0.21694087982177734,0.5914106369018555,-0.21923916041851044
4366,LEFT_WRIST,0.5104816555976868,0.2803339958190918,-0.026585653424263
4366,RIGHT_WRIST,0.11651037633419037,0.6746038794517517,-0.25603070855140686
4366,LEFT_PINKY,0.5398226976394653,0.2772667109966278,-0.031338755041360855
4366,RIGHT_PINKY,0.08817325532436371,0.7123475074768066,-0.282262921333313
4366,LEFT_INDEX,0.5390494465827942,0.28751179575920105,-0.06256811320781708
4366,RIGHT_INDEX,0.08375613391399384,0.7128360271453857,-0.2898571491241455
4366,LEFT_THUMB,0.5299564599990845,0.2944146990776062,-0.03958534449338913
4366,RIGHT_THUMB,0.09142536669969559,0.6996926069259644,-0.2677406668663025
4366,LEFT_HIP,0.5127691030502319,0.35338911414146423,0.02543697878718376
4366,RIGHT_HIP,0.510861337184906,0.47852835059165955,-0.025727450847625732
4366,LEFT_KNEE,0.6400855183601379,0.345949649810791,0.08653709292411804
4366,RIGHT_KNEE,0.6404825448989868,0.467014342546463,0.029783234000205994
4366,LEFT_ANKLE,0.7481867671012878,0.3835323750972748,0.26067328453063965
4366,RIGHT_ANKLE,0.741524875164032,0.4687807857990265,0.22027075290679932
4366,LEFT_HEEL,0.7647231817245483,0.40363892912864685,0.2755368649959564
4366,RIGHT_HEEL,0.7585389614105225,0.4682938754558563,0.2339908629655838
4366,LEFT_FOOT_INDEX,0.8005517721176147,0.33355772495269775,0.1718461811542511
4366,RIGHT_FOOT_INDEX,0.792288064956665,0.4592626392841339,0.10698143392801285
4400,NOSE,0.24678464233875275,0.3916718661785126,-0.31099313497543335
4400,LEFT_EYE_INNER,0.23224754631519318,0.3782912790775299,-0.29122617840766907
4400,LEFT_EYE,0.2326277196407318,0.3712559640407562,-0.2912234663963318
4400,LEFT_EYE_OUTER,0.23306763172149658,0.3649751842021942,-0.2912273108959198
4400,RIGHT_EYE_INNER,0.23237986862659454,0.4034276604652405,-0.2963375449180603
4400,RIGHT_EYE,0.23279373347759247,0.4138603210449219,-0.2963995337486267
4400,RIGHT_EYE_OUTER,0.2333034723997116,0.4237595796585083,-0.296291321516037
4400,LEFT_EAR,0.2396547794342041,0.3563884198665619,-0.17467111349105835
4400,RIGHT_EAR,0.2388957440853119,0.43803635239601135,-0.20040003955364227
4400,MOUTH_LEFT,0.26166510581970215,0.3782225251197815,-0.26688525080680847
4400,MOUTH_RIGHT,0.2610638737678528,0.40985891222953796,-0.2740441858768463
4400,LEFT_SHOULDER,0.3209953308105469,0.2897947132587433,-0.1063881516456604
4400,RIGHT_SHOULDER,0.29785558581352234,0.5064998865127563,-0.1653866469860077
4400,LEFT_ELBOW,0.41982752084732056,0.2760401964187622,-0.0398881658911705
4400,RIGHT_ELBOW,0.21694381535053253,0.5918309092521667,-0.2146136313676834
4400,LEFT_WRIST,0.5104830861091614,0.2802654504776001,-0.02789095602929592
4400,RIGHT_WRIST,0.11649371683597565,0.6759692430496216,-0.24530580639839172
4400,LEFT_PINKY,0.5398279428482056,0.2772426903247833,-0.03263887017965317
4400,RIGHT_PINKY,0.08809308707714081,0.7146298885345459,-0.2747688889503479
4400,LEFT_INDEX,0.5390583872795105,0.28742682933807373,-0.06384406983852386
4400,RIGHT_INDEX,0.08368010818958282,0.7150813341140747,-0.28234541416168213
4400,LEFT_THUMB,0.5299795866012573,0.29427680373191833,-0.04087850823998451
4400,RIGHT_THUMB,0.09123913198709488,0.7016453146934509,-0.2576628029346466
4400,LEFT_HIP,0.5127585530281067,0.35379287600517273,0.025731921195983887
4400,RIGHT_HIP,0.5108875036239624,0.47863632440567017,-0.026021411642432213
4400,LEFT_KNEE,0.6395136713981628,0.346187561750412,0.08791827410459518
4400,RIGHT_KNEE,0.6404721736907959,0.46627187728881836,0.029701154679059982
4400,LEFT_ANKLE,0.7481812238693237,0.3831135928630829,0.2643161118030548
4400,RIGHT_ANKLE,0.7421280741691589,0.46812668442726135,0.22153274714946747
4400,LEFT_HEEL,0.7650195360183716,0.40337711572647095,0.2794184684753418
4400,RIGHT_HEEL,0.7595282196998596,0.4682455360889435,0.23543567955493927
4400,LEFT_FOOT_INDEX,0.8007218241691589,0.33354541659355164,0.17210179567337036
4400,RIGHT_FOOT_INDEX,0.7929092645645142,0.45506584644317627,0.10826802253723145
4433,NOSE,0.24665255844593048,0.39157137274742126,-0.3130532205104828
4433,LEFT_EYE_INNER,0.23213858902454376,0.37823787331581116,-0.2932196259498596
4433,LEFT_EYE,0.23252391815185547,0.3712236285209656,-0.293215811252594
4433,LEFT_EYE_OUTER,0.23296022415161133,0.36496978998184204,-0.2932218313217163
4433,RIGHT_EYE_INNER,0.23227480053901672,0.4033832550048828,-0.29882362484931946
4433,RIGHT_EYE,0.23269720375537872,0.4138641357421875,-0.29888448119163513
4433,RIGHT_EYE_OUTER,0.23321470618247986,0.42379137873649597,-0.29877418279647827
4433,LEFT_EAR,0.2396060675382614,0.3563954532146454,-0.17591486871242523
4433,RIGHT_EAR,0.23886601626873016,0.4381508231163025,-0.20374026894569397
4433,MOUTH_LEFT,0.26160916686058044,0.3781619668006897,-0.26862096786499023
4433,MOUTH_RIGHT,0.2610533833503723,0.4098167419433594,-0.2763597369194031
4433,LEFT_SHOULDER,0.3210679292678833,0.28988346457481384,-0.10695111751556396
4433,RIGHT_SHOULDER,0.29794514179229736,0.5065128207206726,-0.1677057445049286
4433,LEFT_ELBOW,0.4198569357395172,0.27627745270729065,-0.040417395532131195
4433,RIGHT_ELBOW,0.21694417297840118,0.5920249223709106,-0.2136213481426239
4433,LEFT_WRIST,0.5104812383651733,0.2802659869194031,-0.027782868593931198
4433,RIGHT_WRIST,0.11645108461380005,0.6765276789665222,-0.23735085129737854
4433,LEFT_PINKY,0.5398264527320862,0.27726271748542786,-0.03210051357746124
4433,RIGHT_PINKY,0.08808325231075287,0.7156752943992615,-0.26532962918281555
4433,LEFT_INDEX,0.5390533804893494,0.2874271273612976,-0.06325245648622513
4433,RIGHT_INDEX,0.08367890864610672,0.716351330280304,-0.2738041579723358
4433,LEFT_THUMB,0.5299816727638245,0.29426780343055725,-0.040791839361190796
4433,RIGHT_THUMB,0.09122192114591599,0.7025534510612488,-0.24976623058319092
4433,LEFT_HIP,0.5127498507499695,0.35417482256889343,0.025740936398506165
4433,RIGHT_HIP,0.5108963847160339,0.47873666882514954,-0.0260313693434
4433,LEFT_KNEE,0.6389509439468384,0.3463890850543976,0.08779467642307281
4433,RIGHT_KNEE,0.6404324173927307,0.4658442735671997,0.029640143737196922
4433,LEFT_ANKLE,0.7481697201728821,0.3830026090145111,0.26649361848831177
4433,RIGHT_ANKLE,0.7424055933952332,0.4677640199661255,0.22248730063438416
4433,LEFT_HEEL,0.7651897072792053,0.40330755710601807,0.2813391089439392
4433,RIGHT_HEEL,0.7600107192993164,0.4682370126247406,0.23651620745658875
4433,LEFT_FOOT_INDEX,0.8007845878601074,0.3335474729537964,0.17215649783611298
4433,RIGHT_FOOT_INDEX,0.793258547782898,0.4535433351993561,0.10913684219121933
4466,NOSE,0.2465325891971588,0.3914562165737152,-0.313076376914978
4466,LEFT_EYE_INNER,0.23204657435417175,0.3781531751155853,-0.2932824492454529
4466,LEFT_EYE,0.23244449496269226,0.3711698353290558,-0.29328009486198425
4466,LEFT_EYE_OUTER,0.2328835278749466,0.36495018005371094,-0.29328498244285583
4466,RIGHT_EYE_INNER,0.2321428507566452,0.4033106565475464,-0.29892322421073914
4466,RIGHT_EYE,0.2325553447008133,0.413862019777298,-0.2989834249019623
4466,RIGHT_EYE_OUTER,0.23306334018707275,0.42380914092063904,-0.29887276887893677
4466,LEFT_EAR,0.23955973982810974,0.3563976287841797,-0.1761200726032257
4466,RIGHT_EAR,0.23875978589057922,0.43826648592948914,-0.2036605179309845
4466,MOUTH_LEFT,0.26154935359954834,0.3781062364578247,-0.26866093277931213
4466,MOUTH_RIGHT,0.261025071144104,0.40978601574897766,-0.27641716599464417
4466,LEFT_SHOULDER,0.321091890335083,0.28998225927352905,-0.10760074853897095
4466,RIGHT_SHOULDER,0.29796138405799866,0.506532609462738,-0.16677504777908325
4466,LEFT_ELBOW,0.4198595881462097,0.27665549516677856,-0.04081897437572479
4466,RIGHT_ELBOW,0.2169441431760788,0.5923537015914917,-0.21215137839317322
4466,LEFT_WRIST,0.5104756951332092,0.28027617931365967,-0.028299059718847275
4466,RIGHT_WRIST,0.11643563210964203,0.6769226789474487,-0.23371341824531555
4466,LEFT_PINKY,0.5398270487785339,0.27728933095932007,-0.03266768157482147
4466,RIGHT_PINKY,0.08809198439121246,0.7163209915161133,-0.2598317265510559
4466,LEFT_INDEX,0.5390523672103882,0.28741541504859924,-0.06376323103904724
4466,RIGHT_INDEX,0.08370976895093918,0.7171082496643066,-0.26884329319000244
4466,LEFT_THUMB,0.5299835801124573,0.29424065351486206,-0.04130219295620918
4466,RIGHT_THUMB,0.09122216701507568,0.7030760645866394,-0.2459760457277298
4466,LEFT_HIP,0.5127260684967041,0.35442882776260376,0.025703733786940575
4466,RIGHT_HIP,0.5108949542045593,0.4788059592247009,-0.025993987917900085
4466,LEFT_KNEE,0.6384275555610657,0.3465460240840912,0.08438047766685486
4466,RIGHT_KNEE,0.6402371525764465,0.4655461609363556,0.029227185994386673
4466,LEFT_ANKLE,0.7481606006622314,0.38295280933380127,0.2670650780200958
4466,RIGHT_ANKLE,0.7425292730331421,0.4675098955631256,0.22302058339118958
4466,LEFT_HEEL,0.7653250694274902,0.40325668454170227,0.2818202078342438
4466,RIGHT_HEEL,0.7601928114891052,0.4682198762893677,0.23712417483329773
4466,LEFT_FOOT_INDEX,0.8007882833480835,0.333636611700058,0.17149317264556885
4466,RIGHT_FOOT_INDEX,0.7934404611587524,0.45302000641822815,0.10965792834758759
4500,NOSE,0.24645939469337463,0.391435444355011,-0.3114551305770874
4500,LEFT_EYE_INNER,0.23200149834156036,0.3781472444534302,-0.2916802763938904
4500,LEFT_EYE,0.23240900039672852,0.3711647093296051,-0.2916833460330963
4500,LEFT_EYE_OUTER,0.23285260796546936,0.3649522066116333,-0.29168835282325745
4500,RIGHT_EYE_INNER,0.23207047581672668,0.4033094644546509,-0.2972448766231537
4500,RIGHT_EYE,0.2324751913547516,0.4139007031917572,-0.29729968309402466
4500,RIGHT_EYE_OUTER,0.2329760491847992,0.423911452293396,-0.2971865236759186
4500,LEFT_EAR,0.23954495787620544,0.3564351499080658,-0.1746392697095871
4500,RIGHT_EAR,0.23869085311889648,0.438496857881546,-0.2027711421251297
4500,MOUTH_LEFT,0.2615184783935547,0.3781009316444397,-0.26701757311820984
4500,MOUTH_RIGHT,0.26100435853004456,0.40978705883026123,-0.2747432291507721
4500,LEFT_SHOULDER,0.32110294699668884,0.2903449237346649,-0.10721004009246826
4500,RIGHT_SHOULDER,0.297971248626709,0.5065967440605164,-0.16660284996032715
4500,LEFT_ELBOW,0.41981038451194763,0.27741751074790955,-0.04000917449593544
4500,RIGHT_ELBOW,0.21694938838481903,0.5926291942596436,-0.21069736778736115
4500,LEFT_WRIST,0.5104184746742249,0.2804546058177948,-0.028072837740182877
4500,RIGHT_WRIST,0.11643272638320923,0.6770787239074707,-0.22892792522907257
4500,LEFT_PINKY,0.5397955775260925,0.27750420570373535,-0.03250986337661743
4500,RIGHT_PINKY,0.08812654763460159,0.7165065407752991,-0.25349295139312744
4500,LEFT_INDEX,0.5390142202377319,0.28746703267097473,-0.06348336488008499
4500,RIGHT_INDEX,0.08375738561153412,0.7174623012542725,-0.2627531886100769
4500,LEFT_THUMB,0.5299611687660217,0.2942763566970825,-0.04108186066150665
4500,RIGHT_THUMB,0.09124410152435303,0.7033108472824097,-0.24095848202705383
4500,LEFT_HIP,0.5126320123672485,0.35476425290107727,0.025509100407361984
4500,RIGHT_HIP,0.5108495354652405,0.4789524972438812,-0.025797035545110703
4500,LEFT_KNEE,0.6381229758262634,0.34681862592697144,0.07913042604923248
4500,RIGHT_KNEE,0.6401201486587524,0.46551215648651123,0.028961997479200363
4500,LEFT_ANKLE,0.7481438517570496,0.3829246163368225,0.2657105624675751
4500,RIGHT_ANKLE,0.7424946427345276,0.46724754571914673,0.2234710156917572
4500,LEFT_HEEL,0.7653512954711914,0.40318265557289124,0.2804463505744934
4500,RIGHT_HEEL,0.7600833177566528,0.4679950177669525,0.23761670291423798
4500,LEFT_FOOT_INDEX,0.8007901906967163,0.3338022530078888,0.1687144786119461
4500,RIGHT_FOOT_INDEX,0.7935437560081482,0.45304638147354126,0.10995523631572723
4533,NOSE,0.24633212387561798,0.39145994186401367,-0.3101813495159149
4533,LEFT_EYE_INNER,0.23187318444252014,0.37818869948387146,-0.29020780324935913
4533,LEFT_EYE,0.23228463530540466,0.37118810415267944,-0.2902146279811859
4533,LEFT_EYE_OUTER,0.23273345828056335,0.3650146424770355,-0.29021984338760376
4533,RIGHT_EYE_INNER,0.23193752765655518,0.40342891216278076,-0.295620858669281
4533,RIGHT_EYE,0.23235058784484863,0.41419652104377747,-0.2956695556640625
4533,RIGHT_EYE_OUTER,0.2328549176454544,0.42428267002105713,-0.2955532670021057
4533,LEFT_EAR,0.23949363827705383,0.3565497100353241,-0.172492116689682
4533,RIGHT_EAR,0.23861292004585266,0.4388892650604248,-0.2003578245639801
4533,MOUTH_LEFT,0.26145657896995544,0.3781171143054962,-0.26549801230430603
4533,MOUTH_RIGHT,0.260962575674057,0.40984848141670227,-0.27306121587753296
4533,LEFT_SHOULDER,0.32113176584243774,0.29090335965156555,-0.10440053045749664
4533,RIGHT_SHOULDER,0.29797762632369995,0.5067647099494934,-0.1651807278394699
4533,LEFT_ELBOW,0.41981539130210876,0.2782815992832184,-0.035434313118457794
4533,RIGHT_ELBOW,0.2169463336467743,0.5928135514259338,-0.20742809772491455
4533,LEFT_WRIST,0.510219156742096,0.2809838056564331,-0.02308911457657814
4533,RIGHT_WRIST,0.1164369210600853,0.6771050691604614,-0.2219582051038742
4533,LEFT_PINKY,0.5396401882171631,0.27800700068473816,-0.027222707867622375
4533,RIGHT_PINKY,0.08829405903816223,0.7164584398269653,-0.24601653218269348
4533,LEFT_INDEX,0.5388094186782837,0.28763890266418457,-0.05827996879816055
4533,RIGHT_INDEX,0.08398781716823578,0.7174240350723267,-0.2547629475593567
4533,LEFT_THUMB,0.5297986268997192,0.29444074630737305,-0.03621625155210495
4533,RIGHT_THUMB,0.09140735119581223,0.7032955884933472,-0.2337028533220291
4533,LEFT_HIP,0.5125166177749634,0.35494354367256165,0.02551041916012764
4533,RIGHT_HIP,0.5107536911964417,0.4790904223918915,-0.025797510519623756
4533,LEFT_KNEE,0.6381148099899292,0.347167432308197,0.07955067604780197
4533,RIGHT_KNEE,0.6399999856948853,0.4654991030693054,0.028516143560409546
4533,LEFT_ANKLE,0.7481344938278198,0.38293227553367615,0.2674406170845032
4533,RIGHT_ANKLE,0.7425135374069214,0.4672444760799408,0.2237974852323532
4533,LEFT_HEEL,0.7654262781143188,0.403173565864563,0.2822970449924469
4533,RIGHT_HEEL,0.760060727596283,0.46799033880233765,0.23798398673534393
4533,LEFT_FOOT_INDEX,0.8008095026016235,0.3339381814002991,0.1699332892894745
4533,RIGHT_FOOT_INDEX,0.7936147451400757,0.4532206952571869,0.1100812777876854
4566,NOSE,0.24611131846904755,0.3915184438228607,-0.31029632687568665
4566,LEFT_EYE_INNER,0.2317083328962326,0.378280371427536,-0.2903288006782532
4566,LEFT_EYE,0.23211589455604553,0.3712363839149475,-0.2903370261192322
4566,LEFT_EYE_OUTER,0.23256416618824005,0.3651059865951538,-0.2903408408164978
4566,RIGHT_EYE_INNER,0.2317989617586136,0.40365076065063477,-0.2955804765224457
4566,RIGHT_EYE,0.23223574459552765,0.4146023690700531,-0.2956275939941406
4566,RIGHT_EYE_OUTER,0.23275530338287354,0.4247196614742279,-0.29551127552986145
4566,LEFT_EAR,0.2394237518310547,0.3566659390926361,-0.17256444692611694
4566,RIGHT_EAR,0.238565132021904,0.43926629424095154,-0.1998104751110077
4566,MOUTH_LEFT,0.26132282614707947,0.37812837958335876,-0.26561906933784485
4566,MOUTH_RIGHT,0.2608644366264343,0.4099235534667969,-0.2730197608470917
4566,LEFT_SHOULDER,0.3212060034275055,0.2912183105945587,-0.10475216060876846
4566,RIGHT_SHOULDER,0.29798614978790283,0.5069237351417542,-0.16445809602737427
4566,LEFT_ELBOW,0.41990309953689575,0.27861320972442627,-0.03574708104133606
4566,RIGHT_ELBOW,0.2168811559677124,0.592837393283844,-0.2034340798854828
4566,LEFT_WRIST,0.5101341605186462,0.28132185339927673,-0.022905893623828888
4566,RIGHT_WRIST,0.11643944680690765,0.6771007776260376,-0.21299032866954803
4566,LEFT_PINKY,0.5395805835723877,0.2781910300254822,-0.02696474827826023
4566,RIGHT_PINKY,0.08843185752630234,0.7162970900535583,-0.23627248406410217
4566,LEFT_INDEX,0.5387519001960754,0.2876477837562561,-0.05802341550588608
4566,RIGHT_INDEX,0.08416131883859634,0.7173913717269897,-0.24504366517066956
4566,LEFT_THUMB,0.5297519564628601,0.2944566607475281,-0.03602128103375435
4566,RIGHT_THUMB,0.09155518561601639,0.7032841444015503,-0.22468332946300507
4566,LEFT_HIP,0.512430727481842,0.3550742268562317,0.025479357689619064
4566,RIGHT_HIP,0.5106749534606934,0.47919005155563354,-0.025767389684915543
4566,LEFT_KNEE,0.6381229758262634,0.34745311737060547,0.0795796662569046
4566,RIGHT_KNEE,0.6397396922111511,0.46552330255508423,0.028415566310286522
4566,LEFT_ANKLE,0.7481280565261841,0.38296857476234436,0.27281326055526733
4566,RIGHT_ANKLE,0.7425283789634705,0.4672531187534332,0.22600653767585754
4566,LEFT_HEEL,0.7654860019683838,0.403176873922348,0.2882620096206665
4566,RIGHT_HEEL,0.7600122690200806,0.46798256039619446,0.24065521359443665
4566,LEFT_FOOT_INDEX,0.8008393049240112,0.33423399925231934,0.1739097535610199
4566,RIGHT_FOOT_INDEX,0.7936770915985107,0.45340004563331604,0.11138415336608887
4600,NOSE,0.2457687109708786,0.3915179669857025,-0.3087458312511444
4600,LEFT_EYE_INNER,0.23153264820575714,0.37828528881073,-0.2884414792060852
4600,LEFT_EYE,0.2319571077823639,0.3712378740310669,-0.2884518504142761
4600,LEFT_EYE_OUTER,0.2324136197566986,0.36513060331344604,-0.2884543538093567
4600,RIGHT_EYE_INNER,0.23161546885967255,0.4037074148654938,-0.29364460706710815
4600,RIGHT_EYE,0.23207755386829376,0.4147628843784332,-0.29368680715560913
4600,RIGHT_EYE_OUTER,0.23261478543281555,0.4249155819416046,-0.293570876121521
4600,LEFT_EAR,0.23936894536018372,0.35670584440231323,-0.17050722241401672
4600,RIGHT_EAR,0.23852530121803284,0.43953362107276917,-0.19770893454551697
4600,MOUTH_LEFT,0.2610831558704376,0.3781183362007141,-0.26411113142967224
4600,MOUTH_RIGHT,0.26069292426109314,0.40995243191719055,-0.2714691758155823
4600,LEFT_SHOULDER,0.32131215929985046,0.2914162874221802,-0.10294270515441895
4600,RIGHT_SHOULDER,0.29800182580947876,0.5070626735687256,-0.16316279768943787
4600,LEFT_ELBOW,0.4200114607810974,0.27862632274627686,-0.03298699110746384
4600,RIGHT_ELBOW,0.216813325881958,0.5928424000740051,-0.20114541053771973
4600,LEFT_WRIST,0.5100304484367371,0.2814205288887024,-0.01902044378221035
4600,RIGHT_WRIST,0.11644992977380753,0.677100658416748,-0.20916271209716797
4600,LEFT_PINKY,0.539506733417511,0.2782427668571472,-0.02263484336435795
4600,RIGHT_PINKY,0.0885840430855751,0.7162620425224304,-0.23202374577522278
4600,LEFT_INDEX,0.5387025475502014,0.2876102924346924,-0.0538807213306427
4600,RIGHT_INDEX,0.08432962000370026,0.7173588275909424,-0.24109013378620148
4600,LEFT_THUMB,0.5297099351882935,0.29441624879837036,-0.03221222013235092
4600,RIGHT_THUMB,0.09171627461910248,0.7032657861709595,-0.22088244557380676
4600,LEFT_HIP,0.51227867603302,0.3553987145423889,0.025492986664175987
4600,RIGHT_HIP,0.5105664134025574,0.4795204997062683,-0.025781715288758278
4600,LEFT_KNEE,0.6379303932189941,0.3478221595287323,0.08020897209644318
4600,RIGHT_KNEE,0.63951176404953,0.4655161499977112,0.02820649743080139
4600,LEFT_ANKLE,0.7481264472007751,0.3830550014972687,0.2727983593940735
4600,RIGHT_ANKLE,0.7426221370697021,0.4672677218914032,0.2258547991514206
4600,LEFT_HEEL,0.765614926815033,0.40318751335144043,0.28812217712402344
4600,RIGHT_HEEL,0.7600856423377991,0.4679989218711853,0.24045348167419434
4600,LEFT_FOOT_INDEX,0.8008421063423157,0.33444198966026306,0.17364777624607086
4600,RIGHT_FOOT_INDEX,0.7936732769012451,0.45352986454963684,0.11110802739858627
4633,NOSE,0.24553270637989044,0.39153289794921875,-0.30920353531837463
4633,LEFT_EYE_INNER,0.23145201802253723,0.37831228971481323,-0.28867122530937195
4633,LEFT_EYE,0.23188979923725128,0.3712504208087921,-0.28868287801742554
4633,LEFT_EYE_OUTER,0.23235511779785156,0.3651760518550873,-0.28868433833122253
4633,RIGHT_EYE_INNER,0.23153352737426758,0.40379494428634644,-0.29394492506980896
4633,RIGHT_EYE,0.2320067435503006,0.41491591930389404,-0.2939850687980652
4633,RIGHT_EYE_OUTER,0.2325509488582611,0.42508184909820557,-0.29387030005455017
4633,LEFT_EAR,0.2393466979265213,0.356764554977417,-0.17080748081207275
4633,RIGHT_EAR,0.23850199580192566,0.43974608182907104,-0.19773665070533752
4633,MOUTH_LEFT,0.26088112592697144,0.37811923027038574,-0.26438024640083313
4633,MOUTH_RIGHT,0.2605394124984741,0.410000741481781,-0.271800696849823
4633,LEFT_SHOULDER,0.32136327028274536,0.29150450229644775,-0.10331638157367706
4633,RIGHT_SHOULDER,0.29800674319267273,0.5072079300880432,-0.1627921611070633
4633,LEFT_ELBOW,0.42002353072166443,0.2784803807735443,-0.03320476412773132
4633,RIGHT_ELBOW,0.21675483882427216,0.5928468704223633,-0.20083920657634735
4633,LEFT_WRIST,0.5097222924232483,0.2815098464488983,-0.019315896555781364
4633,RIGHT_WRIST,0.11647023260593414,0.6771107912063599,-0.209311842918396
4633,LEFT_PINKY,0.539375364780426,0.2783143222332001,-0.022876905277371407
4633,RIGHT_PINKY,0.08869951963424683,0.7162303328514099,-0.2323131561279297
4633,LEFT_INDEX,0.5385960340499878,0.2876054048538208,-0.05421693995594978
4633,RIGHT_INDEX,0.08444838225841522,0.7173299789428711,-0.24133507907390594
4633,LEFT_THUMB,0.5296027064323425,0.29441148042678833,-0.032499782741069794
4633,RIGHT_THUMB,0.09184849262237549,0.703250527381897,-0.22101712226867676
4633,LEFT_HIP,0.512056291103363,0.3557341396808624,0.02553381398320198
4633,RIGHT_HIP,0.5104011297225952,0.47999441623687744,-0.02582503855228424
4633,LEFT_KNEE,0.6376364231109619,0.3480224907398224,0.08168888092041016
4633,RIGHT_KNEE,0.6394439935684204,0.4655149281024933,0.027747854590415955
4633,LEFT_ANKLE,0.7481263875961304,0.3831740915775299,0.2755395472049713
4633,RIGHT_ANKLE,0.7426401972770691,0.46720466017723083,0.22591033577919006
4633,LEFT_HEEL,0.7657067775726318,0.4032011330127716,0.29079481959342957
4633,RIGHT_HEEL,0.760043203830719,0.4679475426673889,0.24057993292808533
4633,LEFT_FOOT_INDEX,0.8008408546447754,0.33461081981658936,0.1755085289478302
4633,RIGHT_FOOT_INDEX,0.7936533689498901,0.4534466564655304,0.1112002581357956
4666,NOSE,0.24526317417621613,0.3915333151817322,-0.30905863642692566
4666,LEFT_EYE_INNER,0.23135776817798615,0.37831225991249084,-0.2884562611579895
4666,LEFT_EYE,0.23181502521038055,0.37124937772750854,-0.2884686589241028
4666,LEFT_EYE_OUTER,0.23229098320007324,0.3651842474937439,-0.2884686589241028
4666,RIGHT_EYE_INNER,0.23143120110034943,0.4038178622722626,-0.293644517660141
4666,RIGHT_EYE,0.23192115128040314,0.4149666726589203,-0.29368337988853455
4666,RIGHT_EYE_OUTER,0.2324783056974411,0.42514628171920776,-0.29356786608695984
4666,LEFT_EAR,0.23932819068431854,0.3567737936973572,-0.17012205719947815
4666,RIGHT_EAR,0.2384830266237259,0.43988165259361267,-0.1970270574092865
4666,MOUTH_LEFT,0.2606319189071655,0.3781149685382843,-0.26421913504600525
4666,MOUTH_RIGHT,0.2603556215763092,0.41002926230430603,-0.27157193422317505
4666,LEFT_SHOULDER,0.32140105962753296,0.2915281057357788,-0.10234230756759644
4666,RIGHT_SHOULDER,0.2980116307735443,0.5074183940887451,-0.16249457001686096
4666,LEFT_ELBOW,0.41995173692703247,0.27826985716819763,-0.03199942409992218
4666,RIGHT_ELBOW,0.21675541996955872,0.5928487181663513,-0.2007603943347931
4666,LEFT_WRIST,0.5089215040206909,0.2816447615623474,-0.018287835642695427
4666,RIGHT_WRIST,0.11652026325464249,0.67710942029953,-0.20986363291740417
4666,LEFT_PINKY,0.539117693901062,0.2784064710140228,-0.021787669509649277
4666,RIGHT_PINKY,0.08876606076955795,0.7161122560501099,-0.23297305405139923
4666,LEFT_INDEX,0.5383873581886292,0.28762087225914,-0.0531202033162117
4666,RIGHT_INDEX,0.08449441194534302,0.7172631025314331,-0.24188430607318878
4666,LEFT_THUMB,0.5293711423873901,0.2944347560405731,-0.03147419914603233
4666,RIGHT_THUMB,0.09192278236150742,0.7032020688056946,-0.22155937552452087
4666,LEFT_HIP,0.5118547677993774,0.355863094329834,0.02593202516436577
4666,RIGHT_HIP,0.5101813673973083,0.4802008271217346,-0.0262230783700943
4666,LEFT_KNEE,0.6375750303268433,0.348253071308136,0.08761252462863922
4666,RIGHT_KNEE,0.6393535733222961,0.46553611755371094,0.026110514998435974
4666,LEFT_ANKLE,0.7483034133911133,0.3835262358188629,0.27594056725502014
4666,RIGHT_ANKLE,0.7426251769065857,0.46720245480537415,0.21994343400001526
4666,LEFT_HEEL,0.7660434246063232,0.40334442257881165,0.2908465564250946
4666,RIGHT_HEEL,0.7599654793739319,0.4679497182369232,0.23400041460990906
4666,LEFT_FOOT_INDEX,0.8008707165718079,0.33485931158065796,0.17552466690540314
4666,RIGHT_FOOT_INDEX,0.7936004400253296,0.45331212878227234,0.1037697046995163
4700,NOSE,0.2449309527873993,0.39145538210868835,-0.3088916540145874
4700,LEFT_EYE_INNER,0.23118844628334045,0.3782418668270111,-0.2882552742958069
4700,LEFT_EYE,0.231670543551445,0.3712024688720703,-0.2882663607597351
4700,LEFT_EYE_OUTER,0.23215606808662415,0.3651619851589203,-0.28826525807380676
4700,RIGHT_EYE_INNER,0.231252521276474,0.403794527053833,-0.29344820976257324
4700,RIGHT_EYE,0.2317725121974945,0.41495978832244873,-0.2934871315956116
4700,RIGHT_EYE_OUTER,0.2323567122220993,0.42515742778778076,-0.29337048530578613
4700,LEFT_EAR,0.23927494883537292,0.3567799925804138,-0.16967687010765076
4700,RIGHT_EAR,0.23844881355762482,0.4399172365665436,-0.1968459039926529
4700,MOUTH_LEFT,0.26037102937698364,0.37806132435798645,-0.2640514671802521
4700,MOUTH_RIGHT,0.2601584196090698,0.41002845764160156,-0.2714346647262573
4700,LEFT_SHOULDER,0.32145896553993225,0.2915724515914917,-0.10178089141845703
4700,RIGHT_SHOULDER,0.29801633954048157,0.5076307654380798,-0.16235436499118805
4700,LEFT_ELBOW,0.4197068214416504,0.27820467948913574,-0.03142210841178894
4700,RIGHT_ELBOW,0.216828852891922,0.5928233861923218,-0.20239472389221191
4700,LEFT_WRIST,0.5080755352973938,0.28179752826690674,-0.017818866297602654
4700,RIGHT_WRIST,0.11689289659261703,0.677149772644043,-0.21662504971027374
4700,LEFT_PINKY,0.5388774275779724,0.2785937488079071,-0.021185465157032013
4700,RIGHT_PINKY,0.0890946090221405,0.7160554528236389,-0.2403138428926468
4700,LEFT_INDEX,0.5382002592086792,0.28774550557136536,-0.052551619708538055
4700,RIGHT_INDEX,0.0847693532705307,0.7170763611793518,-0.2482031136751175
4700,LEFT_THUMB,0.5291385650634766,0.294558048248291,-0.03101198375225067
4700,RIGHT_THUMB,0.09230910241603851,0.7030496597290039,-0.228041410446167
4700,LEFT_HIP,0.5115629434585571,0.3560310900211334,0.0260525681078434
4700,RIGHT_HIP,0.5100480318069458,0.48035427927970886,-0.026343170553445816
4700,LEFT_KNEE,0.637546718120575,0.3485422432422638,0.08988045156002045
4700,RIGHT_KNEE,0.6393419504165649,0.46556365489959717,0.025423550978302956
4700,LEFT_ANKLE,0.7488084435462952,0.38360366225242615,0.2741997539997101
4700,RIGHT_ANKLE,0.7426105737686157,0.4670596122741699,0.2153424769639969
4700,LEFT_HEEL,0.7665542364120483,0.40335404872894287,0.2880094647407532
4700,RIGHT_HEEL,0.7598084807395935,0.4678753614425659,0.22889630496501923
4700,LEFT_FOOT_INDEX,0.8009249567985535,0.3351721465587616,0.1715647280216217
4700,RIGHT_FOOT_INDEX,0.7935622334480286,0.4531509280204773,0.09853545576334
4733,NOSE,0.24480441212654114,0.39119476079940796,-0.3078959584236145
4733,LEFT_EYE_INNER,0.2311297357082367,0.37807321548461914,-0.2870562672615051
4733,LEFT_EYE,0.23162715137004852,0.3711039125919342,-0.28706634044647217
4733,LEFT_EYE_OUTER,0.2321169376373291,0.36510053277015686,-0.2870643138885498
4733,RIGHT_EYE_INNER,0.23117530345916748,0.40366029739379883,-0.29241281747817993
4733,RIGHT_EYE,0.2317052185535431,0.414829283952713,-0.29245200753211975
4733,RIGHT_EYE_OUTER,0.2323022335767746,0.42508527636528015,-0.29233288764953613
4733,LEFT_EAR,0.2392650544643402,0.3567870259284973,-0.1672150194644928
4733,RIGHT_EAR,0.238437682390213,0.4399285316467285,-0.1955193132162094
4733,MOUTH_LEFT,0.2602980136871338,0.37793973088264465,-0.2627476453781128
4733,MOUTH_RIGHT,0.26010972261428833,0.40996789932250977,-0.2704055905342102
4733,LEFT_SHOULDER,0.32155972719192505,0.2917899191379547,-0.098082534968853
4733,RIGHT_SHOULDER,0.2980872392654419,0.5078223943710327,-0.16210660338401794
4733,LEFT_ELBOW,0.4194149076938629,0.27815836668014526,-0.028177086263895035
4733,RIGHT_ELBOW,0.21706382930278778,0.592807412147522,-0.2124224454164505
4733,LEFT_WRIST,0.5072650909423828,0.2818138897418976,-0.01537556666880846
4733,RIGHT_WRIST,0.11750125885009766,0.6771692037582397,-0.24505293369293213
4733,LEFT_PINKY,0.5386391878128052,0.2786007225513458,-0.018477967008948326
4733,RIGHT_PINKY,0.08986260741949081,0.7157783508300781,-0.27127939462661743
4733,LEFT_INDEX,0.5380517244338989,0.2877451479434967,-0.05016421154141426
4733,RIGHT_INDEX,0.0854308158159256,0.7164914608001709,-0.2773568034172058
4733,LEFT_THUMB,0.5289267897605896,0.2945624589920044,-0.028669128194451332
4733,RIGHT_THUMB,0.09313748776912689,0.7026451826095581,-0.25617268681526184
4733,LEFT_HIP,0.5114026665687561,0.3563329875469208,0.026859736070036888
4733,RIGHT_HIP,0.5099948048591614,0.48051655292510986,-0.027152055874466896
4733,LEFT_KNEE,0.6375459432601929,0.3487986624240875,0.0926385298371315
4733,RIGHT_KNEE,0.6393841505050659,0.465556263923645,0.0243973545730114
4733,LEFT_ANKLE,0.7491053342819214,0.3836461901664734,0.2741731107234955
4733,RIGHT_ANKLE,0.7425990104675293,0.4669486880302429,0.21320191025733948
4733,LEFT_HEEL,0.7669076919555664,0.40335485339164734,0.28781694173812866
4733,RIGHT_HEEL,0.759628176689148,0.46782737970352173,0.22671571373939514
4733,LEFT_FOOT_INDEX,0.8009464144706726,0.3352219760417938,0.1714293211698532
4733,RIGHT_FOOT_INDEX,0.7935189008712769,0.45315414667129517,0.09628317505121231
4766,NOSE,0.24483168125152588,0.39076536893844604,-0.3134511113166809
4766,LEFT_EYE_INNER,0.2311534434556961,0.3778536915779114,-0.29279258847236633
4766,LEFT_EYE,0.2316536158323288,0.37098169326782227,-0.2927950620651245
4766,LEFT_EYE_OUTER,0.23213593661785126,0.36502605676651,-0.29279300570487976
4766,RIGHT_EYE_INNER,0.23119711875915527,0.40341153740882874,-0.2985311448574066
4766,RIGHT_EYE,0.23172029852867126,0.4145267903804779,-0.2985762059688568
4766,RIGHT_EYE_OUTER,0.23231784999370575,0.424859881401062,-0.29845601320266724
4766,LEFT_EAR,0.23926416039466858,0.35680437088012695,-0.17103736102581024
4766,RIGHT_EAR,0.23845764994621277,0.4399469196796417,-0.20138242840766907
4766,MOUTH_LEFT,0.2603168785572052,0.3777608573436737,-0.2674750089645386
4766,MOUTH_RIGHT,0.26014629006385803,0.4097582995891571,-0.2757132351398468
4766,LEFT_SHOULDER,0.32162871956825256,0.2921430468559265,-0.0987899899482727
4766,RIGHT_SHOULDER,0.2981421649456024,0.5080771446228027,-0.16773536801338196
4766,LEFT_ELBOW,0.4191303253173828,0.2781258821487427,-0.028503915295004845
4766,RIGHT_ELBOW,0.21716120839118958,0.5929262042045593,-0.2304336279630661
4766,LEFT_WRIST,0.5064210295677185,0.2817878723144531,-0.01551402360200882
4766,RIGHT_WRIST,0.11796213686466217,0.6775744557380676,-0.26834577322006226
4766,LEFT_PINKY,0.5383917093276978,0.2785656750202179,-0.018993813544511795
4766,RIGHT_PINKY,0.09043951332569122,0.7157421708106995,-0.29526180028915405
4766,LEFT_INDEX,0.5378604531288147,0.2876797616481781,-0.0503501296043396
4766,RIGHT_INDEX,0.08600260317325592,0.7164506912231445,-0.30169060826301575
4766,LEFT_THUMB,0.5286492109298706,0.29450395703315735,-0.028889238834381104
4766,RIGHT_THUMB,0.09376750141382217,0.7026287913322449,-0.2796410918235779
4766,LEFT_HIP,0.5112138390541077,0.35706546902656555,0.02772372029721737
4766,RIGHT_HIP,0.50992751121521,0.4807887673377991,-0.028011783957481384
4766,LEFT_KNEE,0.6375259757041931,0.34931680560112,0.09982594102621078
4766,RIGHT_KNEE,0.6394869089126587,0.4655895531177521,0.024281423538923264
4766,LEFT_ANKLE,0.7491182088851929,0.3837992250919342,0.2757665514945984
4766,RIGHT_ANKLE,0.7426152229309082,0.466901957988739,0.210531547665596
4766,LEFT_HEEL,0.7669516801834106,0.40342119336128235,0.28882652521133423
4766,RIGHT_HEEL,0.7595911622047424,0.4678124785423279,0.22376243770122528
4766,LEFT_FOOT_INDEX,0.8009344935417175,0.3352300822734833,0.17301690578460693
4766,RIGHT_FOOT_INDEX,0.793512225151062,0.4531760811805725,0.09331531822681427
4800,NOSE,0.2450563907623291,0.3904111981391907,-0.3273293077945709
4800,LEFT_EYE_INNER,0.23131152987480164,0.37768396735191345,-0.30739256739616394
4800,LEFT_EYE,0.23180623352527618,0.3708912432193756,-0.3073870539665222
4800,LEFT_EYE_OUTER,0.23226916790008545,0.3649790585041046,-0.30738839507102966
4800,RIGHT_EYE_INNER,0.2313580960035324,0.40316423773765564,-0.31287485361099243
4800,RIGHT_EYE,0.23185598850250244,0.414218932390213,-0.3129269778728485
4800,RIGHT_EYE_OUTER,0.23244568705558777,0.4246087074279785,-0.31280943751335144
4800,LEFT_EAR,0.2393093854188919,0.35686543583869934,-0.1859412044286728
4800,RIGHT_EAR,0.2385580837726593,0.43995895981788635,-0.21523208916187286
4800,MOUTH_LEFT,0.2604455351829529,0.3776231110095978,-0.2811700403690338
4800,MOUTH_RIGHT,0.2602819800376892,0.40953272581100464,-0.2891296446323395
4800,LEFT_SHOULDER,0.3216613829135895,0.29237350821495056,-0.11104677617549896
4800,RIGHT_SHOULDER,0.2981595993041992,0.5082617998123169,-0.17875735461711884
4800,LEFT_ELBOW,0.418971449136734,0.27798721194267273,-0.038880400359630585
4800,RIGHT_ELBOW,0.2171584814786911,0.5931340456008911,-0.23425540328025818
4800,LEFT_WRIST,0.5058563947677612,0.2816528379917145,-0.02704012021422386
4800,RIGHT_WRIST,0.11793867498636246,0.6785686016082764,-0.2616679072380066
4800,LEFT_PINKY,0.5382599830627441,0.27843043208122253,-0.030874546617269516
4800,RIGHT_PINKY,0.09044200927019119,0.7161921262741089,-0.2875676453113556
4800,LEFT_INDEX,0.5377413630485535,0.2875635027885437,-0.06385374814271927
4800,RIGHT_INDEX,0.08601783215999603,0.7168470621109009,-0.29619303345680237
4800,LEFT_THUMB,0.5284715890884399,0.29438111186027527,-0.04102370887994766
4800,RIGHT_THUMB,0.09376664459705353,0.7030923962593079,-0.2735669016838074
4800,LEFT_HIP,0.5109349489212036,0.35765212774276733,0.02815801464021206
4800,RIGHT_HIP,0.5097770094871521,0.48089227080345154,-0.028442716225981712
4800,LEFT_KNEE,0.6375424861907959,0.3497443199157715,0.10514756292104721
4800,RIGHT_KNEE,0.6396902799606323,0.4656524360179901,0.024285735562443733
4800,LEFT_ANKLE,0.7491216063499451,0.3838377594947815,0.28072574734687805
4800,RIGHT_ANKLE,0.742779016494751,0.4669104814529419,0.20995882153511047
4800,LEFT_HEEL,0.7669717073440552,0.4034314751625061,0.29347309470176697
4800,RIGHT_HEEL,0.7596021890640259,0.46786409616470337,0.22312068939208984
4800,LEFT_FOOT_INDEX,0.8008977174758911,0.33521971106529236,0.17749230563640594
4800,RIGHT_FOOT_INDEX,0.7935413718223572,0.4532133638858795,0.09191052615642548
4833,NOSE,0.24528560042381287,0.3901648223400116,-0.335649698972702
4833,LEFT_EYE_INNER,0.23141928017139435,0.3775806128978729,-0.3164603114128113
4833,LEFT_EYE,0.23190076649188995,0.37083786725997925,-0.31645163893699646
4833,LEFT_EYE_OUTER,0.23234593868255615,0.3649529814720154,-0.31645113229751587
4833,RIGHT_EYE_INNER,0.2314818799495697,0.4030029773712158,-0.321368545293808
4833,RIGHT_EYE,0.23196442425251007,0.41400569677352905,-0.32142364978790283
4833,RIGHT_EYE_OUTER,0.2325490415096283,0.4244225025177002,-0.3213072419166565
4833,LEFT_EAR,0.2393176555633545,0.35696300864219666,-0.19700771570205688
4833,RIGHT_EAR,0.23862166702747345,0.43996918201446533,-0.2236403524875641
4833,MOUTH_LEFT,0.2605363726615906,0.37751707434654236,-0.2900296151638031
4833,MOUTH_RIGHT,0.26038917899131775,0.4093373119831085,-0.29723721742630005
4833,LEFT_SHOULDER,0.32166898250579834,0.2923983037471771,-0.12224632501602173
4833,RIGHT_SHOULDER,0.29816582798957825,0.5083624720573425,-0.18401400744915009
4833,LEFT_ELBOW,0.4189738631248474,0.2777214050292969,-0.0484805703163147
4833,RIGHT_ELBOW,0.2171386182308197,0.5935033559799194,-0.23007741570472717
4833,LEFT_WRIST,0.5057293176651001,0.28142493963241577,-0.03566077724099159
4833,RIGHT_WRIST,0.11789146810770035,0.6791521310806274,-0.25474342703819275
4833,LEFT_PINKY,0.5382547378540039,0.2781693637371063,-0.039841555058956146
4833,RIGHT_PINKY,0.09046696126461029,0.7167408466339111,-0.28090059757232666
4833,LEFT_INDEX,0.5377336144447327,0.2874210774898529,-0.07339321076869965
4833,RIGHT_INDEX,0.08604666590690613,0.7173066735267639,-0.2876128554344177
4833,LEFT_THUMB,0.5284519791603088,0.2942199409008026,-0.04983513802289963
4833,RIGHT_THUMB,0.09377595782279968,0.7034116387367249,-0.26603129506111145
4833,LEFT_HIP,0.5106428265571594,0.35808032751083374,0.028171639889478683
4833,RIGHT_HIP,0.509551465511322,0.48098623752593994,-0.028456110507249832
4833,LEFT_KNEE,0.6375766396522522,0.34995800256729126,0.10617959499359131
4833,RIGHT_KNEE,0.6397606134414673,0.46567997336387634,0.024288903921842575
4833,LEFT_ANKLE,0.7491322755813599,0.38383543491363525,0.2824334502220154
4833,RIGHT_ANKLE,0.7428544759750366,0.4669204354286194,0.20792317390441895
4833,LEFT_HEEL,0.7669745683670044,0.40341436862945557,0.29514917731285095
4833,RIGHT_HEEL,0.7595904469490051,0.4680179953575134,0.22084327042102814
4833,LEFT_FOOT_INDEX,0.8008815050125122,0.33522477746009827,0.17890256643295288
4833,RIGHT_FOOT_INDEX,0.7935553789138794,0.4531938433647156,0.08917810022830963
4866,NOSE,0.24549703299999237,0.3900606334209442,-0.336909681558609
4866,LEFT_EYE_INNER,0.23148933053016663,0.3775394558906555,-0.31808406114578247
4866,LEFT_EYE,0.2319527417421341,0.3708154857158661,-0.31808003783226013
4866,LEFT_EYE_OUTER,0.23238074779510498,0.3649422824382782,-0.31807565689086914
4866,RIGHT_EYE_INNER,0.23158085346221924,0.4029383659362793,-0.32286345958709717
4866,RIGHT_EYE,0.2320554256439209,0.41391652822494507,-0.3229181170463562
4866,RIGHT_EYE_OUTER,0.23263612389564514,0.4243376553058624,-0.32280346751213074
4866,LEFT_EAR,0.23931488394737244,0.3570769727230072,-0.19966360926628113
4866,RIGHT_EAR,0.2386591136455536,0.43997904658317566,-0.2256428748369217
4866,MOUTH_LEFT,0.2605871558189392,0.37746426463127136,-0.2915003001689911
4866,MOUTH_RIGHT,0.2604658901691437,0.40922948718070984,-0.298523873090744
4866,LEFT_SHOULDER,0.32168471813201904,0.29241353273391724,-0.12514683604240417
4866,RIGHT_SHOULDER,0.29817232489585876,0.5084340572357178,-0.18451018631458282
4866,LEFT_ELBOW,0.41904109716415405,0.27756673097610474,-0.05006946995854378
4866,RIGHT_ELBOW,0.21713948249816895,0.5937042832374573,-0.22746236622333527
4866,LEFT_WRIST,0.5056846141815186,0.2811928987503052,-0.03522958979010582
4866,RIGHT_WRIST,0.1178991049528122,0.6793044805526733,-0.2516396641731262
4866,LEFT_PINKY,0.5382512211799622,0.27801114320755005,-0.03898638114333153
4866,RIGHT_PINKY,0.09069062024354935,0.7169948816299438,-0.27942803502082825
4866,LEFT_INDEX,0.537727952003479,0.2873063087463379,-0.07225025445222855
4866,RIGHT_INDEX,0.08620302379131317,0.7175183892250061,-0.2839127779006958
4866,LEFT_THUMB,0.5284481048583984,0.294028639793396,-0.0492049865424633
4866,RIGHT_THUMB,0.0939042940735817,0.7034879326820374,-0.26255834102630615
4866,LEFT_HIP,0.510308563709259,0.35851532220840454,0.02814289927482605
4866,RIGHT_HIP,0.5092849731445312,0.48121771216392517,-0.028428053483366966
4866,LEFT_KNEE,0.6375855803489685,0.35008206963539124,0.1043158546090126
4866,RIGHT_KNEE,0.639786958694458,0.46571066975593567,0.02424944005906582
4866,LEFT_ANKLE,0.7491387128829956,0.3838295042514801,0.28158947825431824
4866,RIGHT_ANKLE,0.7430292367935181,0.46697452664375305,0.2057805061340332
4866,LEFT_HEEL,0.7669769525527954,0.403394490480423,0.2939782738685608
4866,RIGHT_HEEL,0.7597395181655884,0.46835097670555115,0.21851441264152527
4866,LEFT_FOOT_INDEX,0.8008178472518921,0.3352421820163727,0.17796139419078827
4866,RIGHT_FOOT_INDEX,0.7935530543327332,0.4531860053539276,0.0873493105173111
4900,NOSE,0.24590785801410675,0.39005011320114136,-0.34157341718673706
4900,LEFT_EYE_INNER,0.231681227684021,0.37753528356552124,-0.3231033682823181
4900,LEFT_EYE,0.2320934236049652,0.3708113431930542,-0.3231002390384674
4900,LEFT_EYE_OUTER,0.23248398303985596,0.36494728922843933,-0.3230958878993988
4900,RIGHT_EYE_INNER,0.2318841516971588,0.40293723344802856,-0.3277278244495392
4900,RIGHT_EYE,0.23236402869224548,0.4139164090156555,-0.32778409123420715
4900,RIGHT_EYE_OUTER,0.23295266926288605,0.42433685064315796,-0.32767200469970703
4900,LEFT_EAR,0.23931586742401123,0.3572617769241333,-0.20508992671966553
4900,RIGHT_EAR,0.23883835971355438,0.44003716111183167,-0.23036611080169678
4900,MOUTH_LEFT,0.2607246935367584,0.3774506151676178,-0.29615360498428345
4900,MOUTH_RIGHT,0.26067620515823364,0.4091825783252716,-0.30297136306762695
4900,LEFT_SHOULDER,0.32169514894485474,0.2924313545227051,-0.13086821138858795
4900,RIGHT_SHOULDER,0.29817813634872437,0.508535623550415,-0.18711912631988525
4900,LEFT_ELBOW,0.41911959648132324,0.2774842083454132,-0.05612020567059517
4900,RIGHT_ELBOW,0.21725571155548096,0.5939861536026001,-0.2267860621213913
4900,LEFT_WRIST,0.5056453943252563,0.2810702323913574,-0.04039410501718521
4900,RIGHT_WRIST,0.11804194748401642,0.6794590950012207,-0.25110214948654175
4900,LEFT_PINKY,0.5382548570632935,0.27795296907424927,-0.0441984124481678
4900,RIGHT_PINKY,0.0909932404756546,0.7171642780303955,-0.2767709791660309
4900,LEFT_INDEX,0.5377315282821655,0.28727105259895325,-0.07710082083940506
4900,RIGHT_INDEX,0.08636464923620224,0.7175977826118469,-0.2827939987182617
4900,LEFT_THUMB,0.5284475088119507,0.29395347833633423,-0.054166991263628006
4900,RIGHT_THUMB,0.09405495226383209,0.7035178542137146,-0.2614580988883972
4900,LEFT_HIP,0.510081946849823,0.3587970733642578,0.02783038094639778
4900,RIGHT_HIP,0.5090261697769165,0.48143044114112854,-0.028116028755903244
4900,LEFT_KNEE,0.6376562118530273,0.3501572608947754,0.10315952450037003
4900,RIGHT_KNEE,0.6397868394851685,0.4657558798789978,0.02392604388296604
4900,LEFT_ANKLE,0.7491505146026611,0.38386043906211853,0.28047698736190796
4900,RIGHT_ANKLE,0.7432342171669006,0.4671185314655304,0.20364637672901154
4900,LEFT_HEEL,0.7670071125030518,0.4034494161605835,0.29281002283096313
4900,RIGHT_HEEL,0.7599973082542419,0.46879538893699646,0.21623635292053223
4900,LEFT_FOOT_INDEX,0.8008071780204773,0.3352470099925995,0.1769494265317917
4900,RIGHT_FOOT_INDEX,0.793583869934082,0.45316648483276367,0.08520083129405975
4933,NOSE,0.24623505771160126,0.39007139205932617,-0.34180110692977905
4933,LEFT_EYE_INNER,0.23183734714984894,0.3775942623615265,-0.3234717845916748
4933,LEFT_EYE,0.23220396041870117,0.37084120512008667,-0.3234751522541046
4933,LEFT_EYE_OUTER,0.23256590962409973,0.3649776875972748,-0.32346904277801514
4933,RIGHT_EYE_INNER,0.23216001689434052,0.4030330181121826,-0.32776910066604614
4933,RIGHT_EYE,0.23266403377056122,0.4139978289604187,-0.327825129032135
4933,RIGHT_EYE_OUTER,0.23327884078025818,0.42438453435897827,-0.3277141749858856
4933,LEFT_EAR,0.23931975662708282,0.35743701457977295,-0.20611926913261414
4933,RIGHT_EAR,0.2390929013490677,0.4401363432407379,-0.22978338599205017
4933,MOUTH_LEFT,0.2608542740345001,0.3774418234825134,-0.29653358459472656
4933,MOUTH_RIGHT,0.2608951926231384,0.40917685627937317,-0.3029005825519562
4933,LEFT_SHOULDER,0.3217059075832367,0.2924444079399109,-0.1320791393518448
4933,RIGHT_SHOULDER,0.29818299412727356,0.5085728764533997,-0.18580612540245056
4933,LEFT_ELBOW,0.41936731338500977,0.2774125933647156,-0.05721692368388176
4933,RIGHT_ELBOW,0.21737460792064667,0.5942962765693665,-0.22651925683021545
4933,LEFT_WRIST,0.5056473016738892,0.28093427419662476,-0.039651256054639816
4933,RIGHT_WRIST,0.11810139566659927,0.680014431476593,-0.23999157547950745
4933,LEFT_PINKY,0.5382705926895142,0.277913361787796,-0.04314830154180527
4933,RIGHT_PINKY,0.0910852923989296,0.7175917625427246,-0.2623026371002197
4933,LEFT_INDEX,0.53774094581604,0.2872580289840698,-0.07572422921657562
4933,RIGHT_INDEX,0.08640886098146439,0.7179533243179321,-0.27205634117126465
4933,LEFT_THUMB,0.5284550189971924,0.29389533400535583,-0.053194593638181686
4933,RIGHT_THUMB,0.09409128874540329,0.703782320022583,-0.2515140771865845
4933,LEFT_HIP,0.5099895000457764,0.35903477668762207,0.027347315102815628
4933,RIGHT_HIP,0.5088573098182678,0.48176154494285583,-0.02764066681265831
4933,LEFT_KNEE,0.6378930807113647,0.35016685724258423,0.09625047445297241
4933,RIGHT_KNEE,0.6397863030433655,0.4658045172691345,0.02288443222641945
4933,LEFT_ANKLE,0.749161422252655,0.38387107849121094,0.27748289704322815
4933,RIGHT_ANKLE,0.7433305978775024,0.46726739406585693,0.20455968379974365
4933,LEFT_HEEL,0.7670382261276245,0.4035003185272217,0.290488064289093
4933,RIGHT_HEEL,0.7600840926170349,0.4691053628921509,0.2174219787120819
4933,LEFT_FOOT_INDEX,0.8008335828781128,0.33527472615242004,0.17507630586624146
4933,RIGHT_FOOT_INDEX,0.7937003970146179,0.4531364142894745,0.08662034571170807
4966,NOSE,0.24628421664237976,0.3901047110557556,-0.3414487838745117
4966,LEFT_EYE_INNER,0.2318434715270996,0.3776438534259796,-0.3229678273200989
4966,LEFT_EYE,0.2322046458721161,0.37086695432662964,-0.3229728937149048
4966,LEFT_EYE_OUTER,0.23256461322307587,0.36499783396720886,-0.3229675889015198
4966,RIGHT_EYE_INNER,0.23220288753509521,0.4031270742416382,-0.32725414633750916
4966,RIGHT_EYE,0.23272517323493958,0.414079487323761,-0.32730966806411743
4966,RIGHT_EYE_OUTER,0.23335488140583038,0.42443355917930603,-0.3271983563899994
4966,LEFT_EAR,0.23929038643836975,0.35759687423706055,-0.20544834434986115
4966,RIGHT_EAR,0.2391548901796341,0.44022101163864136,-0.22907757759094238
4966,MOUTH_LEFT,0.2608610987663269,0.37743812799453735,-0.29616019129753113
4966,MOUTH_RIGHT,0.2609398066997528,0.4091786742210388,-0.30250513553619385
4966,LEFT_SHOULDER,0.3216931223869324,0.2925258278846741,-0.13160164654254913
4966,RIGHT_SHOULDER,0.29818713665008545,0.5086659789085388,-0.18492086231708527
4966,LEFT_ELBOW,0.41941946744918823,0.2774069309234619,-0.05681300908327103
4966,RIGHT_ELBOW,0.2173774242401123,0.5949109196662903,-0.22604119777679443
4966,LEFT_WRIST,0.5056046843528748,0.2809242606163025,-0.03876378387212753
4966,RIGHT_WRIST,0.11811287701129913,0.6809021234512329,-0.23419423401355743
4966,LEFT_PINKY,0.5382652878761292,0.2779185175895691,-0.04216578230261803
4966,RIGHT_PINKY,0.0911266952753067,0.71828293800354,-0.2556716203689575
4966,LEFT_INDEX,0.5377329587936401,0.2872854173183441,-0.07463870942592621
4966,RIGHT_INDEX,0.08641074597835541,0.7186154127120972,-0.2663823962211609
4966,LEFT_THUMB,0.5284495949745178,0.29390016198158264,-0.05223894864320755
4966,RIGHT_THUMB,0.09408694505691528,0.7043935060501099,-0.24611110985279083
4966,LEFT_HIP,0.509821355342865,0.3592482805252075,0.02710539661347866
4966,RIGHT_HIP,0.508601725101471,0.48210808634757996,-0.02740413509309292
4966,LEFT_KNEE,0.6380795240402222,0.35017627477645874,0.09182808548212051
4966,RIGHT_KNEE,0.6397857666015625,0.4658142030239105,0.02230345457792282
4966,LEFT_ANKLE,0.7491732835769653,0.38388001918792725,0.27626028656959534
4966,RIGHT_ANKLE,0.7433515191078186,0.4675673246383667,0.20511038601398468
4966,LEFT_HEEL,0.7670609951019287,0.403515487909317,0.2896874248981476
4966,RIGHT_HEEL,0.7600928544998169,0.4695397615432739,0.21791045367717743
4966,LEFT_FOOT_INDEX,0.8008743524551392,0.33533746004104614,0.17429111897945404
4966,RIGHT_FOOT_INDEX,0.7937527894973755,0.4531409740447998,0.08714257180690765
5000,NOSE,0.24635446071624756,0.39023059606552124,-0.341592013835907
5000,LEFT_EYE_INNER,0.2318582832813263,0.37777164578437805,-0.32294225692749023
5000,LEFT_EYE,0.23220765590667725,0.3709421753883362,-0.3229488432407379
5000,LEFT_EYE_OUTER,0.2325645387172699,0.3650631308555603,-0.32294461131095886
5000,RIGHT_EYE_INNER,0.23228296637535095,0.4033259153366089,-0.32708585262298584
5000,RIGHT_EYE,0.232831209897995,0.4142723083496094,-0.3271401524543762
5000,RIGHT_EYE_OUTER,0.2334803342819214,0.4245601296424866,-0.32702797651290894
5000,LEFT_EAR,0.23927322030067444,0.35779544711112976,-0.20529015362262726
5000,RIGHT_EAR,0.23925647139549255,0.44034796953201294,-0.22832727432250977
5000,MOUTH_LEFT,0.2608802914619446,0.37746742367744446,-0.29633304476737976
5000,MOUTH_RIGHT,0.2610247731208801,0.40920767188072205,-0.3024854063987732
5000,LEFT_SHOULDER,0.3216754198074341,0.29264938831329346,-0.1315341293811798
5000,RIGHT_SHOULDER,0.29819050431251526,0.5087587833404541,-0.184258833527565
5000,LEFT_ELBOW,0.4194697439670563,0.27743592858314514,-0.05723613500595093
5000,RIGHT_ELBOW,0.2173663079738617,0.5958102941513062,-0.22543689608573914
5000,LEFT_WRIST,0.5055087804794312,0.28094834089279175,-0.03862800449132919
5000,RIGHT_WRIST,0.1181144118309021,0.681833803653717,-0.23163172602653503
5000,LEFT_PINKY,0.5382378697395325,0.2779497504234314,-0.041945166885852814
5000,RIGHT_PINKY,0.09113207459449768,0.7190994024276733,-0.25314751267433167
5000,LEFT_INDEX,0.5377094745635986,0.28733375668525696,-0.07437348365783691
5000,RIGHT_INDEX,0.0864037498831749,0.7194730043411255,-0.26437532901763916
5000,LEFT_THUMB,0.5284242630004883,0.29393765330314636,-0.05203092843294144
5000,RIGHT_THUMB,0.09404866397380829,0.7052139043807983,-0.24385830760002136
5000,LEFT_HIP,0.509746789932251,0.3594764769077301,0.02707495726644993
5000,RIGHT_HIP,0.5084306001663208,0.482343465089798,-0.027376357465982437
5000,LEFT_KNEE,0.6383123397827148,0.3501998484134674,0.09167130291461945
5000,RIGHT_KNEE,0.6397663950920105,0.465823233127594,0.021325286477804184
5000,LEFT_ANKLE,0.7493811845779419,0.3838844299316406,0.27643847465515137
5000,RIGHT_ANKLE,0.7434452772140503,0.4678536653518677,0.2055521458387375
5000,LEFT_HEEL,0.7673442363739014,0.40355759859085083,0.29001492261886597
5000,RIGHT_HEEL,0.7602476477622986,0.4698999226093292,0.21853089332580566
5000,LEFT_FOOT_INDEX,0.8009876012802124,0.3353552520275116,0.17454661428928375
5000,RIGHT_FOOT_INDEX,0.7937593460083008,0.45324569940567017,0.08768399804830551
5033,NOSE,0.2464257776737213,0.3906286954879761,-0.3475172519683838
5033,LEFT_EYE_INNER,0.23186913132667542,0.3781726062297821,-0.32873526215553284
5033,LEFT_EYE,0.23220808804035187,0.37118542194366455,-0.328743040561676
5033,LEFT_EYE_OUTER,0.23256058990955353,0.3652474582195282,-0.3287401795387268
5033,RIGHT_EYE_INNER,0.23236772418022156,0.4039156138896942,-0.3326627016067505
5033,RIGHT_EYE,0.2329503744840622,0.4148148000240326,-0.3327186405658722
5033,RIGHT_EYE_OUTER,0.23362556099891663,0.4249480664730072,-0.332607626914978
5033,LEFT_EAR,0.23923352360725403,0.3580813407897949,-0.20976388454437256
5033,RIGHT_EAR,0.23936431109905243,0.440652072429657,-0.23183444142341614
5033,MOUTH_LEFT,0.26091688871383667,0.37759000062942505,-0.3017224669456482
5033,MOUTH_RIGHT,0.26113611459732056,0.40935567021369934,-0.3076084852218628
5033,LEFT_SHOULDER,0.32162171602249146,0.2927840054035187,-0.13398823142051697
5033,RIGHT_SHOULDER,0.29821068048477173,0.509024977684021,-0.18727938830852509
5033,LEFT_ELBOW,0.4195047914981842,0.27757108211517334,-0.05928977206349373
5033,RIGHT_ELBOW,0.21739444136619568,0.596402108669281,-0.22559013962745667
5033,LEFT_WRIST,0.5054856538772583,0.28111815452575684,-0.04082025960087776
5033,RIGHT_WRIST,0.11819275468587875,0.682255208492279,-0.2332969605922699
5033,LEFT_PINKY,0.5382213592529297,0.27798545360565186,-0.044259585440158844
5033,RIGHT_PINKY,0.09120463579893112,0.7195452451705933,-0.2555021643638611
5033,LEFT_INDEX,0.5376855134963989,0.2874663770198822,-0.07708267122507095
5033,RIGHT_INDEX,0.0864063948392868,0.7200174927711487,-0.2674782872200012
5033,LEFT_THUMB,0.5284061431884766,0.29413124918937683,-0.0543195977807045
5033,RIGHT_THUMB,0.09404850006103516,0.7057096362113953,-0.24585875868797302
5033,LEFT_HIP,0.5097402334213257,0.35986530780792236,0.02710898593068123
5033,RIGHT_HIP,0.5084013938903809,0.4827987253665924,-0.027413588017225266
5033,LEFT_KNEE,0.6387099027633667,0.3502661883831024,0.09325683116912842
5033,RIGHT_KNEE,0.6397650837898254,0.4658535420894623,0.021289560943841934
5033,LEFT_ANKLE,0.7496139407157898,0.383855402469635,0.284171998500824
5033,RIGHT_ANKLE,0.7434715032577515,0.468079537153244,0.20841634273529053
5033,LEFT_HEEL,0.7676140666007996,0.4035578966140747,0.2985907196998596
5033,RIGHT_HEEL,0.7602802515029907,0.47014448046684265,0.22205379605293274
5033,LEFT_FOOT_INDEX,0.8010998964309692,0.3353627622127533,0.18222320079803467
5033,RIGHT_FOOT_INDEX,0.7937555313110352,0.45332807302474976,0.08988439291715622
5066,NOSE,0.24653932452201843,0.3908841013908386,-0.35344600677490234
5066,LEFT_EYE_INNER,0.2319072037935257,0.37842094898223877,-0.3346885144710541
5066,LEFT_EYE,0.2322218120098114,0.3713323473930359,-0.3346943259239197
5066,LEFT_EYE_OUTER,0.23256444931030273,0.36535975337028503,-0.3346945345401764
5066,RIGHT_EYE_INNER,0.23249490559101105,0.4042479991912842,-0.3385189473628998
5066,RIGHT_EYE,0.2331046313047409,0.41508764028549194,-0.33857810497283936
5066,RIGHT_EYE_OUTER,0.2338055819272995,0.42511630058288574,-0.33846619725227356
5066,LEFT_EAR,0.23922863602638245,0.35826870799064636,-0.21516291797161102
5066,RIGHT_EAR,0.23949328064918518,0.4407816529273987,-0.23666271567344666
5066,MOUTH_LEFT,0.26099544763565063,0.37767964601516724,-0.3073846995830536
5066,MOUTH_RIGHT,0.26127177476882935,0.4094396233558655,-0.3131326735019684
5066,LEFT_SHOULDER,0.32158780097961426,0.2928590476512909,-0.13840796053409576
5066,RIGHT_SHOULDER,0.29821863770484924,0.5092722773551941,-0.1912682205438614
5066,LEFT_ELBOW,0.41950854659080505,0.2776182293891907,-0.06372897326946259
5066,RIGHT_ELBOW,0.21740487217903137,0.5972388982772827,-0.22819051146507263
5066,LEFT_WRIST,0.5054558515548706,0.2811776399612427,-0.04549475759267807
5066,RIGHT_WRIST,0.11819356679916382,0.6829814314842224,-0.23758132755756378
5066,LEFT_PINKY,0.5381895899772644,0.27799463272094727,-0.04928792640566826
5066,RIGHT_PINKY,0.0912170261144638,0.7204581499099731,-0.26073336601257324
5066,LEFT_INDEX,0.5376379489898682,0.2875936031341553,-0.08247371017932892
5066,RIGHT_INDEX,0.08638857305049896,0.7209703326225281,-0.27306118607521057
5066,LEFT_THUMB,0.5283769369125366,0.2942950427532196,-0.05913206934928894
5066,RIGHT_THUMB,0.094019815325737,0.7064862251281738,-0.2504265010356903
5066,LEFT_HIP,0.5097314119338989,0.36020633578300476,0.02710358425974846
5066,RIGHT_HIP,0.5083962678909302,0.4831937253475189,-0.027407962828874588
5066,LEFT_KNEE,0.6392086148262024,0.3503740727901459,0.09432484209537506
5066,RIGHT_KNEE,0.6397643685340881,0.4660296142101288,0.021455584093928337
5066,LEFT_ANKLE,0.7497844696044922,0.3837931454181671,0.29022178053855896
5066,RIGHT_ANKLE,0.7435076236724854,0.4687062203884125,0.21339817345142365
5066,LEFT_HEEL,0.7677291035652161,0.40352118015289307,0.30518388748168945
5066,RIGHT_HEEL,0.760280966758728,0.4706194996833801,0.22760574519634247
5066,LEFT_FOOT_INDEX,0.8012198209762573,0.3354586660861969,0.18795184791088104
5066,RIGHT_FOOT_INDEX,0.7937839031219482,0.45381876826286316,0.0941411480307579
5100,NOSE,0.24670502543449402,0.3909596800804138,-0.35872095823287964
5100,LEFT_EYE_INNER,0.2319612205028534,0.37852388620376587,-0.34026870131492615
5100,LEFT_EYE,0.23224739730358124,0.3714015483856201,-0.34026700258255005
5100,LEFT_EYE_OUTER,0.2325747311115265,0.3654201924800873,-0.34026774764060974
5100,RIGHT_EYE_INNER,0.23262611031532288,0.4043445885181427,-0.34415188431739807
5100,RIGHT_EYE,0.23324444890022278,0.41515129804611206,-0.34421494603157043
5100,RIGHT_EYE_OUTER,0.2339549958705902,0.42514389753341675,-0.34410107135772705
5100,LEFT_EAR,0.2392226755619049,0.3584080636501312,-0.22100846469402313
5100,RIGHT_EAR,0.23956386744976044,0.44081395864486694,-0.24289850890636444
5100,MOUTH_LEFT,0.2611038088798523,0.37771618366241455,-0.3126625120639801
5100,MOUTH_RIGHT,0.2614217698574066,0.4094522297382355,-0.31853264570236206
5100,LEFT_SHOULDER,0.3215647041797638,0.29289382696151733,-0.14421139657497406
5100,RIGHT_SHOULDER,0.29820114374160767,0.5094538331031799,-0.19557631015777588
5100,LEFT_ELBOW,0.41953563690185547,0.27756011486053467,-0.06914951652288437
5100,RIGHT_ELBOW,0.21723738312721252,0.5981863141059875,-0.23121277987957
5100,LEFT_WRIST,0.5054630041122437,0.28119397163391113,-0.049412913620471954
5100,RIGHT_WRIST,0.11816461384296417,0.6839531660079956,-0.23977899551391602
5100,LEFT_PINKY,0.5381863713264465,0.27797427773475647,-0.05319806933403015
5100,RIGHT_PINKY,0.09121926128864288,0.7216399908065796,-0.2627459764480591
5100,LEFT_INDEX,0.5376215577125549,0.2876948118209839,-0.08639589697122574
5100,RIGHT_INDEX,0.08637721836566925,0.7220519185066223,-0.27508848905563354
5100,LEFT_THUMB,0.5283734202384949,0.2944640815258026,-0.06301471590995789
5100,RIGHT_THUMB,0.09399649500846863,0.70737624168396,-0.25267353653907776
5100,LEFT_HIP,0.509680449962616,0.3605029582977295,0.026983290910720825
5100,RIGHT_HIP,0.5083797574043274,0.48336270451545715,-0.02729068696498871
5100,LEFT_KNEE,0.6394182443618774,0.3504485785961151,0.09585719555616379
5100,RIGHT_KNEE,0.6397582292556763,0.46641290187835693,0.02220912277698517
5100,LEFT_ANKLE,0.7498801946640015,0.38371986150741577,0.2892322838306427
5100,RIGHT_ANKLE,0.7435557842254639,0.469465434551239,0.21360933780670166
5100,LEFT_HEEL,0.7677673101425171,0.4034578204154968,0.3038695454597473
5100,RIGHT_HEEL,0.7602746486663818,0.47122275829315186,0.2277042120695114
5100,LEFT_FOOT_INDEX,0.8013739585876465,0.3355005979537964,0.18699979782104492
5100,RIGHT_FOOT_INDEX,0.7939184904098511,0.45459604263305664,0.09448419511318207
5133,NOSE,0.24683082103729248,0.3911943733692169,-0.36324217915534973
5133,LEFT_EYE_INNER,0.23202595114707947,0.3787209391593933,-0.34479954838752747
5133,LEFT_EYE,0.23228828608989716,0.37151649594306946,-0.34479057788848877
5133,LEFT_EYE_OUTER,0.23260155320167542,0.36552077531814575,-0.344793438911438
5133,RIGHT_EYE_INNER,0.2327200174331665,0.40459343791007996,-0.34837502241134644
5133,RIGHT_EYE,0.23333561420440674,0.4153687059879303,-0.3484410047531128
5133,RIGHT_EYE_OUTER,0.23404169082641602,0.4253036379814148,-0.3483279347419739
5133,LEFT_EAR,0.23922112584114075,0.3585067391395569,-0.2252947986125946
5133,RIGHT_EAR,0.23960287868976593,0.4409414529800415,-0.2459561824798584
5133,MOUTH_LEFT,0.2612174153327942,0.37782829999923706,-0.3171510696411133
5133,MOUTH_RIGHT,0.26155000925064087,0.4095900356769562,-0.32266438007354736
5133,LEFT_SHOULDER,0.3216269910335541,0.2929092347621918,-0.1478469967842102
5133,RIGHT_SHOULDER,0.2981879413127899,0.5095827579498291,-0.1988847404718399
5133,LEFT_ELBOW,0.4199694097042084,0.2774859666824341,-0.07377329468727112
5133,RIGHT_ELBOW,0.21718323230743408,0.5997310876846313,-0.23531119525432587
5133,LEFT_WRIST,0.5057621002197266,0.28120681643486023,-0.05639128014445305
5133,RIGHT_WRIST,0.11818274110555649,0.684739351272583,-0.2458585500717163
5133,LEFT_PINKY,0.5382136702537537,0.27793261408805847,-0.06092184782028198
5133,RIGHT_PINKY,0.09126117080450058,0.7224397659301758,-0.2697222828865051
5133,LEFT_INDEX,0.5376386046409607,0.2876972258090973,-0.09469234198331833
5133,RIGHT_INDEX,0.08637968450784683,0.7226897478103638,-0.2819320559501648
5133,LEFT_THUMB,0.5284435153007507,0.2944694459438324,-0.07030297815799713
5133,RIGHT_THUMB,0.0939997062087059,0.7078859806060791,-0.2587875425815582
5133,LEFT_HIP,0.5095973610877991,0.36075538396835327,0.02697724662721157
5133,RIGHT_HIP,0.5083175897598267,0.4836125373840332,-0.027284765616059303
5133,LEFT_KNEE,0.639642596244812,0.35071319341659546,0.10323550552129745
5133,RIGHT_KNEE,0.6397611498832703,0.4669950306415558,0.02226381003856659
5133,LEFT_ANKLE,0.749939501285553,0.3837229907512665,0.2942328453063965
5133,RIGHT_ANKLE,0.7437530159950256,0.4704694449901581,0.21216802299022675
5133,LEFT_HEEL,0.7678196430206299,0.4034574329853058,0.30855828523635864
5133,RIGHT_HEEL,0.7603859901428223,0.4717899262905121,0.22583656013011932
5133,LEFT_FOOT_INDEX,0.8014354705810547,0.3355150520801544,0.19183140993118286
5133,RIGHT_FOOT_INDEX,0.794116735458374,0.45564350485801697,0.09186895936727524
5166,NOSE,0.24694772064685822,0.39149755239486694,-0.38212019205093384
5166,LEFT_EYE_INNER,0.2320626676082611,0.3789977729320526,-0.3632130026817322
5166,LEFT_EYE,0.23230203986167908,0.371683806180954,-0.36319342255592346
5166,LEFT_EYE_OUTER,0.23260502517223358,0.36566078662872314,-0.36319687962532043
5166,RIGHT_EYE_INNER,0.2328009307384491,0.40499547123908997,-0.36666831374168396
5166,RIGHT_EYE,0.23342403769493103,0.4157480001449585,-0.3667435348033905
5166,RIGHT_EYE_OUTER,0.23413297533988953,0.4256271421909332,-0.36663728952407837
5166,LEFT_EAR,0.2391858994960785,0.3585987389087677,-0.2406235635280609
5166,RIGHT_EAR,0.239634707570076,0.4411848187446594,-0.26070159673690796
5166,MOUTH_LEFT,0.2613198161125183,0.37796151638031006,-0.33485284447669983
5166,MOUTH_RIGHT,0.2616921067237854,0.4097900390625,-0.3402101993560791
5166,LEFT_SHOULDER,0.3216306269168854,0.29287779331207275,-0.15895932912826538
5166,RIGHT_SHOULDER,0.2981843650341034,0.5098053216934204,-0.2127050906419754
5166,LEFT_ELBOW,0.4204025864601135,0.27747413516044617,-0.08499528467655182
5166,RIGHT_ELBOW,0.21709413826465607,0.6011880040168762,-0.2512407898902893
5166,LEFT_WRIST,0.5061599016189575,0.28120848536491394,-0.0688951388001442
5166,RIGHT_WRIST,0.11824722588062286,0.6855053305625916,-0.2621855139732361
5166,LEFT_PINKY,0.5383206605911255,0.277912437915802,-0.07356195151805878
5166,RIGHT_PINKY,0.09129174053668976,0.7231298089027405,-0.2870157063007355
5166,LEFT_INDEX,0.5377464294433594,0.2877058982849121,-0.10775426775217056
5166,RIGHT_INDEX,0.08638258278369904,0.723231852054596,-0.29966601729393005
5166,LEFT_THUMB,0.5286135077476501,0.2944813668727875,-0.08305592834949493
5166,RIGHT_THUMB,0.09400153905153275,0.7084007859230042,-0.2753084897994995
5166,LEFT_HIP,0.5095559358596802,0.36084991693496704,0.026979859918355942
5166,RIGHT_HIP,0.5082897543907166,0.48362457752227783,-0.02728855609893799
5166,LEFT_KNEE,0.6396768093109131,0.3513454496860504,0.11139963567256927
5166,RIGHT_KNEE,0.6396805644035339,0.4680456817150116,0.024050861597061157
5166,LEFT_ANKLE,0.7499902248382568,0.3837551474571228,0.30354830622673035
5166,RIGHT_ANKLE,0.7438638210296631,0.4716440439224243,0.21426169574260712
5166,LEFT_HEEL,0.7678819894790649,0.4035061001777649,0.3178824782371521
5166,RIGHT_HEEL,0.7604740858078003,0.47247999906539917,0.2278837412595749
5166,LEFT_FOOT_INDEX,0.8014805912971497,0.3355581760406494,0.19954876601696014
5166,RIGHT_FOOT_INDEX,0.7942330837249756,0.4572034478187561,0.09271835535764694
5200,NOSE,0.24709244072437286,0.3917273283004761,-0.39145779609680176
5200,LEFT_EYE_INNER,0.23213207721710205,0.37931743264198303,-0.3718762993812561
5200,LEFT_EYE,0.23233428597450256,0.37188488245010376,-0.3718515634536743
5200,LEFT_EYE_OUTER,0.23261752724647522,0.36584562063217163,-0.37186139822006226
5200,RIGHT_EYE_INNER,0.23292803764343262,0.40545010566711426,-0.3752492070198059
5200,RIGHT_EYE,0.23355813324451447,0.41626787185668945,-0.3753262460231781
5200,RIGHT_EYE_OUTER,0.23426802456378937,0.42619651556015015,-0.37521788477897644
5200,LEFT_EAR,0.23913423717021942,0.358782023191452,-0.24637527763843536
5200,RIGHT_EAR,0.239679217338562,0.44177326560020447,-0.26580965518951416
5200,MOUTH_LEFT,0.26144805550575256,0.3780749440193176,-0.3431577682495117
5200,MOUTH_RIGHT,0.2618919909000397,0.4099770784378052,-0.3483158349990845
5200,LEFT_SHOULDER,0.3216237425804138,0.29289403557777405,-0.16238108277320862
5200,RIGHT_SHOULDER,0.2981894016265869,0.5099595785140991,-0.2183687388896942
5200,LEFT_ELBOW,0.42051616311073303,0.27766627073287964,-0.09020838886499405
5200,RIGHT_ELBOW,0.21709342300891876,0.602922797203064,-0.2591328024864197
5200,LEFT_WRIST,0.5064135789871216,0.2812207043170929,-0.07854896038770676
5200,RIGHT_WRIST,0.11821776628494263,0.6865497827529907,-0.27390891313552856
5200,LEFT_PINKY,0.5384482145309448,0.27790477871894836,-0.08433498442173004
5200,RIGHT_PINKY,0.09124329686164856,0.723762571811676,-0.2998393476009369
5200,LEFT_INDEX,0.5379126071929932,0.2876841723918915,-0.11876414716243744
5200,RIGHT_INDEX,0.08635096251964569,0.723878800868988,-0.31335797905921936
5200,LEFT_THUMB,0.5287961959838867,0.2944715619087219,-0.09302544593811035
5200,RIGHT_THUMB,0.0939260721206665,0.7092036604881287,-0.287415474653244
5200,LEFT_HIP,0.5095465183258057,0.36086541414260864,0.02702702209353447
5200,RIGHT_HIP,0.5082801580429077,0.4835700988769531,-0.02733631059527397
5200,LEFT_KNEE,0.6396746039390564,0.3516830801963806,0.11568385362625122
5200,RIGHT_KNEE,0.6394963264465332,0.46876636147499084,0.025455033406615257
5200,LEFT_ANKLE,0.7499878406524658,0.38388755917549133,0.3091147243976593
5200,RIGHT_ANKLE,0.743916392326355,0.4722123444080353,0.216746523976326
5200,LEFT_HEEL,0.7678892612457275,0.40375256538391113,0.3234962821006775
5200,RIGHT_HEEL,0.76054847240448,0.47304093837738037,0.2304278165102005
5200,LEFT_FOOT_INDEX,0.8014842867851257,0.3356114625930786,0.20422859489917755
5200,RIGHT_FOOT_INDEX,0.7943354845046997,0.4576837420463562,0.09397704154253006
5233,NOSE,0.24719683825969696,0.3919600248336792,-0.38073599338531494
5233,LEFT_EYE_INNER,0.23222343623638153,0.37964537739753723,-0.3614580035209656
5233,LEFT_EYE,0.2323969304561615,0.3720894157886505,-0.3614417612552643
5233,LEFT_EYE_OUTER,0.23265941441059113,0.36604559421539307,-0.36144816875457764
5233,RIGHT_EYE_INNER,0.23300424218177795,0.40587738156318665,-0.3651134967803955
5233,RIGHT_EYE,0.2336156815290451,0.41678687930107117,-0.3651833236217499
5233,RIGHT_EYE_OUTER,0.2343055009841919,0.4268118143081665,-0.3650725483894348
5233,LEFT_EAR,0.2391304224729538,0.35907304286956787,-0.23828378319740295
5233,RIGHT_EAR,0.23968391120433807,0.44249317049980164,-0.25889626145362854
5233,MOUTH_LEFT,0.26159507036209106,0.37824884057044983,-0.3333606719970703
5233,MOUTH_RIGHT,0.2620384991168976,0.4102420508861542,-0.33888158202171326
5233,LEFT_SHOULDER,0.3216271698474884,0.2932126820087433,-0.15734508633613586
5233,RIGHT_SHOULDER,0.29819098114967346,0.5103400349617004,-0.21257121860980988
5233,LEFT_ELBOW,0.42051953077316284,0.27828940749168396,-0.08455758541822433
5233,RIGHT_ELBOW,0.21712243556976318,0.6038793325424194,-0.2528839707374573
5233,LEFT_WRIST,0.5065305829048157,0.2814783751964569,-0.07202934473752975
5233,RIGHT_WRIST,0.11833151429891586,0.6870917081832886,-0.26777184009552
5233,LEFT_PINKY,0.5385485291481018,0.27799221873283386,-0.07753106951713562
5233,RIGHT_PINKY,0.09132842719554901,0.7241945266723633,-0.29310721158981323
5233,LEFT_INDEX,0.5380228757858276,0.2877727746963501,-0.11172555387020111
5233,RIGHT_INDEX,0.0864189863204956,0.7242921590805054,-0.30606240034103394
5233,LEFT_THUMB,0.5289044380187988,0.2946215867996216,-0.08638624846935272
5233,RIGHT_THUMB,0.09394531697034836,0.7097017765045166,-0.28102055191993713
5233,LEFT_HIP,0.5095559358596802,0.36088088154792786,0.02705840766429901
5233,RIGHT_HIP,0.5083218812942505,0.48357129096984863,-0.027365481480956078
5233,LEFT_KNEE,0.6396987438201904,0.35175979137420654,0.11622607707977295
5233,RIGHT_KNEE,0.6394823789596558,0.469185471534729,0.026065731421113014
5233,LEFT_ANKLE,0.7499525547027588,0.38395050168037415,0.30738815665245056
5233,RIGHT_ANKLE,0.7439150214195251,0.4727058410644531,0.21658770740032196
5233,LEFT_HEEL,0.7678331136703491,0.4039055407047272,0.3215821385383606
5233,RIGHT_HEEL,0.7604849338531494,0.473516047000885,0.23023851215839386
5233,LEFT_FOOT_INDEX,0.8014596104621887,0.3356061577796936,0.20328497886657715
5233,RIGHT_FOOT_INDEX,0.7943383455276489,0.4586437940597534,0.09400957077741623
5266,NOSE,0.24737878143787384,0.3922492563724518,-0.3764188587665558
5266,LEFT_EYE_INNER,0.23246526718139648,0.3800598978996277,-0.3572741150856018
5266,LEFT_EYE,0.23260727524757385,0.37235644459724426,-0.35726338624954224
5266,LEFT_EYE_OUTER,0.23284688591957092,0.36629658937454224,-0.3572654128074646
5266,RIGHT_EYE_INNER,0.2331874817609787,0.4062856137752533,-0.36105969548225403
5266,RIGHT_EYE,0.23375709354877472,0.41721463203430176,-0.3611289858818054
5266,RIGHT_EYE_OUTER,0.2344074547290802,0.4272722899913788,-0.3610209822654724
5266,LEFT_EAR,0.23917269706726074,0.35937827825546265,-0.2362658679485321
5266,RIGHT_EAR,0.23971931636333466,0.44300219416618347,-0.2577834725379944
5266,MOUTH_LEFT,0.2618163526058197,0.3784397840499878,-0.32984763383865356
5266,MOUTH_RIGHT,0.26218515634536743,0.4104839861392975,-0.3355715870857239
5266,LEFT_SHOULDER,0.321653813123703,0.29356133937835693,-0.15515771508216858
5266,RIGHT_SHOULDER,0.298189640045166,0.5105975866317749,-0.21189948916435242
5266,LEFT_ELBOW,0.42051011323928833,0.2788618803024292,-0.08148817718029022
5266,RIGHT_ELBOW,0.2171357423067093,0.6046555042266846,-0.2515270709991455
5266,LEFT_WRIST,0.5065380334854126,0.2818259596824646,-0.07159839570522308
5266,RIGHT_WRIST,0.11856784671545029,0.6881502866744995,-0.2644570767879486
5266,LEFT_PINKY,0.5385746359825134,0.2781861424446106,-0.07649313658475876
5266,RIGHT_PINKY,0.0917043536901474,0.7244927883148193,-0.2891167998313904
5266,LEFT_INDEX,0.5380381345748901,0.28801822662353516,-0.10918168723583221
5266,RIGHT_INDEX,0.0866781696677208,0.7245236039161682,-0.30153024196624756
5266,LEFT_THUMB,0.5289182066917419,0.29499414563179016,-0.08565068989992142
5266,RIGHT_THUMB,0.09414728730916977,0.7102466821670532,-0.2774679958820343
5266,LEFT_HIP,0.5095546245574951,0.36089837551116943,0.027261752635240555
5266,RIGHT_HIP,0.508334755897522,0.4835772216320038,-0.02756620943546295
5266,LEFT_KNEE,0.6397799253463745,0.3519524931907654,0.1172136664390564
5266,RIGHT_KNEE,0.6395859122276306,0.4693949520587921,0.026131654158234596
5266,LEFT_ANKLE,0.7499700784683228,0.38400065898895264,0.30765193700790405
5266,RIGHT_ANKLE,0.743942379951477,0.47338417172431946,0.21653589606285095
5266,LEFT_HEEL,0.7678398489952087,0.4040164649486542,0.32180166244506836
5266,RIGHT_HEEL,0.7605204582214355,0.4739660918712616,0.23019921779632568
5266,LEFT_FOOT_INDEX,0.8014623522758484,0.3356139659881592,0.20395568013191223
5266,RIGHT_FOOT_INDEX,0.7943417429924011,0.46024081110954285,0.09379298985004425
5300,NOSE,0.24774253368377686,0.39255526661872864,-0.37580081820487976
5300,LEFT_EYE_INNER,0.2328537404537201,0.3805381655693054,-0.3567628264427185
5300,LEFT_EYE,0.23293833434581757,0.3727019429206848,-0.35674744844436646
5300,LEFT_EYE_OUTER,0.233137845993042,0.36660513281822205,-0.35675355792045593
5300,RIGHT_EYE_INNER,0.23355694115161896,0.40670937299728394,-0.36038511991500854
5300,RIGHT_EYE,0.2340768277645111,0.41763558983802795,-0.36045223474502563
5300,RIGHT_EYE_OUTER,0.23467901349067688,0.42771971225738525,-0.36033880710601807
5300,LEFT_EAR,0.23926758766174316,0.3597814440727234,-0.2344331443309784
5300,RIGHT_EAR,0.23984535038471222,0.4434932768344879,-0.25543901324272156
5300,MOUTH_LEFT,0.26216620206832886,0.37866702675819397,-0.3285824656486511
5300,MOUTH_RIGHT,0.26243478059768677,0.41069453954696655,-0.3341323435306549
5300,LEFT_SHOULDER,0.32171788811683655,0.2939249873161316,-0.15369056165218353
5300,RIGHT_SHOULDER,0.2981870174407959,0.5110293626785278,-0.2092686891555786
5300,LEFT_ELBOW,0.42054980993270874,0.27933961153030396,-0.08045472949743271
5300,RIGHT_ELBOW,0.21716444194316864,0.6064325571060181,-0.24879388511180878
5300,LEFT_WRIST,0.506828784942627,0.28240883350372314,-0.06850846856832504
5300,RIGHT_WRIST,0.11874549090862274,0.6899418234825134,-0.26203739643096924
5300,LEFT_PINKY,0.53877192735672,0.27863991260528564,-0.07357098907232285
5300,RIGHT_PINKY,0.09189202636480331,0.7252448201179504,-0.286618173122406
5300,LEFT_INDEX,0.538227915763855,0.28836730122566223,-0.10690593719482422
5300,RIGHT_INDEX,0.08673864603042603,0.7250534892082214,-0.29893410205841064
5300,LEFT_THUMB,0.5291174650192261,0.2954255938529968,-0.08258979767560959
5300,RIGHT_THUMB,0.09416057914495468,0.7113806009292603,-0.2750032842159271
5300,LEFT_HIP,0.5095514059066772,0.3609139621257782,0.02729463018476963
5300,RIGHT_HIP,0.5083606243133545,0.4835868775844574,-0.027598539367318153
5300,LEFT_KNEE,0.6398835182189941,0.35198256373405457,0.11792570352554321
5300,RIGHT_KNEE,0.6397534608840942,0.46958860754966736,0.026719506829977036
5300,LEFT_ANKLE,0.7500916719436646,0.3840366005897522,0.3082595467567444
5300,RIGHT_ANKLE,0.7439137101173401,0.47408702969551086,0.21676401793956757
5300,LEFT_HEEL,0.7679019570350647,0.4041725993156433,0.32242822647094727
5300,RIGHT_HEEL,0.7605117559432983,0.4745120704174042,0.23039165139198303
5300,LEFT_FOOT_INDEX,0.8015464544296265,0.33556002378463745,0.20517659187316895
5300,RIGHT_FOOT_INDEX,0.7943186163902283,0.46465080976486206,0.09447105973958969
5333,NOSE,0.24807655811309814,0.39322975277900696,-0.3745502829551697
5333,LEFT_EYE_INNER,0.23326794803142548,0.38129767775535583,-0.3558070957660675
5333,LEFT_EYE,0.2333173304796219,0.3732810616493225,-0.3557904362678528
5333,LEFT_EYE_OUTER,0.23349864780902863,0.36704927682876587,-0.35579508543014526
5333,RIGHT_EYE_INNER,0.23391123116016388,0.40741369128227234,-0.35910356044769287
5333,RIGHT_EYE,0.2343815118074417,0.41827934980392456,-0.3591694235801697
5333,RIGHT_EYE_OUTER,0.234935000538826,0.42838138341903687,-0.35905468463897705
5333,LEFT_EAR,0.2394515722990036,0.3601807951927185,-0.23389685153961182
5333,RIGHT_EAR,0.239963561296463,0.44406336545944214,-0.25376951694488525
5333,MOUTH_LEFT,0.26246774196624756,0.3791978061199188,-0.32740962505340576
5333,MOUTH_RIGHT,0.2626468539237976,0.4111994504928589,-0.3326208293437958
5333,LEFT_SHOULDER,0.32185831665992737,0.29415348172187805,-0.15383198857307434
5333,RIGHT_SHOULDER,0.29816752672195435,0.5115648508071899,-0.20848742127418518
5333,LEFT_ELBOW,0.4208061695098877,0.27969396114349365,-0.08127112686634064
5333,RIGHT_ELBOW,0.21723084151744843,0.6080079674720764,-0.24790485203266144
5333,LEFT_WRIST,0.5079023241996765,0.2827475368976593,-0.06763102114200592
5333,RIGHT_WRIST,0.11881496012210846,0.6914237141609192,-0.26069873571395874
5333,LEFT_PINKY,0.5393287539482117,0.2787281274795532,-0.07279127091169357
5333,RIGHT_PINKY,0.0920502170920372,0.7258477807044983,-0.2848123013973236
5333,LEFT_INDEX,0.5388060808181763,0.2884407937526703,-0.10641109943389893
5333,RIGHT_INDEX,0.08676581084728241,0.7255104780197144,-0.29841428995132446
5333,LEFT_THUMB,0.5297478437423706,0.29558074474334717,-0.08168081939220428
5333,RIGHT_THUMB,0.09415846318006516,0.7123329043388367,-0.27410298585891724
5333,LEFT_HIP,0.5095116496086121,0.3610101342201233,0.02727363631129265
5333,RIGHT_HIP,0.5083634853363037,0.48377084732055664,-0.027578040957450867
5333,LEFT_KNEE,0.639940619468689,0.3521480858325958,0.11675968021154404
5333,RIGHT_KNEE,0.6398726105690002,0.46990475058555603,0.02669680491089821
5333,LEFT_ANKLE,0.7502545714378357,0.3841010630130768,0.30698609352111816
5333,RIGHT_ANKLE,0.7439890503883362,0.47449883818626404,0.21511539816856384
5333,LEFT_HEEL,0.7681007385253906,0.4043106138706207,0.32126179337501526
5333,RIGHT_HEEL,0.7607593536376953,0.4748188853263855,0.22844931483268738
5333,LEFT_FOOT_INDEX,0.8015909194946289,0.33555424213409424,0.20382383465766907
5333,RIGHT_FOOT_INDEX,0.7943369746208191,0.46704646944999695,0.09323092550039291
5366,NOSE,0.2484390288591385,0.39426007866859436,-0.3737609386444092
5366,LEFT_EYE_INNER,0.23374812304973602,0.3822498023509979,-0.3553241789340973
5366,LEFT_EYE,0.23379114270210266,0.3740234673023224,-0.3553079664707184
5366,LEFT_EYE_OUTER,0.23396091163158417,0.36756232380867004,-0.3553101420402527
5366,RIGHT_EYE_INNER,0.23424871265888214,0.40835148096084595,-0.35828322172164917
5366,RIGHT_EYE,0.23466339707374573,0.41907399892807007,-0.35834842920303345
5366,RIGHT_EYE_OUTER,0.235164612531662,0.42915382981300354,-0.3582334518432617
5366,LEFT_EAR,0.23972392082214355,0.36053118109703064,-0.23454351723194122
5366,RIGHT_EAR,0.2400636374950409,0.4445491433143616,-0.2527521252632141
5366,MOUTH_LEFT,0.26273468136787415,0.38000836968421936,-0.326888769865036
5366,MOUTH_RIGHT,0.26281896233558655,0.4120313823223114,-0.3317059874534607
5366,LEFT_SHOULDER,0.3220796585083008,0.2944639325141907,-0.15596184134483337
5366,RIGHT_SHOULDER,0.29813069105148315,0.5122469663619995,-0.20687897503376007
5366,LEFT_ELBOW,0.4211657643318176,0.2799733579158783,-0.08370307832956314
5366,RIGHT_ELBOW,0.2172902375459671,0.6093838214874268,-0.24187442660331726
5366,LEFT_WRIST,0.5089792013168335,0.28292709589004517,-0.067039355635643
5366,RIGHT_WRIST,0.11881925165653229,0.6927985548973083,-0.25230515003204346
5366,LEFT_PINKY,0.5399130582809448,0.2787491977214813,-0.07198561728000641
5366,RIGHT_PINKY,0.09213332831859589,0.726729691028595,-0.27507349848747253
5366,LEFT_INDEX,0.5394375920295715,0.288446843624115,-0.10547897964715958
5366,RIGHT_INDEX,0.086768239736557,0.7261936664581299,-0.28945857286453247
5366,LEFT_THUMB,0.5304024815559387,0.2956046164035797,-0.08092548698186874
5366,RIGHT_THUMB,0.0941184014081955,0.7134116291999817,-0.2659946084022522
5366,LEFT_HIP,0.5094075202941895,0.36117976903915405,0.026834696531295776
5366,RIGHT_HIP,0.5083436965942383,0.48398512601852417,-0.02714519202709198
5366,LEFT_KNEE,0.6400610208511353,0.3523595631122589,0.11664021015167236
5366,RIGHT_KNEE,0.639883279800415,0.47000852227211,0.026692846789956093
5366,LEFT_ANKLE,0.7506390810012817,0.38410770893096924,0.3032976984977722
5366,RIGHT_ANKLE,0.744030773639679,0.474793016910553,0.21357640624046326
5366,LEFT_HEEL,0.7683822512626648,0.40437695384025574,0.317146360874176
5366,RIGHT_HEEL,0.7608746290206909,0.474997878074646,0.22663669288158417
5366,LEFT_FOOT_INDEX,0.8017169237136841,0.3355116546154022,0.20040234923362732
5366,RIGHT_FOOT_INDEX,0.7943871021270752,0.4689011573791504,0.09231791645288467
5400,NOSE,0.24853205680847168,0.39513128995895386,-0.3646158277988434
5400,LEFT_EYE_INNER,0.23390252888202667,0.3830408751964569,-0.3469787538051605
5400,LEFT_EYE,0.23394694924354553,0.3747023344039917,-0.3469639718532562
5400,LEFT_EYE_OUTER,0.23412537574768066,0.368066668510437,-0.3469622731208801
5400,RIGHT_EYE_INNER,0.23433220386505127,0.40910640358924866,-0.3492298722267151
5400,RIGHT_EYE,0.2347291260957718,0.41973012685775757,-0.34929096698760986
5400,RIGHT_EYE_OUTER,0.2352052628993988,0.4298141896724701,-0.34917375445365906
5400,LEFT_EAR,0.23982059955596924,0.36098477244377136,-0.22956249117851257
5400,RIGHT_EAR,0.24007005989551544,0.4449995756149292,-0.24463219940662384
5400,MOUTH_LEFT,0.26281675696372986,0.380819708108902,-0.31904107332229614
5400,MOUTH_RIGHT,0.2628669738769531,0.41280829906463623,-0.3229343593120575
5400,LEFT_SHOULDER,0.32219162583351135,0.2950481176376343,-0.1540946662425995
5400,RIGHT_SHOULDER,0.2980823516845703,0.5130324363708496,-0.19663174450397491
5400,LEFT_ELBOW,0.4213888645172119,0.2803325653076172,-0.08081226795911789
5400,RIGHT_ELBOW,0.21729335188865662,0.6103593707084656,-0.23000720143318176
5400,LEFT_WRIST,0.5090664625167847,0.28325706720352173,-0.05844173952937126
5400,RIGHT_WRIST,0.11878727376461029,0.6940949559211731,-0.23947803676128387
5400,LEFT_PINKY,0.540028989315033,0.2790084481239319,-0.06219202280044556
5400,RIGHT_PINKY,0.09213687479496002,0.7278621196746826,-0.2613133490085602
5400,LEFT_INDEX,0.5395543575286865,0.2885684370994568,-0.09532852470874786
5400,RIGHT_INDEX,0.0867592841386795,0.7270776629447937,-0.2751850485801697
5400,LEFT_THUMB,0.5304974317550659,0.2958192527294159,-0.07195238769054413
5400,RIGHT_THUMB,0.09399303793907166,0.71454256772995,-0.25294774770736694
5400,LEFT_HIP,0.5092175006866455,0.36118918657302856,0.026653075590729713
5400,RIGHT_HIP,0.508323073387146,0.4840333163738251,-0.026963502168655396
5400,LEFT_KNEE,0.6400647759437561,0.35251477360725403,0.11452740430831909
5400,RIGHT_KNEE,0.6399132609367371,0.4700744152069092,0.0258247759193182
5400,LEFT_ANKLE,0.7506915926933289,0.3841622769832611,0.2967819273471832
5400,RIGHT_ANKLE,0.7441567778587341,0.47496122121810913,0.20779308676719666
5400,LEFT_HEEL,0.7684491276741028,0.4044807553291321,0.31020253896713257
5400,RIGHT_HEEL,0.7610647678375244,0.47512343525886536,0.22035470604896545
5400,LEFT_FOOT_INDEX,0.8017627596855164,0.33551570773124695,0.19447393715381622
5400,RIGHT_FOOT_INDEX,0.7944194078445435,0.46940645575523376,0.08701208233833313
5433,NOSE,0.24860472977161407,0.3960886299610138,-0.35846036672592163
5433,LEFT_EYE_INNER,0.23400306701660156,0.3837791979312897,-0.34168049693107605
5433,LEFT_EYE,0.23404638469219208,0.37536853551864624,-0.3416634798049927
5433,LEFT_EYE_OUTER,0.2342301607131958,0.36857321858406067,-0.3416605591773987
5433,RIGHT_EYE_INNER,0.23437562584877014,0.4099620282649994,-0.34348174929618835
5433,RIGHT_EYE,0.23475930094718933,0.42051392793655396,-0.34354260563850403
5433,RIGHT_EYE_OUTER,0.23521701991558075,0.43064481019973755,-0.3434259593486786
5433,LEFT_EAR,0.23986303806304932,0.36146053671836853,-0.22714367508888245
5433,RIGHT_EAR,0.2400752305984497,0.44552984833717346,-0.24012970924377441
5433,MOUTH_LEFT,0.26286810636520386,0.38172534108161926,-0.31384986639022827
5433,MOUTH_RIGHT,0.26289188861846924,0.41371265053749084,-0.31713780760765076
5433,LEFT_SHOULDER,0.32232412695884705,0.29546570777893066,-0.15397152304649353
5433,RIGHT_SHOULDER,0.2979506850242615,0.5140416622161865,-0.1911623179912567
5433,LEFT_ELBOW,0.4215784966945648,0.28049081563949585,-0.08001400530338287
5433,RIGHT_ELBOW,0.21729198098182678,0.6112430095672607,-0.2238501012325287
5433,LEFT_WRIST,0.5092453956604004,0.2834516763687134,-0.05452730134129524
5433,RIGHT_WRIST,0.1186908707022667,0.6953408718109131,-0.2330317199230194
5433,LEFT_PINKY,0.5401331782341003,0.27909523248672485,-0.05794322490692139
5433,RIGHT_PINKY,0.09213124215602875,0.7287629842758179,-0.2543749213218689
5433,LEFT_INDEX,0.5396779775619507,0.2885754406452179,-0.09080938994884491
5433,RIGHT_INDEX,0.08675162494182587,0.7278394103050232,-0.2683127522468567
5433,LEFT_THUMB,0.5306097269058228,0.29584404826164246,-0.0678202360868454
5433,RIGHT_THUMB,0.09391218423843384,0.7155643701553345,-0.24648573994636536
5433,LEFT_HIP,0.5092096328735352,0.36122509837150574,0.026174083352088928
5433,RIGHT_HIP,0.5083450078964233,0.4841090440750122,-0.026479637250304222
5433,LEFT_KNEE,0.6402208209037781,0.35259759426116943,0.11153975874185562
5433,RIGHT_KNEE,0.6399140954017639,0.47023680806159973,0.02575320564210415
5433,LEFT_ANKLE,0.7508527040481567,0.3842111825942993,0.29177671670913696
5433,RIGHT_ANKLE,0.7439833879470825,0.47542598843574524,0.20633168518543243
5433,LEFT_HEEL,0.7685042023658752,0.4045874774456024,0.30507299304008484
5433,RIGHT_HEEL,0.760881781578064,0.4753037691116333,0.21879740059375763
5433,LEFT_FOOT_INDEX,0.8018770217895508,0.33551347255706787,0.19038914144039154
5433,RIGHT_FOOT_INDEX,0.7944232225418091,0.47123435139656067,0.08641062676906586
5466,NOSE,0.24890665709972382,0.3965763449668884,-0.3580559492111206
5466,LEFT_EYE_INNER,0.2343517541885376,0.3841683566570282,-0.34126588702201843
5466,LEFT_EYE,0.2343965470790863,0.3757328987121582,-0.34125107526779175
5466,LEFT_EYE_OUTER,0.23456940054893494,0.36887699365615845,-0.3412485122680664
5466,RIGHT_EYE_INNER,0.23461835086345673,0.41042670607566833,-0.34311047196388245
5466,RIGHT_EYE,0.23496365547180176,0.4209670126438141,-0.34317144751548767
5466,RIGHT_EYE_OUTER,0.23538418114185333,0.43113818764686584,-0.3430562913417816
5466,LEFT_EAR,0.24007685482501984,0.3618184030056,-0.22682709991931915
5466,RIGHT_EAR,0.24014417827129364,0.4459895193576813,-0.2394992858171463
5466,MOUTH_LEFT,0.26308542490005493,0.3822011351585388,-0.3132696747779846
5466,MOUTH_RIGHT,0.2630308270454407,0.41418540477752686,-0.31657087802886963
5466,LEFT_SHOULDER,0.3224782347679138,0.2957584261894226,-0.1534046232700348
5466,RIGHT_SHOULDER,0.29787659645080566,0.5147459506988525,-0.1896560788154602
5466,LEFT_ELBOW,0.4218176305294037,0.28049173951148987,-0.07986875623464584
5466,RIGHT_ELBOW,0.21728244423866272,0.611621618270874,-0.22195300459861755
5466,LEFT_WRIST,0.5095487236976624,0.28351420164108276,-0.053443022072315216
5466,RIGHT_WRIST,0.11851012706756592,0.6957283616065979,-0.23116736114025116
5466,LEFT_PINKY,0.5403103828430176,0.2791011929512024,-0.0568285770714283
5466,RIGHT_PINKY,0.09196751564741135,0.7291359901428223,-0.2526976466178894
5466,LEFT_INDEX,0.5398479700088501,0.2885509133338928,-0.08963984251022339
5466,RIGHT_INDEX,0.08666856586933136,0.7282835245132446,-0.2666512131690979
5466,LEFT_THUMB,0.5307730436325073,0.2958472967147827,-0.06667889654636383
5466,RIGHT_THUMB,0.09374143928289413,0.7160660028457642,-0.24462315440177917
5466,LEFT_HIP,0.5092061161994934,0.36132511496543884,0.025624793022871017
5466,RIGHT_HIP,0.5083893537521362,0.4843023419380188,-0.02593119442462921
5466,LEFT_KNEE,0.6405918598175049,0.3527570962905884,0.10954910516738892
5466,RIGHT_KNEE,0.6399217247962952,0.47048619389533997,0.02577849291265011
5466,LEFT_ANKLE,0.7511382102966309,0.38421812653541565,0.290321409702301
5466,RIGHT_ANKLE,0.7439136505126953,0.47596490383148193,0.20667889714241028
5466,LEFT_HEEL,0.7685711979866028,0.4046158194541931,0.3037164807319641
5466,RIGHT_HEEL,0.7607948184013367,0.4754806160926819,0.2192445993423462
5466,LEFT_FOOT_INDEX,0.8021082878112793,0.3355496823787689,0.18873409926891327
5466,RIGHT_FOOT_INDEX,0.7944403290748596,0.4729754626750946,0.08677219599485397
5500,NOSE,0.248914435505867,0.3969145119190216,-0.3573366701602936
5500,LEFT_EYE_INNER,0.23437459766864777,0.38425296545028687,-0.34033626317977905
5500,LEFT_EYE,0.2344374656677246,0.3757997751235962,-0.34032467007637024
5500,LEFT_EYE_OUTER,0.2346360981464386,0.36894866824150085,-0.3403218388557434
5500,RIGHT_EYE_INNER,0.23462362587451935,0.410695344209671,-0.3425072729587555
5500,RIGHT_EYE,0.23496969044208527,0.4213046133518219,-0.34256869554519653
5500,RIGHT_EYE_OUTER,0.23538634181022644,0.4315844178199768,-0.34245672821998596
5500,LEFT_EAR,0.24020428955554962,0.3618925213813782,-0.22556641697883606
5500,RIGHT_EAR,0.24015025794506073,0.4464339315891266,-0.23938843607902527
5500,MOUTH_LEFT,0.2631136476993561,0.38247817754745483,-0.31239983439445496
5500,MOUTH_RIGHT,0.26303765177726746,0.41472965478897095,-0.31611499190330505
5500,LEFT_SHOULDER,0.32265156507492065,0.2959504723548889,-0.15269294381141663
5500,RIGHT_SHOULDER,0.2977908253669739,0.5155603885650635,-0.18974147737026215
5500,LEFT_ELBOW,0.42195528745651245,0.2804833650588989,-0.07802022993564606
5500,RIGHT_ELBOW,0.2172251045703888,0.612034022808075,-0.22261938452720642
5500,LEFT_WRIST,0.5098196268081665,0.28354185819625854,-0.05193747952580452
5500,RIGHT_WRIST,0.11829759925603867,0.6961062550544739,-0.23198428750038147
5500,LEFT_PINKY,0.5404720902442932,0.2791053354740143,-0.05533995479345322
5500,RIGHT_PINKY,0.09170689433813095,0.7295094728469849,-0.2540609836578369
5500,LEFT_INDEX,0.5400167107582092,0.2884030342102051,-0.08825671672821045
5500,RIGHT_INDEX,0.08661194145679474,0.7287699580192566,-0.2675742506980896
5500,LEFT_THUMB,0.5309360027313232,0.2957465648651123,-0.06524679064750671
5500,RIGHT_THUMB,0.09361802041530609,0.716579258441925,-0.2452976405620575
5500,LEFT_HIP,0.5093487501144409,0.36159709095954895,0.02529965713620186
5500,RIGHT_HIP,0.5085467100143433,0.48474812507629395,-0.025606894865632057
5500,LEFT_KNEE,0.6413967609405518,0.35309702157974243,0.1095253974199295
5500,RIGHT_KNEE,0.639936089515686,0.4710729718208313,0.028327997773885727
5500,LEFT_ANKLE,0.751398503780365,0.38423237204551697,0.29120519757270813
5500,RIGHT_ANKLE,0.7436732053756714,0.4768825173377991,0.21448171138763428
5500,LEFT_HEEL,0.7685786485671997,0.404645711183548,0.30478355288505554
5500,RIGHT_HEEL,0.7602280378341675,0.4757594168186188,0.22765807807445526
5500,LEFT_FOOT_INDEX,0.80238276720047,0.33563074469566345,0.18941214680671692
5500,RIGHT_FOOT_INDEX,0.7945754528045654,0.4745047986507416,0.0957069844007492
5533,NOSE,0.24883773922920227,0.397319495677948,-0.35188812017440796
5533,LEFT_EYE_INNER,0.23431316018104553,0.3843567669391632,-0.3344044089317322
5533,LEFT_EYE,0.23440086841583252,0.3758871853351593,-0.3343934118747711
5533,LEFT_EYE_OUTER,0.2346247136592865,0.36903759837150574,-0.33439069986343384
5533,RIGHT_EYE_INNER,0.23451881110668182,0.4109923541545868,-0.3370445966720581
5533,RIGHT_EYE,0.2348688840866089,0.42169544100761414,-0.3371046483516693
5533,RIGHT_EYE_OUTER,0.23526521027088165,0.43211767077445984,-0.3369940221309662
5533,LEFT_EAR,0.2402379959821701,0.36195605993270874,-0.2182600051164627
5533,RIGHT_EAR,0.24010348320007324,0.4468625783920288,-0.2346983402967453
5533,MOUTH_LEFT,0.263114869594574,0.38284188508987427,-0.30677860975265503
5533,MOUTH_RIGHT,0.2630310654640198,0.4153622090816498,-0.31113192439079285
5533,LEFT_SHOULDER,0.3228377103805542,0.2961874306201935,-0.1439339816570282
5533,RIGHT_SHOULDER,0.29773783683776855,0.5161158442497253,-0.18804726004600525
5533,LEFT_ELBOW,0.42212605476379395,0.28048595786094666,-0.06885839998722076
5533,RIGHT_ELBOW,0.21714213490486145,0.6123082637786865,-0.22299928963184357
5533,LEFT_WRIST,0.5102394223213196,0.28358858823776245,-0.047540802508592606
5533,RIGHT_WRIST,0.11818921566009521,0.6965429782867432,-0.23347023129463196
5533,LEFT_PINKY,0.5407429933547974,0.2790953814983368,-0.05128590390086174
5533,RIGHT_PINKY,0.09163005650043488,0.7298815250396729,-0.2557758688926697
5533,LEFT_INDEX,0.540270209312439,0.28824812173843384,-0.08488018810749054
5533,RIGHT_INDEX,0.08659569919109344,0.7292764186859131,-0.26923152804374695
5533,LEFT_THUMB,0.5312017202377319,0.29563596844673157,-0.06127021461725235
5533,RIGHT_THUMB,0.09356625378131866,0.7171669006347656,-0.24674157798290253
5533,LEFT_HIP,0.5097059011459351,0.36185020208358765,0.025568347424268723
5533,RIGHT_HIP,0.5088058114051819,0.48517629504203796,-0.025872161611914635
5533,LEFT_KNEE,0.6423288583755493,0.35331544280052185,0.11087150871753693
5533,RIGHT_KNEE,0.6400096416473389,0.4714818298816681,0.027883049100637436
5533,LEFT_ANKLE,0.7516487240791321,0.3843337297439575,0.29558056592941284
5533,RIGHT_ANKLE,0.7436929941177368,0.47809165716171265,0.21402040123939514
5533,LEFT_HEEL,0.768699049949646,0.40488654375076294,0.30944472551345825
5533,RIGHT_HEEL,0.7603073120117188,0.4768286943435669,0.22715981304645538
5533,LEFT_FOOT_INDEX,0.8024744987487793,0.33563199639320374,0.19516310095787048
5533,RIGHT_FOOT_INDEX,0.7947518825531006,0.47582727670669556,0.09493309259414673
5566,NOSE,0.24882331490516663,0.3980875313282013,-0.3518774211406708
5566,LEFT_EYE_INNER,0.2342902421951294,0.38480275869369507,-0.33412542939186096
5566,LEFT_EYE,0.2343888282775879,0.37626078724861145,-0.33411404490470886
5566,LEFT_EYE_OUTER,0.23462414741516113,0.36932018399238586,-0.3341139853000641
5566,RIGHT_EYE_INNER,0.23447711765766144,0.4117034375667572,-0.3369392156600952
5566,RIGHT_EYE,0.23483291268348694,0.4224359393119812,-0.336999773979187
5566,RIGHT_EYE_OUTER,0.2352292537689209,0.43298056721687317,-0.3368889093399048
5566,LEFT_EAR,0.2402978241443634,0.3621852993965149,-0.21687427163124084
5566,RIGHT_EAR,0.2401033341884613,0.4473371207714081,-0.2341768443584442
5566,MOUTH_LEFT,0.26312828063964844,0.3833690583705902,-0.30648210644721985
5566,MOUTH_RIGHT,0.26303547620773315,0.4162379801273346,-0.31103307008743286
5566,LEFT_SHOULDER,0.32294028997421265,0.29663291573524475,-0.14135441184043884
5566,RIGHT_SHOULDER,0.29773420095443726,0.5166506171226501,-0.18843474984169006
5566,LEFT_ELBOW,0.4221354126930237,0.2805526852607727,-0.06750433146953583
5566,RIGHT_ELBOW,0.2171047031879425,0.612500786781311,-0.2232530564069748
5566,LEFT_WRIST,0.5102460384368896,0.28366392850875854,-0.047967880964279175
5566,RIGHT_WRIST,0.11817065626382828,0.6968584060668945,-0.23780886828899384
5566,LEFT_PINKY,0.5407501459121704,0.2790985405445099,-0.05155345797538757
5566,RIGHT_PINKY,0.09164305031299591,0.730349063873291,-0.26226669549942017
5566,LEFT_INDEX,0.5402708649635315,0.2882325351238251,-0.08554540574550629
5566,RIGHT_INDEX,0.08659715205430984,0.7298569679260254,-0.2749655246734619
5566,LEFT_THUMB,0.5312021970748901,0.2956314980983734,-0.06145062297582626
5566,RIGHT_THUMB,0.09356294572353363,0.7176838517189026,-0.2509981393814087
5566,LEFT_HIP,0.5101754665374756,0.36196330189704895,0.025769555941224098
5566,RIGHT_HIP,0.5090890526771545,0.48550477623939514,-0.026070620864629745
5566,LEFT_KNEE,0.6429990530014038,0.35349759459495544,0.1152113676071167
5566,RIGHT_KNEE,0.6401851177215576,0.4715955853462219,0.02849350869655609
5566,LEFT_ANKLE,0.75169837474823,0.38436776399612427,0.3068004548549652
5566,RIGHT_ANKLE,0.7436808943748474,0.4791663587093353,0.21808841824531555
5566,LEFT_HEEL,0.7686913013458252,0.40501081943511963,0.32129114866256714
5566,RIGHT_HEEL,0.760186493396759,0.4778138995170593,0.23158976435661316
5566,LEFT_FOOT_INDEX,0.8025645017623901,0.3356693983078003,0.20564205944538116
5566,RIGHT_FOOT_INDEX,0.7948460578918457,0.4762480556964874,0.09780441224575043
5600,NOSE,0.24882738292217255,0.39845457673072815,-0.3469708561897278
5600,LEFT_EYE_INNER,0.2342868149280548,0.38515228033065796,-0.3286287188529968
5600,LEFT_EYE,0.23438701033592224,0.37656712532043457,-0.3286195695400238
5600,LEFT_EYE_OUTER,0.23462510108947754,0.3695802390575409,-0.3286239206790924
5600,RIGHT_EYE_INNER,0.23447470366954803,0.4121563732624054,-0.3320915400981903
5600,RIGHT_EYE,0.23483356833457947,0.4228999614715576,-0.33214834332466125
5600,RIGHT_EYE_OUTER,0.2352309226989746,0.43351495265960693,-0.33203184604644775
5600,LEFT_EAR,0.24033813178539276,0.362554669380188,-0.2094278335571289
5600,RIGHT_EAR,0.24012312293052673,0.44784775376319885,-0.22957029938697815
5600,MOUTH_LEFT,0.2631770074367523,0.3836183249950409,-0.30103498697280884
5600,MOUTH_RIGHT,0.2630819082260132,0.41669654846191406,-0.30635833740234375
5600,LEFT_SHOULDER,0.32294726371765137,0.2975054085254669,-0.13283100724220276
5600,RIGHT_SHOULDER,0.2977408766746521,0.5170345306396484,-0.1869751214981079
5600,LEFT_ELBOW,0.4218939244747162,0.28093916177749634,-0.061667222529649734
5600,RIGHT_ELBOW,0.21702735126018524,0.6125682592391968,-0.22388842701911926
5600,LEFT_WRIST,0.5099995732307434,0.28370699286460876,-0.04856371507048607
5600,RIGHT_WRIST,0.11814840883016586,0.6971269845962524,-0.24728162586688995
5600,LEFT_PINKY,0.5407425165176392,0.2791386842727661,-0.05215710401535034
5600,RIGHT_PINKY,0.09167084097862244,0.7311922907829285,-0.2735755145549774
5600,LEFT_INDEX,0.5402417182922363,0.2883570194244385,-0.08593209087848663
5600,RIGHT_INDEX,0.08661268651485443,0.7309544086456299,-0.28536832332611084
5600,LEFT_THUMB,0.5311506986618042,0.29577890038490295,-0.062115926295518875
5600,RIGHT_THUMB,0.09356624633073807,0.7184137105941772,-0.26027190685272217
5600,LEFT_HIP,0.5104790329933167,0.36202067136764526,0.02634124830365181
5600,RIGHT_HIP,0.5093261003494263,0.48563405871391296,-0.026635318994522095
5600,LEFT_KNEE,0.6431440114974976,0.3533298969268799,0.1160571426153183
5600,RIGHT_KNEE,0.6401941180229187,0.4716064929962158,0.028473174199461937
5600,LEFT_ANKLE,0.7516964673995972,0.3843788504600525,0.30783137679100037
5600,RIGHT_ANKLE,0.7435502409934998,0.4797345995903015,0.21835219860076904
5600,LEFT_HEEL,0.7686017155647278,0.40506070852279663,0.32224729657173157
5600,RIGHT_HEEL,0.7598245143890381,0.47847288846969604,0.231913760304451
5600,LEFT_FOOT_INDEX,0.8025850057601929,0.3356514871120453,0.2060766965150833
5600,RIGHT_FOOT_INDEX,0.7948753237724304,0.4761040210723877,0.0978441908955574
5633,NOSE,0.2490294873714447,0.3985997140407562,-0.35125476121902466
5633,LEFT_EYE_INNER,0.23443372547626495,0.3853888511657715,-0.3325149118900299
5633,LEFT_EYE,0.2345396727323532,0.37680426239967346,-0.3325054943561554
5633,LEFT_EYE_OUTER,0.23478171229362488,0.36980441212654114,-0.3325127959251404
5633,RIGHT_EYE_INNER,0.23460796475410461,0.4123589098453522,-0.33617934584617615
5633,RIGHT_EYE,0.23497049510478973,0.4231089651584625,-0.3362340033054352
5633,RIGHT_EYE_OUTER,0.235377699136734,0.43375054001808167,-0.336114764213562
5633,LEFT_EAR,0.2404978722333908,0.3629482388496399,-0.20989708602428436
5633,RIGHT_EAR,0.24028447270393372,0.44824472069740295,-0.2309676706790924
5633,MOUTH_LEFT,0.2634112238883972,0.3837314546108246,-0.30396294593811035
5633,MOUTH_RIGHT,0.2632835805416107,0.41688790917396545,-0.30950266122817993
5633,LEFT_SHOULDER,0.3229350447654724,0.29833632707595825,-0.13425882160663605
5633,RIGHT_SHOULDER,0.2977381944656372,0.5175179243087769,-0.18926280736923218
5633,LEFT_ELBOW,0.4216057360172272,0.28140702843666077,-0.06378304213285446
5633,RIGHT_ELBOW,0.21676194667816162,0.6127440333366394,-0.23054926097393036
5633,LEFT_WRIST,0.5096232295036316,0.2839244306087494,-0.06312324106693268
5633,RIGHT_WRIST,0.11795972287654877,0.6976889967918396,-0.25848668813705444
5633,LEFT_PINKY,0.5407213568687439,0.279541552066803,-0.06993836164474487
5633,RIGHT_PINKY,0.09160877764225006,0.7331810593605042,-0.28602659702301025
5633,LEFT_INDEX,0.5401803255081177,0.28914308547973633,-0.10442473739385605
5633,RIGHT_INDEX,0.08655530959367752,0.7329709529876709,-0.29877814650535583
5633,LEFT_THUMB,0.5310694575309753,0.29660990834236145,-0.07769966125488281
5633,RIGHT_THUMB,0.09349346160888672,0.7195374965667725,-0.2718706429004669
5633,LEFT_HIP,0.5106296539306641,0.3622758686542511,0.02673194371163845
5633,RIGHT_HIP,0.5093904733657837,0.48611879348754883,-0.027021702378988266
5633,LEFT_KNEE,0.6431804895401001,0.3530874252319336,0.11574061959981918
5633,RIGHT_KNEE,0.6401969194412231,0.4716795086860657,0.028118714690208435
5633,LEFT_ANKLE,0.7515984773635864,0.38442960381507874,0.3137272000312805
5633,RIGHT_ANKLE,0.743407130241394,0.4802137017250061,0.22243952751159668
5633,LEFT_HEEL,0.7684261202812195,0.40527644753456116,0.32892435789108276
5633,RIGHT_HEEL,0.7594889402389526,0.4789471924304962,0.23666103184223175
5633,LEFT_FOOT_INDEX,0.802611231803894,0.3356507122516632,0.2103247344493866
5633,RIGHT_FOOT_INDEX,0.7950049638748169,0.47601789236068726,0.10036692768335342
5666,NOSE,0.24908609688282013,0.39860281348228455,-0.3514040410518646
5666,LEFT_EYE_INNER,0.2344808578491211,0.3854207694530487,-0.33249348402023315
5666,LEFT_EYE,0.23460018634796143,0.3768521249294281,-0.33248552680015564
5666,LEFT_EYE_OUTER,0.23485438525676727,0.36989063024520874,-0.33249208331108093
5666,RIGHT_EYE_INNER,0.23463758826255798,0.4123663604259491,-0.3360758125782013
5666,RIGHT_EYE,0.23499980568885803,0.4231257140636444,-0.33612972497940063
5666,RIGHT_EYE_OUTER,0.2354079931974411,0.4337746500968933,-0.336009681224823
5666,LEFT_EAR,0.24061648547649384,0.36323580145835876,-0.20960798859596252
5666,RIGHT_EAR,0.24033856391906738,0.4485340118408203,-0.2301759421825409
5666,MOUTH_LEFT,0.2635234594345093,0.3837493062019348,-0.3041156530380249
5666,MOUTH_RIGHT,0.26335474848747253,0.4169192910194397,-0.30956241488456726
5666,LEFT_SHOULDER,0.3229391276836395,0.2990760803222656,-0.1329481303691864
5666,RIGHT_SHOULDER,0.2977355420589447,0.5181604027748108,-0.18800018727779388
5666,LEFT_ELBOW,0.42148733139038086,0.2817583978176117,-0.06219908595085144
5666,RIGHT_ELBOW,0.21657872200012207,0.6129568815231323,-0.2296207696199417
5666,LEFT_WRIST,0.5095123648643494,0.28418904542922974,-0.0628557950258255
5666,RIGHT_WRIST,0.11786707490682602,0.6986032128334045,-0.2562038004398346
5666,LEFT_PINKY,0.540725827217102,0.2798477113246918,-0.06853831559419632
5666,RIGHT_PINKY,0.09156481921672821,0.7351542711257935,-0.2826983630657196
5666,LEFT_INDEX,0.5401765704154968,0.2896474301815033,-0.10272698104381561
5666,RIGHT_INDEX,0.08652930706739426,0.734794557094574,-0.29555806517601013
5666,LEFT_THUMB,0.531063437461853,0.2971496284008026,-0.0770149827003479
5666,RIGHT_THUMB,0.09345339238643646,0.7208402156829834,-0.26948919892311096
5666,LEFT_HIP,0.5109812617301941,0.36271706223487854,0.02738480269908905
5666,RIGHT_HIP,0.5096065998077393,0.48677152395248413,-0.02767135761678219
5666,LEFT_KNEE,0.6436076164245605,0.35298389196395874,0.11561423540115356
5666,RIGHT_KNEE,0.6406199336051941,0.4722015857696533,0.028073852881789207
5666,LEFT_ANKLE,0.7514470815658569,0.3846146762371063,0.3221431076526642
5666,RIGHT_ANKLE,0.743323028087616,0.4807452857494354,0.23069369792938232
5666,LEFT_HEEL,0.7680656909942627,0.40540406107902527,0.33828824758529663
5666,RIGHT_HEEL,0.7588010430335999,0.4793694317340851,0.24590106308460236
5666,LEFT_FOOT_INDEX,0.8026341199874878,0.3356964886188507,0.21980753540992737
5666,RIGHT_FOOT_INDEX,0.7953822016716003,0.47598156332969666,0.10897137969732285
5700,NOSE,0.24907545745372772,0.39862391352653503,-0.3497715890407562
5700,LEFT_EYE_INNER,0.23446503281593323,0.3854866921901703,-0.3304665684700012
5700,LEFT_EYE,0.2345903366804123,0.3769400417804718,-0.33046281337738037
5700,LEFT_EYE_OUTER,0.2348514050245285,0.3700144588947296,-0.3304693102836609
5700,RIGHT_EYE_INNER,0.2346220314502716,0.4124171733856201,-0.3342115879058838
5700,RIGHT_EYE,0.2349913865327835,0.4232001006603241,-0.33426377177238464
5700,RIGHT_EYE_OUTER,0.2354021817445755,0.4338668882846832,-0.33414244651794434
5700,LEFT_EAR,0.24062418937683105,0.36351877450942993,-0.20695964992046356
5700,RIGHT_EAR,0.24034340679645538,0.44882240891456604,-0.22820957005023956
5700,MOUTH_LEFT,0.26352936029434204,0.38379621505737305,-0.3023224472999573
5700,MOUTH_RIGHT,0.2633630335330963,0.41698023676872253,-0.30799034237861633
5700,LEFT_SHOULDER,0.3229514956474304,0.29948025941848755,-0.12952551245689392
5700,RIGHT_SHOULDER,0.2977331578731537,0.5187274217605591,-0.18645967543125153
5700,LEFT_ELBOW,0.4214198589324951,0.28178679943084717,-0.05803169682621956
5700,RIGHT_ELBOW,0.21652045845985413,0.6130516529083252,-0.22924542427062988
5700,LEFT_WRIST,0.5094534754753113,0.2842375934123993,-0.05813087150454521
5700,RIGHT_WRIST,0.11780495941638947,0.6991809010505676,-0.2553102374076843
5700,LEFT_PINKY,0.5407410860061646,0.27985313534736633,-0.06493969261646271
5700,RIGHT_PINKY,0.09154629707336426,0.7364814877510071,-0.28224456310272217
5700,LEFT_INDEX,0.5401738286018372,0.2897273302078247,-0.09996752440929413
5700,RIGHT_INDEX,0.08651180565357208,0.7359896898269653,-0.29505640268325806
5700,LEFT_THUMB,0.5310622453689575,0.2972669303417206,-0.07289667427539825
5700,RIGHT_THUMB,0.09341581910848618,0.7216818332672119,-0.26870983839035034
5700,LEFT_HIP,0.5113402605056763,0.3630717396736145,0.02796107903122902
5700,RIGHT_HIP,0.5097641944885254,0.48741719126701355,-0.02824636921286583
5700,LEFT_KNEE,0.6440581679344177,0.352982759475708,0.11523953825235367
5700,RIGHT_KNEE,0.6411085724830627,0.47260966897010803,0.028035560622811317
5700,LEFT_ANKLE,0.7514475584030151,0.38462701439857483,0.32210952043533325
5700,RIGHT_ANKLE,0.7433006763458252,0.4807548522949219,0.23484177887439728
5700,LEFT_HEEL,0.767996072769165,0.4054208993911743,0.3382805287837982
5700,RIGHT_HEEL,0.7584772109985352,0.4793442487716675,0.25042325258255005
5700,LEFT_FOOT_INDEX,0.8027442693710327,0.3356938362121582,0.21976706385612488
5700,RIGHT_FOOT_INDEX,0.7958547472953796,0.475429505109787,0.11362697184085846
5733,NOSE,0.24903492629528046,0.39858946204185486,-0.34312379360198975
5733,LEFT_EYE_INNER,0.2344048023223877,0.38548457622528076,-0.3232545554637909
5733,LEFT_EYE,0.2345438003540039,0.37695232033729553,-0.3232562839984894
5733,LEFT_EYE_OUTER,0.23481878638267517,0.3700304627418518,-0.32326221466064453
5733,RIGHT_EYE_INNER,0.23456509411334991,0.412414014339447,-0.3276134729385376
5733,RIGHT_EYE,0.23494625091552734,0.4232043921947479,-0.327663779258728
5733,RIGHT_EYE_OUTER,0.23535819351673126,0.4338816702365875,-0.32753923535346985
5733,LEFT_EAR,0.24062776565551758,0.3636583983898163,-0.19905772805213928
5733,RIGHT_EAR,0.24033573269844055,0.4490066170692444,-0.22303619980812073
5733,MOUTH_LEFT,0.2635323703289032,0.38380101323127747,-0.29549771547317505
5733,MOUTH_RIGHT,0.26336297392845154,0.4169824421405792,-0.3019874691963196
5733,LEFT_SHOULDER,0.3229888379573822,0.29979848861694336,-0.12147267907857895
5733,RIGHT_SHOULDER,0.29773086309432983,0.5192286372184753,-0.18322810530662537
5733,LEFT_ELBOW,0.4214230477809906,0.28182217478752136,-0.05006062239408493
5733,RIGHT_ELBOW,0.21643778681755066,0.6131859421730042,-0.2288331240415573
5733,LEFT_WRIST,0.5094680190086365,0.28426262736320496,-0.04905791953206062
5733,RIGHT_WRIST,0.11779723316431046,0.6997833251953125,-0.2557307183742523
5733,LEFT_PINKY,0.5408438444137573,0.27984750270843506,-0.0555877760052681
5733,RIGHT_PINKY,0.09154442697763443,0.737520694732666,-0.2830808758735657
5733,LEFT_INDEX,0.5402013659477234,0.28973662853240967,-0.09093371033668518
5733,RIGHT_INDEX,0.08650995790958405,0.7369049787521362,-0.29514721035957336
5733,LEFT_THUMB,0.5311072468757629,0.2972849905490875,-0.06404536217451096
5733,RIGHT_THUMB,0.09340965002775192,0.7224392294883728,-0.26894569396972656
5733,LEFT_HIP,0.5117148160934448,0.3633591830730438,0.02910705842077732
5733,RIGHT_HIP,0.5099688172340393,0.48791125416755676,-0.02939070388674736
5733,LEFT_KNEE,0.6446710228919983,0.3529873192310333,0.11353131383657455
5733,RIGHT_KNEE,0.6416026949882507,0.47278496623039246,0.025826603174209595
5733,LEFT_ANKLE,0.7515628337860107,0.38463860750198364,0.3196820616722107
5733,RIGHT_ANKLE,0.743205726146698,0.48082274198532104,0.2323099672794342
5733,LEFT_HEEL,0.7680073380470276,0.40543442964553833,0.3355192244052887
5733,RIGHT_HEEL,0.7579203248023987,0.479353666305542,0.24744048714637756
5733,LEFT_FOOT_INDEX,0.8030999302864075,0.33569368720054626,0.21794144809246063
5733,RIGHT_FOOT_INDEX,0.7961059808731079,0.4751380383968353,0.11153687536716461
5766,NOSE,0.24895784258842468,0.39853739738464355,-0.3441242575645447
5766,LEFT_EYE_INNER,0.2343095988035202,0.3854791522026062,-0.32424813508987427
5766,LEFT_EYE,0.23445308208465576,0.3769627511501312,-0.32424914836883545
5766,LEFT_EYE_OUTER,0.23473601043224335,0.37004461884498596,-0.32425498962402344
5766,RIGHT_EYE_INNER,0.23450465500354767,0.41241443157196045,-0.32864609360694885
5766,RIGHT_EYE,0.23490524291992188,0.42321890592575073,-0.32869863510131836
5766,RIGHT_EYE_OUTER,0.2353249043226242,0.43391701579093933,-0.32857587933540344
5766,LEFT_EAR,0.24059097468852997,0.36375123262405396,-0.19943168759346008
5766,RIGHT_EAR,0.2403382807970047,0.4492078125476837,-0.22399063408374786
5766,MOUTH_LEFT,0.26350852847099304,0.38378778100013733,-0.2963811755180359
5766,MOUTH_RIGHT,0.2633517384529114,0.41696667671203613,-0.3029375672340393
5766,LEFT_SHOULDER,0.3230322003364563,0.3001098930835724,-0.12040956318378448
5766,RIGHT_SHOULDER,0.29773274064064026,0.5196124911308289,-0.18329282104969025
5766,LEFT_ELBOW,0.42142176628112793,0.2819884419441223,-0.05012182146310806
5766,RIGHT_ELBOW,0.21640320122241974,0.6134136319160461,-0.2394203394651413
5766,LEFT_WRIST,0.5094672441482544,0.2843434512615204,-0.04915204271674156
5766,RIGHT_WRIST,0.11777357757091522,0.7004305124282837,-0.2787195146083832
5766,LEFT_PINKY,0.540877640247345,0.2798565626144409,-0.0556207075715065
5766,RIGHT_PINKY,0.09147903323173523,0.7381362915039062,-0.3084701895713806
5766,LEFT_INDEX,0.5402050018310547,0.289779931306839,-0.09094192832708359
5766,RIGHT_INDEX,0.08645986020565033,0.7374042272567749,-0.31907546520233154
5766,LEFT_THUMB,0.5311193466186523,0.29734572768211365,-0.06414036452770233
5766,RIGHT_THUMB,0.09334535896778107,0.7230333089828491,-0.29167118668556213
5766,LEFT_HIP,0.5120364427566528,0.3639184832572937,0.03061867319047451
5766,RIGHT_HIP,0.510088324546814,0.4884136915206909,-0.030904490500688553
5766,LEFT_KNEE,0.6447541117668152,0.35307037830352783,0.11364008486270905
5766,RIGHT_KNEE,0.6416948437690735,0.4729595482349396,0.02467343769967556
5766,LEFT_ANKLE,0.7515642642974854,0.3846490979194641,0.3210950493812561
5766,RIGHT_ANKLE,0.7431265115737915,0.48081615567207336,0.23136726021766663
5766,LEFT_HEEL,0.7679897546768188,0.40544652938842773,0.3370928168296814
5766,RIGHT_HEEL,0.7575348615646362,0.47934743762016296,0.24656987190246582
5766,LEFT_FOOT_INDEX,0.8032439351081848,0.3357093930244446,0.22022251784801483
5766,RIGHT_FOOT_INDEX,0.7961748242378235,0.47376665472984314,0.1109025627374649
5800,NOSE,0.24896016716957092,0.3984614908695221,-0.34344783425331116
5800,LEFT_EYE_INNER,0.23431015014648438,0.38544681668281555,-0.3234991133213043
5800,LEFT_EYE,0.23445498943328857,0.37695997953414917,-0.3234997093677521
5800,LEFT_EYE_OUTER,0.23473922908306122,0.3700634837150574,-0.32350876927375793
5800,RIGHT_EYE_INNER,0.2345060110092163,0.4123953878879547,-0.32812362909317017
5800,RIGHT_EYE,0.23490746319293976,0.4232233166694641,-0.32817667722702026
5800,RIGHT_EYE_OUTER,0.23532631993293762,0.43392229080200195,-0.32805266976356506
5800,LEFT_EAR,0.2405938357114792,0.3637884259223938,-0.1981651335954666
5800,RIGHT_EAR,0.24034316837787628,0.44934695959091187,-0.22359952330589294
5800,MOUTH_LEFT,0.2635297179222107,0.38375094532966614,-0.2954251170158386
5800,MOUTH_RIGHT,0.2633742094039917,0.4169519245624542,-0.30228835344314575
5800,LEFT_SHOULDER,0.3230680823326111,0.30041003227233887,-0.1185053363442421
5800,RIGHT_SHOULDER,0.2977381944656372,0.5198416113853455,-0.1837441772222519
5800,LEFT_ELBOW,0.4213854670524597,0.282380074262619,-0.04839107021689415
5800,RIGHT_ELBOW,0.21639220416545868,0.6138652563095093,-0.24368909001350403
5800,LEFT_WRIST,0.5094394683837891,0.2845306992530823,-0.047137051820755005
5800,RIGHT_WRIST,0.11776860803365707,0.7009532451629639,-0.2870527505874634
5800,LEFT_PINKY,0.5408793687820435,0.2799687385559082,-0.053392212837934494
5800,RIGHT_PINKY,0.09146604686975479,0.7385382056236267,-0.31714481115341187
5800,LEFT_INDEX,0.5401903390884399,0.2898516356945038,-0.08856316655874252
5800,RIGHT_INDEX,0.08645280450582504,0.7377203106880188,-0.3273627460002899
5800,LEFT_THUMB,0.5311123132705688,0.2974247634410858,-0.0621333047747612
5800,RIGHT_THUMB,0.09332920610904694,0.7234930396080017,-0.3000156581401825
5800,LEFT_HIP,0.5122394561767578,0.3642786145210266,0.03139287978410721
5800,RIGHT_HIP,0.510161280632019,0.48860520124435425,-0.03167685493826866
5800,LEFT_KNEE,0.6447005867958069,0.353135347366333,0.11582483351230621
5800,RIGHT_KNEE,0.6416803598403931,0.4731336236000061,0.024685939773917198
5800,LEFT_ANKLE,0.7515679597854614,0.3847489356994629,0.3205886483192444
5800,RIGHT_ANKLE,0.7430128455162048,0.4807218015193939,0.23052501678466797
5800,LEFT_HEEL,0.7680379152297974,0.4054659605026245,0.33629292249679565
5800,RIGHT_HEEL,0.7574053406715393,0.4793289303779602,0.24559736251831055
5800,LEFT_FOOT_INDEX,0.8032878637313843,0.3357861042022705,0.21942026913166046
5800,RIGHT_FOOT_INDEX,0.7961456179618835,0.47177091240882874,0.11010156571865082
5833,NOSE,0.2489577829837799,0.39836201071739197,-0.34266021847724915
5833,LEFT_EYE_INNER,0.23430851101875305,0.3853958249092102,-0.322736531496048
5833,LEFT_EYE,0.2344549000263214,0.3769453763961792,-0.3227365016937256
5833,LEFT_EYE_OUTER,0.23473985493183136,0.3700809180736542,-0.3227473497390747
5833,RIGHT_EYE_INNER,0.23450005054473877,0.4123581051826477,-0.3274014890193939
5833,RIGHT_EYE,0.2348995953798294,0.4232233166694641,-0.32745450735092163
5833,RIGHT_EYE_OUTER,0.23531262576580048,0.4339263439178467,-0.3273293077945709
5833,LEFT_EAR,0.24059537053108215,0.3638368248939514,-0.19727680087089539
5833,RIGHT_EAR,0.24033117294311523,0.4494953453540802,-0.22279450297355652
5833,MOUTH_LEFT,0.2635364830493927,0.38371846079826355,-0.2945249080657959
5833,MOUTH_RIGHT,0.26337993144989014,0.4169424772262573,-0.30145347118377686
5833,LEFT_SHOULDER,0.32309409976005554,0.3007572591304779,-0.11756853759288788
5833,RIGHT_SHOULDER,0.2977375388145447,0.5201400518417358,-0.18375883996486664
5833,LEFT_ELBOW,0.421312153339386,0.28293412923812866,-0.04670065641403198
5833,RIGHT_ELBOW,0.21636934578418732,0.6142221093177795,-0.24493208527565002
5833,LEFT_WRIST,0.509419322013855,0.28504979610443115,-0.044104333966970444
5833,RIGHT_WRIST,0.11777319759130478,0.7014768719673157,-0.2900069057941437
5833,LEFT_PINKY,0.5408867597579956,0.2804790735244751,-0.050178028643131256
5833,RIGHT_PINKY,0.09145768731832504,0.7388824224472046,-0.3202977776527405
5833,LEFT_INDEX,0.5401901006698608,0.29041531682014465,-0.08510901033878326
5833,RIGHT_INDEX,0.08644897490739822,0.7380043864250183,-0.3305099904537201
5833,LEFT_THUMB,0.5311128497123718,0.29805517196655273,-0.059009213000535965
5833,RIGHT_THUMB,0.09332271665334702,0.7239508628845215,-0.30308592319488525
5833,LEFT_HIP,0.5125364065170288,0.36478912830352783,0.03181614354252815
5833,RIGHT_HIP,0.5102593302726746,0.4889410734176636,-0.03209897130727768
5833,LEFT_KNEE,0.6446831226348877,0.35319778323173523,0.11649986356496811
5833,RIGHT_KNEE,0.6416520476341248,0.4733950197696686,0.02479659765958786
5833,LEFT_ANKLE,0.7515680193901062,0.38492894172668457,0.3213651776313782
5833,RIGHT_ANKLE,0.7427191734313965,0.48071300983428955,0.2319425791501999
5833,LEFT_HEEL,0.7680569887161255,0.4055485725402832,0.33708977699279785
5833,RIGHT_HEEL,0.757066011428833,0.47933077812194824,0.24728217720985413
5833,LEFT_FOOT_INDEX,0.8033103942871094,0.33588117361068726,0.220144122838974
5833,RIGHT_FOOT_INDEX,0.7960962057113647,0.4712567925453186,0.11176583915948868
5866,NOSE,0.2489582747220993,0.3982546031475067,-0.3421599268913269
5866,LEFT_EYE_INNER,0.2343108206987381,0.3853268027305603,-0.3222882151603699
5866,LEFT_EYE,0.23446373641490936,0.37691637873649597,-0.32228806614875793
5866,LEFT_EYE_OUTER,0.23475341498851776,0.37009578943252563,-0.32229945063591003
5866,RIGHT_EYE_INNER,0.23449528217315674,0.41232118010520935,-0.3267963230609894
5866,RIGHT_EYE,0.23488926887512207,0.4232245683670044,-0.3268492817878723
5866,RIGHT_EYE_OUTER,0.23529204726219177,0.4339371919631958,-0.3267228901386261
5866,LEFT_EAR,0.24060103297233582,0.363870233297348,-0.19726145267486572
5866,RIGHT_EAR,0.24030640721321106,0.44966796040534973,-0.2219536304473877
5866,MOUTH_LEFT,0.2635558545589447,0.38367682695388794,-0.2942007780075073
5866,MOUTH_RIGHT,0.2633921504020691,0.41693708300590515,-0.3009074628353119
5866,LEFT_SHOULDER,0.3231106698513031,0.3009752929210663,-0.11850406229496002
5866,RIGHT_SHOULDER,0.2977367043495178,0.5203290581703186,-0.18320192396640778
5866,LEFT_ELBOW,0.42125970125198364,0.28323477506637573,-0.04805323854088783
5866,RIGHT_ELBOW,0.2163347452878952,0.6145983338356018,-0.24359266459941864
5866,LEFT_WRIST,0.5094091892242432,0.28551173210144043,-0.04462113603949547
5866,RIGHT_WRIST,0.11777129024267197,0.7019723057746887,-0.28371503949165344
5866,LEFT_PINKY,0.5409099459648132,0.28088727593421936,-0.05038515850901604
5866,RIGHT_PINKY,0.09141461551189423,0.7391457557678223,-0.31322985887527466
5866,LEFT_INDEX,0.5401943325996399,0.2909608781337738,-0.08541132509708405
5866,RIGHT_INDEX,0.0864330530166626,0.7382687926292419,-0.32395070791244507
5866,LEFT_THUMB,0.5311155319213867,0.29871001839637756,-0.059476226568222046
5866,RIGHT_THUMB,0.09330764412879944,0.7243813276290894,-0.2968882918357849
5866,LEFT_HIP,0.5130634903907776,0.365092009305954,0.031792283058166504
5866,RIGHT_HIP,0.5103799700737,0.4890963137149811,-0.03207414969801903
5866,LEFT_KNEE,0.6446610689163208,0.3533450961112976,0.11638935655355453
5866,RIGHT_KNEE,0.6414292454719543,0.4736518859863281,0.025644615292549133
5866,LEFT_ANKLE,0.7514917254447937,0.3853677213191986,0.3230549693107605
5866,RIGHT_ANKLE,0.7420664429664612,0.48067185282707214,0.2363646775484085
5866,LEFT_HEEL,0.7680228352546692,0.40574899315834045,0.33911600708961487
5866,RIGHT_HEEL,0.7563501596450806,0.47936469316482544,0.2521499991416931
5866,LEFT_FOOT_INDEX,0.8033185005187988,0.3361760973930359,0.22201943397521973
5866,RIGHT_FOOT_INDEX,0.7957283854484558,0.4701474606990814,0.1168120950460434
5900,NOSE,0.24898946285247803,0.3981724977493286,-0.3382338285446167
5900,LEFT_EYE_INNER,0.23434336483478546,0.3852863609790802,-0.3185858428478241
5900,LEFT_EYE,0.2345128357410431,0.37690043449401855,-0.3185843229293823
5900,LEFT_EYE_OUTER,0.23481149971485138,0.37010854482650757,-0.31859856843948364
5900,RIGHT_EYE_INNER,0.23449993133544922,0.412304550409317,-0.32285311818122864
5900,RIGHT_EYE,0.23488950729370117,0.42322733998298645,-0.322903037071228
5900,RIGHT_EYE_OUTER,0.23528902232646942,0.4339589476585388,-0.3227730393409729
5900,LEFT_EAR,0.24063043296337128,0.3639094829559326,-0.19466562569141388
5900,RIGHT_EAR,0.24029608070850372,0.44980815052986145,-0.2182466983795166
5900,MOUTH_LEFT,0.2636457085609436,0.3836480975151062,-0.2907366156578064
5900,MOUTH_RIGHT,0.26346099376678467,0.4169333875179291,-0.297110378742218
5900,LEFT_SHOULDER,0.32312852144241333,0.30108383297920227,-0.11737582832574844
5900,RIGHT_SHOULDER,0.2977396845817566,0.5204616785049438,-0.1796373426914215
5900,LEFT_ELBOW,0.4212248921394348,0.2833748161792755,-0.04533877223730087
5900,RIGHT_ELBOW,0.21630947291851044,0.6149175763130188,-0.2364056557416916
5900,LEFT_WRIST,0.5094073414802551,0.2861712872982025,-0.03817083686590195
5900,RIGHT_WRIST,0.11781245470046997,0.7025191783905029,-0.27334123849868774
5900,LEFT_PINKY,0.5409452319145203,0.2815437614917755,-0.04428824037313461
5900,RIGHT_PINKY,0.09141354262828827,0.7394314408302307,-0.30285564064979553
5900,LEFT_INDEX,0.5402129292488098,0.29178592562675476,-0.07845021784305573
5900,RIGHT_INDEX,0.08644399791955948,0.7384864091873169,-0.3138176500797272
5900,LEFT_THUMB,0.5311315059661865,0.29961904883384705,-0.05270087718963623
5900,RIGHT_THUMB,0.09330769628286362,0.7247525453567505,-0.2869059145450592
5900,LEFT_HIP,0.5137280225753784,0.36536136269569397,0.03175495192408562
5900,RIGHT_HIP,0.5105454325675964,0.48916885256767273,-0.03203730657696724
5900,LEFT_KNEE,0.644655168056488,0.3537006676197052,0.11671803891658783
5900,RIGHT_KNEE,0.6413040161132812,0.4739290475845337,0.026892164722085
5900,LEFT_ANKLE,0.7515004873275757,0.38583025336265564,0.3225414752960205
5900,RIGHT_ANKLE,0.7418822050094604,0.4806705117225647,0.2366529256105423
5900,LEFT_HEEL,0.7680686712265015,0.4060716927051544,0.3384597897529602
5900,RIGHT_HEEL,0.7561894059181213,0.4795181155204773,0.25228896737098694
5900,LEFT_FOOT_INDEX,0.8033235669136047,0.3364713788032532,0.2214219868183136
5900,RIGHT_FOOT_INDEX,0.7955447435379028,0.46973028779029846,0.11720508337020874
5933,NOSE,0.24907870590686798,0.3981713652610779,-0.33316221833229065
5933,LEFT_EYE_INNER,0.2344343364238739,0.38530439138412476,-0.3140279948711395
5933,LEFT_EYE,0.23462224006652832,0.37692293524742126,-0.31402552127838135
5933,LEFT_EYE_OUTER,0.23493333160877228,0.3701588213443756,-0.31404024362564087
5933,RIGHT_EYE_INNER,0.23453500866889954,0.4123463034629822,-0.31779125332832336
5933,RIGHT_EYE,0.2349085509777069,0.42331162095069885,-0.31783705949783325
5933,RIGHT_EYE_OUTER,0.235294908285141,0.4340895712375641,-0.31770581007003784
5933,LEFT_EAR,0.24070005118846893,0.3640640676021576,-0.19210119545459747
5933,RIGHT_EAR,0.24029120802879333,0.45002874732017517,-0.2135438472032547
5933,MOUTH_LEFT,0.26382026076316833,0.383661687374115,-0.286426842212677
5933,MOUTH_RIGHT,0.26358529925346375,0.416983425617218,-0.29213643074035645
5933,LEFT_SHOULDER,0.3231360614299774,0.30123406648635864,-0.11628316342830658
5933,RIGHT_SHOULDER,0.29770416021347046,0.5207772850990295,-0.17357872426509857
5933,LEFT_ELBOW,0.42117395997047424,0.28360429406166077,-0.04044800624251366
5933,RIGHT_ELBOW,0.21621659398078918,0.6152535080909729,-0.2157476246356964
5933,LEFT_WRIST,0.509364902973175,0.28667864203453064,-0.026265937834978104
5933,RIGHT_WRIST,0.11781468242406845,0.7033780217170715,-0.234868124127388
5933,LEFT_PINKY,0.540958046913147,0.28210359811782837,-0.031808093190193176
5933,RIGHT_PINKY,0.09141155332326889,0.7397957444190979,-0.2612139582633972
5933,LEFT_INDEX,0.540212094783783,0.2928306460380554,-0.06584002077579498
5933,RIGHT_INDEX,0.08644384890794754,0.7387346029281616,-0.2741793394088745
5933,LEFT_THUMB,0.5311276912689209,0.3007666766643524,-0.04056579992175102
5933,RIGHT_THUMB,0.09330376982688904,0.7252259254455566,-0.2487681806087494
5933,LEFT_HIP,0.5141496062278748,0.3656142055988312,0.03171118348836899
5933,RIGHT_HIP,0.5107079744338989,0.4891919493675232,-0.03198891878128052
5933,LEFT_KNEE,0.6446942090988159,0.3542918860912323,0.11798341572284698
5933,RIGHT_KNEE,0.6412433385848999,0.4746202826499939,0.028347427025437355
5933,LEFT_ANKLE,0.7515019178390503,0.3867141008377075,0.32189255952835083
5933,RIGHT_ANKLE,0.7412723302841187,0.4807790219783783,0.23586836457252502
5933,LEFT_HEEL,0.7680639624595642,0.40671250224113464,0.3373962938785553
5933,RIGHT_HEEL,0.7552481889724731,0.4800768494606018,0.2514076232910156
5933,LEFT_FOOT_INDEX,0.8033024072647095,0.3366554379463196,0.22082117199897766
5933,RIGHT_FOOT_INDEX,0.79509437084198,0.46943947672843933,0.11631627380847931
5966,NOSE,0.2491571605205536,0.39826101064682007,-0.3334123194217682
5966,LEFT_EYE_INNER,0.23453395068645477,0.38544395565986633,-0.3143289387226105
5966,LEFT_EYE,0.23473939299583435,0.3770521879196167,-0.3143267035484314
5966,LEFT_EYE_OUTER,0.2350653111934662,0.3703039884567261,-0.3143410384654999
5966,RIGHT_EYE_INNER,0.2345719337463379,0.4125235378742218,-0.31784430146217346
5966,RIGHT_EYE,0.23492760956287384,0.4235195219516754,-0.31789055466651917
5966,RIGHT_EYE_OUTER,0.235300213098526,0.4343433678150177,-0.3177615702152252
5966,LEFT_EAR,0.24076993763446808,0.36436039209365845,-0.1925644427537918
5966,RIGHT_EAR,0.24028058350086212,0.4503314197063446,-0.2128629982471466
5966,MOUTH_LEFT,0.2639663517475128,0.3837883770465851,-0.28671881556510925
5966,MOUTH_RIGHT,0.2636762261390686,0.41718047857284546,-0.29212430119514465
5966,LEFT_SHOULDER,0.3231421411037445,0.30154621601104736,-0.11709132045507431
5966,RIGHT_SHOULDER,0.2976205348968506,0.5214165449142456,-0.17059491574764252
5966,LEFT_ELBOW,0.4211530089378357,0.28392016887664795,-0.04099573940038681
5966,RIGHT_ELBOW,0.21595224738121033,0.615723729133606,-0.20820364356040955
5966,LEFT_WRIST,0.5093621015548706,0.28699591755867004,-0.025350306183099747
5966,RIGHT_WRIST,0.11771684885025024,0.7046661972999573,-0.22538062930107117
5966,LEFT_PINKY,0.5410773754119873,0.28233447670936584,-0.031072000041604042
5966,RIGHT_PINKY,0.09129711985588074,0.7403243184089661,-0.25129878520965576
5966,LEFT_INDEX,0.5402354001998901,0.293280690908432,-0.06487764418125153
5966,RIGHT_INDEX,0.08636821061372757,0.7392027974128723,-0.2649710178375244
5966,LEFT_THUMB,0.5311394929885864,0.3012787997722626,-0.039492957293987274
5966,RIGHT_THUMB,0.09316696226596832,0.7261353135108948,-0.23955699801445007
5966,LEFT_HIP,0.514517605304718,0.36576583981513977,0.03073594905436039
5966,RIGHT_HIP,0.5109173655509949,0.48923933506011963,-0.031002800911664963
5966,LEFT_KNEE,0.6448516249656677,0.3546963334083557,0.11848996579647064
5966,RIGHT_KNEE,0.6412358283996582,0.475666344165802,0.032011959701776505
5966,LEFT_ANKLE,0.751591682434082,0.3874857723712921,0.32167932391166687
5966,RIGHT_ANKLE,0.7410520911216736,0.48109686374664307,0.23713138699531555
5966,LEFT_HEEL,0.7680811882019043,0.407214492559433,0.3372862637042999
5966,RIGHT_HEEL,0.7548381090164185,0.48087799549102783,0.25244301557540894
5966,LEFT_FOOT_INDEX,0.8031944036483765,0.3367183804512024,0.22075049579143524
5966,RIGHT_FOOT_INDEX,0.7945988178253174,0.4692326486110687,0.11859679222106934
6000,NOSE,0.2492365539073944,0.39838168025016785,-0.3358672261238098
6000,LEFT_EYE_INNER,0.2346377819776535,0.385569304227829,-0.31682804226875305
6000,LEFT_EYE,0.2348587065935135,0.37715891003608704,-0.3168269693851471
6000,LEFT_EYE_OUTER,0.23519444465637207,0.3704218864440918,-0.31684473156929016
6000,RIGHT_EYE_INNER,0.23460976779460907,0.4127003848552704,-0.31957513093948364
6000,RIGHT_EYE,0.23494601249694824,0.4237188994884491,-0.31962156295776367
6000,RIGHT_EYE_OUTER,0.23530471324920654,0.4345739185810089,-0.31949418783187866
6000,LEFT_EAR,0.24082088470458984,0.3645849823951721,-0.19470861554145813
6000,RIGHT_EAR,0.240260511636734,0.45059341192245483,-0.2138129025697708
6000,MOUTH_LEFT,0.2640819847583771,0.38394981622695923,-0.28897467255592346
6000,MOUTH_RIGHT,0.2637409567832947,0.41739925742149353,-0.29339540004730225
6000,LEFT_SHOULDER,0.32314491271972656,0.3017720878124237,-0.1197555661201477
6000,RIGHT_SHOULDER,0.29756152629852295,0.5219488739967346,-0.17169462144374847
6000,LEFT_ELBOW,0.42111682891845703,0.28417643904685974,-0.042465098202228546
6000,RIGHT_ELBOW,0.2154720276594162,0.6161536574363708,-0.20917639136314392
6000,LEFT_WRIST,0.5093592405319214,0.28716209530830383,-0.026509344577789307
6000,RIGHT_WRIST,0.1173558458685875,0.7056781053543091,-0.22874674201011658
6000,LEFT_PINKY,0.5411878824234009,0.2824490964412689,-0.03166457265615463
6000,RIGHT_PINKY,0.09085550159215927,0.7410930395126343,-0.2554444968700409
6000,LEFT_INDEX,0.5402534008026123,0.2935273349285126,-0.06547649949789047
6000,RIGHT_INDEX,0.08596290647983551,0.739926815032959,-0.26970934867858887
6000,LEFT_THUMB,0.5311427712440491,0.3015555143356323,-0.040722139179706573
6000,RIGHT_THUMB,0.09269176423549652,0.7271345257759094,-0.24320800602436066
6000,LEFT_HIP,0.5150048136711121,0.36580678820610046,0.0296923965215683
6000,RIGHT_HIP,0.5113962888717651,0.4892534911632538,-0.029953638091683388
6000,LEFT_KNEE,0.6449225544929504,0.3549370765686035,0.12033995240926743
6000,RIGHT_KNEE,0.6412991881370544,0.47634729743003845,0.03629418462514877
6000,LEFT_ANKLE,0.7516447305679321,0.38793522119522095,0.32628998160362244
6000,RIGHT_ANKLE,0.7409449815750122,0.4813898205757141,0.24521884322166443
6000,LEFT_HEEL,0.7680953741073608,0.4074888527393341,0.3421327471733093
6000,RIGHT_HEEL,0.7547191381454468,0.48123428225517273,0.2608203589916229
6000,LEFT_FOOT_INDEX,0.8030716180801392,0.3368578255176544,0.22377631068229675
6000,RIGHT_FOOT_INDEX,0.7942347526550293,0.4695832133293152,0.12620258331298828
6033,NOSE,0.24932387471199036,0.39840418100357056,-0.3363432288169861
6033,LEFT_EYE_INNER,0.23477061092853546,0.3856055438518524,-0.3173905313014984
6033,LEFT_EYE,0.23501527309417725,0.37719735503196716,-0.3173878788948059
6033,LEFT_EYE_OUTER,0.2353617250919342,0.37048497796058655,-0.31740427017211914
6033,RIGHT_EYE_INNER,0.2346566617488861,0.4127423167228699,-0.32035738229751587
6033,RIGHT_EYE,0.23496823012828827,0.4237717092037201,-0.32040491700172424
6033,RIGHT_EYE_OUTER,0.23531100153923035,0.4346308410167694,-0.3202781081199646
6033,LEFT_EAR,0.2408781349658966,0.3647843301296234,-0.19484612345695496
6033,RIGHT_EAR,0.24023380875587463,0.4508129060268402,-0.21284130215644836
6033,MOUTH_LEFT,0.2641851603984833,0.3840370178222656,-0.28954869508743286
6033,MOUTH_RIGHT,0.2637893557548523,0.41748329997062683,-0.29420584440231323
6033,LEFT_SHOULDER,0.3231485188007355,0.30196449160575867,-0.11948569864034653
6033,RIGHT_SHOULDER,0.2975156903266907,0.5224667191505432,-0.16690002381801605
6033,LEFT_ELBOW,0.4210997521877289,0.2845279276371002,-0.042734865099191666
6033,RIGHT_ELBOW,0.21494992077350616,0.616437554359436,-0.20202508568763733
6033,LEFT_WRIST,0.5093765258789062,0.28729262948036194,-0.02833026647567749
6033,RIGHT_WRIST,0.11702428013086319,0.7062545418739319,-0.22659358382225037
6033,LEFT_PINKY,0.5413075089454651,0.28255245089530945,-0.03250088170170784
6033,RIGHT_PINKY,0.09042541682720184,0.7417201399803162,-0.25477924942970276
6033,LEFT_INDEX,0.5403085947036743,0.29373401403427124,-0.06813524663448334
6033,RIGHT_INDEX,0.08551843464374542,0.7404189109802246,-0.26994290947914124
6033,LEFT_THUMB,0.531162679195404,0.30180951952934265,-0.04211156815290451
6033,RIGHT_THUMB,0.09223474562168121,0.7277488112449646,-0.24163058400154114
6033,LEFT_HIP,0.5158308148384094,0.3658257722854614,0.028805002570152283
6033,RIGHT_HIP,0.5123783349990845,0.48934948444366455,-0.029058033600449562
6033,LEFT_KNEE,0.6450585722923279,0.35510939359664917,0.11994006484746933
6033,RIGHT_KNEE,0.6416348814964294,0.47795814275741577,0.03992220014333725
6033,LEFT_ANKLE,0.7514791488647461,0.3884894549846649,0.3374449908733368
6033,RIGHT_ANKLE,0.7409393787384033,0.4814356565475464,0.264007031917572
6033,LEFT_HEEL,0.7677360773086548,0.407622367143631,0.3548945486545563
6033,RIGHT_HEEL,0.7546604871749878,0.48112377524375916,0.2810426354408264
6033,LEFT_FOOT_INDEX,0.8028544187545776,0.33735066652297974,0.23299849033355713
6033,RIGHT_FOOT_INDEX,0.7942339181900024,0.470724880695343,0.1433526575565338
6066,NOSE,0.24937336146831512,0.3983941078186035,-0.3279937505722046
6066,LEFT_EYE_INNER,0.23485124111175537,0.38560226559638977,-0.30868270993232727
6066,LEFT_EYE,0.23511800169944763,0.3772028684616089,-0.30869951844215393
6066,LEFT_EYE_OUTER,0.2354690283536911,0.3704971671104431,-0.3087073564529419
6066,RIGHT_EYE_INNER,0.2346726655960083,0.41274070739746094,-0.31190454959869385
6066,RIGHT_EYE,0.2349718064069748,0.4237796366214752,-0.3119443655014038
6066,RIGHT_EYE_OUTER,0.23531010746955872,0.4346410036087036,-0.3118233382701874
6066,LEFT_EAR,0.24089154601097107,0.3648931682109833,-0.18575027585029602
6066,RIGHT_EAR,0.24018323421478271,0.450977623462677,-0.20439347624778748
6066,MOUTH_LEFT,0.2642419934272766,0.38405752182006836,-0.28068339824676514
6066,MOUTH_RIGHT,0.26381155848503113,0.4175049960613251,-0.2855941951274872
6066,LEFT_SHOULDER,0.3231516480445862,0.30202388763427734,-0.11212986707687378
6066,RIGHT_SHOULDER,0.2974829375743866,0.5227855443954468,-0.1609923392534256
6066,LEFT_ELBOW,0.42113131284713745,0.2847377061843872,-0.04062237963080406
6066,RIGHT_ELBOW,0.21494051814079285,0.6166992783546448,-0.20014984905719757
6066,LEFT_WRIST,0.5096131563186646,0.28738662600517273,-0.029352614656090736
6066,RIGHT_WRIST,0.11692909896373749,0.7066088914871216,-0.22795014083385468
6066,LEFT_PINKY,0.5415371060371399,0.28262951970100403,-0.03279450908303261
6066,RIGHT_PINKY,0.09015738219022751,0.7418339848518372,-0.2565181255340576
6066,LEFT_INDEX,0.5404895544052124,0.294054239988327,-0.06940842419862747
6066,RIGHT_INDEX,0.08532092720270157,0.7405612468719482,-0.27026399970054626
6066,LEFT_THUMB,0.5313577055931091,0.3022150993347168,-0.04292548820376396
6066,RIGHT_THUMB,0.09206194430589676,0.7280921339988708,-0.24226653575897217
6066,LEFT_HIP,0.516517698764801,0.3658176362514496,0.028607910498976707
6066,RIGHT_HIP,0.5134871006011963,0.48949673771858215,-0.028857413679361343
6066,LEFT_KNEE,0.6454959511756897,0.3550288677215576,0.1131139025092125
6066,RIGHT_KNEE,0.6425540447235107,0.4785606861114502,0.03954213857650757
6066,LEFT_ANKLE,0.751379132270813,0.38870733976364136,0.33563584089279175
6066,RIGHT_ANKLE,0.7409257292747498,0.48131176829338074,0.26626911759376526
6066,LEFT_HEEL,0.7676101922988892,0.40762871503829956,0.35327935218811035
6066,RIGHT_HEEL,0.7545136213302612,0.480214387178421,0.28361350297927856
6066,LEFT_FOOT_INDEX,0.8027263879776001,0.33741286396980286,0.23305055499076843
6066,RIGHT_FOOT_INDEX,0.79423588514328,0.4736056327819824,0.14766016602516174
6100,NOSE,0.2494249790906906,0.3982771039009094,-0.32732582092285156
6100,LEFT_EYE_INNER,0.23492896556854248,0.38555076718330383,-0.3073193430900574
6100,LEFT_EYE,0.23520705103874207,0.37719693779945374,-0.3073391616344452
6100,LEFT_EYE_OUTER,0.23555223643779755,0.37051039934158325,-0.30735093355178833
6100,RIGHT_EYE_INNER,0.23471447825431824,0.41264021396636963,-0.3111090064048767
6100,RIGHT_EYE,0.2349986582994461,0.4237140119075775,-0.31114643812179565
6100,RIGHT_EYE_OUTER,0.2353271245956421,0.43459150195121765,-0.31102514266967773
6100,LEFT_EAR,0.2409018725156784,0.36509987711906433,-0.18131546676158905
6100,RIGHT_EAR,0.2401813566684723,0.45109230279922485,-0.20293831825256348
6100,MOUTH_LEFT,0.2642907500267029,0.3840583860874176,-0.2789922058582306
6100,MOUTH_RIGHT,0.26384514570236206,0.41749152541160583,-0.28472352027893066
6100,LEFT_SHOULDER,0.3231331706047058,0.30264896154403687,-0.10491231828927994
6100,RIGHT_SHOULDER,0.29747873544692993,0.5229445099830627,-0.1581774652004242
6100,LEFT_ELBOW,0.4211084842681885,0.2851281762123108,-0.023954439908266068
6100,RIGHT_ELBOW,0.21498017013072968,0.6169574856758118,-0.19560346007347107
6100,LEFT_WRIST,0.5096098780632019,0.2874520719051361,-0.011896135285496712
6100,RIGHT_WRIST,0.11691346019506454,0.7078561186790466,-0.22161734104156494
6100,LEFT_PINKY,0.54157954454422,0.28287991881370544,-0.01740802638232708
6100,RIGHT_PINKY,0.09008888900279999,0.7428470253944397,-0.2500988841056824
6100,LEFT_INDEX,0.5405290722846985,0.2946834862232208,-0.053891219198703766
6100,RIGHT_INDEX,0.08527565747499466,0.7413609027862549,-0.2645462155342102
6100,LEFT_THUMB,0.531394362449646,0.302878737449646,-0.026680927723646164
6100,RIGHT_THUMB,0.09201889485120773,0.7290017008781433,-0.23628488183021545
6100,LEFT_HIP,0.5168187618255615,0.36558470129966736,0.028696095570921898
6100,RIGHT_HIP,0.5140329599380493,0.48950666189193726,-0.028941268101334572
6100,LEFT_KNEE,0.6465674638748169,0.35464444756507874,0.1127852350473404
6100,RIGHT_KNEE,0.6446276903152466,0.47854697704315186,0.039240170270204544
6100,LEFT_ANKLE,0.7513516545295715,0.3887113928794861,0.3399612605571747
6100,RIGHT_ANKLE,0.7409214377403259,0.48130443692207336,0.27085572481155396
6100,LEFT_HEEL,0.7674681544303894,0.40747302770614624,0.3582262396812439
6100,RIGHT_HEEL,0.7540203928947449,0.47992053627967834,0.2888440787792206
6100,LEFT_FOOT_INDEX,0.8028068542480469,0.33743584156036377,0.23758439719676971
6100,RIGHT_FOOT_INDEX,0.7943455576896667,0.4739358723163605,0.15152576565742493
6133,NOSE,0.249493807554245,0.39821571111679077,-0.3275807499885559
6133,LEFT_EYE_INNER,0.23499956727027893,0.38551080226898193,-0.30757156014442444
6133,LEFT_EYE,0.23527824878692627,0.37719908356666565,-0.30758875608444214
6133,LEFT_EYE_OUTER,0.23561492562294006,0.3705286383628845,-0.30760177969932556
6133,RIGHT_EYE_INNER,0.23478171229362488,0.4125387966632843,-0.3116322159767151
6133,RIGHT_EYE,0.23505544662475586,0.4236386716365814,-0.3116658627986908
6133,RIGHT_EYE_OUTER,0.23537549376487732,0.4345400035381317,-0.3115396499633789
6133,LEFT_EAR,0.24093559384346008,0.36529478430747986,-0.18258289992809296
6133,RIGHT_EAR,0.24018076062202454,0.4511854350566864,-0.20493102073669434
6133,MOUTH_LEFT,0.26431626081466675,0.38406434655189514,-0.27945196628570557
6133,MOUTH_RIGHT,0.26385194063186646,0.41749218106269836,-0.2852851152420044
6133,LEFT_SHOULDER,0.32309991121292114,0.30333274602890015,-0.10557059198617935
6133,RIGHT_SHOULDER,0.2974315285682678,0.5232369899749756,-0.1589365452528
6133,LEFT_ELBOW,0.42101263999938965,0.2859369218349457,-0.028282925486564636
6133,RIGHT_ELBOW,0.21504874527454376,0.6176825761795044,-0.199628546833992
6133,LEFT_WRIST,0.5093314051628113,0.2875148057937622,-0.01709357090294361
6133,RIGHT_WRIST,0.11715477705001831,0.7107710242271423,-0.22286300361156464
6133,LEFT_PINKY,0.5415619611740112,0.2832382321357727,-0.0225767120718956
6133,RIGHT_PINKY,0.09018612653017044,0.7457742691040039,-0.24964478611946106
6133,LEFT_INDEX,0.5405193567276001,0.295218288898468,-0.05813927203416824
6133,RIGHT_INDEX,0.08539410680532455,0.7434121966362,-0.26412031054496765
6133,LEFT_THUMB,0.5313818454742432,0.3034445345401764,-0.03174008056521416
6133,RIGHT_THUMB,0.09230875968933105,0.731104850769043,-0.23733162879943848
6133,LEFT_HIP,0.5167620182037354,0.36566099524497986,0.02871147356927395
6133,RIGHT_HIP,0.514034628868103,0.48970791697502136,-0.028958002105355263
6133,LEFT_KNEE,0.6467822790145874,0.35456138849258423,0.1087319627404213
6133,RIGHT_KNEE,0.6447122693061829,0.478410542011261,0.03907162696123123
6133,LEFT_ANKLE,0.7512799501419067,0.38868463039398193,0.33771246671676636
6133,RIGHT_ANKLE,0.7405362129211426,0.48130303621292114,0.271516889333725
6133,LEFT_HEEL,0.7671258449554443,0.40729302167892456,0.35557180643081665
6133,RIGHT_HEEL,0.752621054649353,0.4796414375305176,0.28969186544418335
6133,LEFT_FOOT_INDEX,0.8031679391860962,0.33748021721839905,0.23572874069213867
6133,RIGHT_FOOT_INDEX,0.7946374416351318,0.4765162467956543,0.15473972260951996
6166,NOSE,0.2495032548904419,0.3982084095478058,-0.32893678545951843
6166,LEFT_EYE_INNER,0.23502151668071747,0.38553565740585327,-0.3090253472328186
6166,LEFT_EYE,0.23528897762298584,0.377310186624527,-0.3090391755104065
6166,LEFT_EYE_OUTER,0.23562052845954895,0.37072089314460754,-0.3090517818927765
6166,RIGHT_EYE_INNER,0.23486268520355225,0.41253378987312317,-0.31290706992149353
6166,RIGHT_EYE,0.2351568639278412,0.42363086342811584,-0.3129426836967468
6166,RIGHT_EYE_OUTER,0.2355056256055832,0.434526264667511,-0.31281763315200806
6166,LEFT_EAR,0.24095654487609863,0.36588138341903687,-0.1841450035572052
6166,RIGHT_EAR,0.24031850695610046,0.45123761892318726,-0.2065306156873703
6166,MOUTH_LEFT,0.26432669162750244,0.38410428166389465,-0.28091952204704285
6166,MOUTH_RIGHT,0.26386186480522156,0.4174916446208954,-0.2863903045654297
6166,LEFT_SHOULDER,0.3231005370616913,0.3038758635520935,-0.10615090280771255
6166,RIGHT_SHOULDER,0.2975216209888458,0.5232469439506531,-0.1666860580444336
6166,LEFT_ELBOW,0.4207057058811188,0.286740779876709,-0.025235479697585106
6166,RIGHT_ELBOW,0.2156519889831543,0.6183241605758667,-0.20801393687725067
6166,LEFT_WRIST,0.5091708898544312,0.2876349687576294,-0.010164687409996986
6166,RIGHT_WRIST,0.11821480095386505,0.7153492569923401,-0.223729208111763
6166,LEFT_PINKY,0.5415169596672058,0.2835216224193573,-0.01380892377346754
6166,RIGHT_PINKY,0.0909854844212532,0.7492796778678894,-0.2517102360725403
6166,LEFT_INDEX,0.5404845476150513,0.2955515682697296,-0.04950965940952301
6166,RIGHT_INDEX,0.08631111681461334,0.7464226484298706,-0.26645246148109436
6166,LEFT_THUMB,0.5313624143600464,0.3037779629230499,-0.024975096806883812
6166,RIGHT_THUMB,0.09355976432561874,0.7341286540031433,-0.23876938223838806
6166,LEFT_HIP,0.5167561769485474,0.36590713262557983,0.030432119965553284
6166,RIGHT_HIP,0.514102578163147,0.4898216128349304,-0.030685797333717346
6166,LEFT_KNEE,0.6468237638473511,0.3541428744792938,0.10907170921564102
6166,RIGHT_KNEE,0.644672155380249,0.47686076164245605,0.03865944966673851
6166,LEFT_ANKLE,0.7513027191162109,0.3883959949016571,0.33643850684165955
6166,RIGHT_ANKLE,0.7400256395339966,0.48143699765205383,0.2673780918121338
6166,LEFT_HEEL,0.7671037912368774,0.40705159306526184,0.35408490896224976
6166,RIGHT_HEEL,0.7515599727630615,0.47968214750289917,0.285165935754776
6166,LEFT_FOOT_INDEX,0.80329430103302,0.3373925983905792,0.2354963719844818
6166,RIGHT_FOOT_INDEX,0.7946329116821289,0.47848543524742126,0.15126623213291168
6200,NOSE,0.24950945377349854,0.3982466757297516,-0.34831172227859497
6200,LEFT_EYE_INNER,0.23502829670906067,0.3856087028980255,-0.3275706171989441
6200,LEFT_EYE,0.23529589176177979,0.3774561583995819,-0.3275756537914276
6200,LEFT_EYE_OUTER,0.2356274425983429,0.3709358274936676,-0.3275921940803528
6200,RIGHT_EYE_INNER,0.23486724495887756,0.4125487506389618,-0.33247801661491394
6200,RIGHT_EYE,0.2351667881011963,0.4236410856246948,-0.33252814412117004
6200,RIGHT_EYE_OUTER,0.2355223000049591,0.4345298707485199,-0.332400381565094
6200,LEFT_EAR,0.2409638911485672,0.36625781655311584,-0.1985931396484375
6200,RIGHT_EAR,0.24034085869789124,0.45126479864120483,-0.22521159052848816
6200,MOUTH_LEFT,0.2643323540687561,0.3843005299568176,-0.29863137006759644
6200,MOUTH_RIGHT,0.263862669467926,0.4175727069377899,-0.30576497316360474
6200,LEFT_SHOULDER,0.32310229539871216,0.304458349943161,-0.11537661403417587
6200,RIGHT_SHOULDER,0.2975977063179016,0.5232632756233215,-0.18249481916427612
6200,LEFT_ELBOW,0.42067545652389526,0.2872397303581238,-0.03281610831618309
6200,RIGHT_ELBOW,0.2161879539489746,0.6194995045661926,-0.22212445735931396
6200,LEFT_WRIST,0.5090925693511963,0.28784939646720886,-0.017356624826788902
6200,RIGHT_WRIST,0.11983801424503326,0.720960259437561,-0.23815910518169403
6200,LEFT_PINKY,0.5413779020309448,0.28392377495765686,-0.020817480981349945
6200,RIGHT_PINKY,0.09198958426713943,0.7540217041969299,-0.2660512924194336
6200,LEFT_INDEX,0.5403765439987183,0.2958330512046814,-0.05749499797821045
6200,RIGHT_INDEX,0.0871485099196434,0.7513783574104309,-0.2802623510360718
6200,LEFT_THUMB,0.5313131213188171,0.30401483178138733,-0.032562389969825745
6200,RIGHT_THUMB,0.094899021089077,0.7393509149551392,-0.25257784128189087
6200,LEFT_HIP,0.5167052149772644,0.3659350574016571,0.030833879485726357
6200,RIGHT_HIP,0.514119029045105,0.48983725905418396,-0.031102517619729042
6200,LEFT_KNEE,0.6468717455863953,0.35400548577308655,0.10982169210910797
6200,RIGHT_KNEE,0.6447027325630188,0.47594910860061646,0.03943473845720291
6200,LEFT_ANKLE,0.7512921690940857,0.3881096839904785,0.3519759178161621
6200,RIGHT_ANKLE,0.7398467063903809,0.4815428853034973,0.28054437041282654
6200,LEFT_HEEL,0.7670257091522217,0.40661972761154175,0.37174949049949646
6200,RIGHT_HEEL,0.751221239566803,0.47965723276138306,0.29995590448379517
6200,LEFT_FOOT_INDEX,0.8033132553100586,0.3373965620994568,0.2531248927116394
6200,RIGHT_FOOT_INDEX,0.7948178052902222,0.47955864667892456,0.16466236114501953
6233,NOSE,0.24923834204673767,0.39845001697540283,-0.3303767740726471
6233,LEFT_EYE_INNER,0.2347293645143509,0.3859313130378723,-0.3089990019798279
6233,LEFT_EYE,0.2349892556667328,0.377873957157135,-0.3090056777000427
6233,LEFT_EYE_OUTER,0.23531441390514374,0.3713923692703247,-0.309025377035141
6233,RIGHT_EYE_INNER,0.23465053737163544,0.4128049612045288,-0.31434959173202515
6233,RIGHT_EYE,0.23500271141529083,0.42393866181373596,-0.31439608335494995
6233,RIGHT_EYE_OUTER,0.23539841175079346,0.43487951159477234,-0.31426161527633667
6233,LEFT_EAR,0.24081356823444366,0.36692777276039124,-0.18010462820529938
6233,RIGHT_EAR,0.240316703915596,0.4514201581478119,-0.20848867297172546
6233,MOUTH_LEFT,0.26412686705589294,0.3847493529319763,-0.2810415029525757
6233,MOUTH_RIGHT,0.26369911432266235,0.4179062247276306,-0.28888267278671265
6233,LEFT_SHOULDER,0.3231520354747772,0.3050152361392975,-0.09994109719991684
6233,RIGHT_SHOULDER,0.29776623845100403,0.5236235857009888,-0.1695813238620758
6233,LEFT_ELBOW,0.42067331075668335,0.28744393587112427,-0.014949318952858448
6233,RIGHT_ELBOW,0.2193274050951004,0.6212893128395081,-0.2217114269733429
6233,LEFT_WRIST,0.5090910792350769,0.2880011200904846,0.005147846881300211
6233,RIGHT_WRIST,0.1262039840221405,0.7222816348075867,-0.26204317808151245
6233,LEFT_PINKY,0.5411874055862427,0.28405699133872986,0.002512766281142831
6233,RIGHT_PINKY,0.09800858795642853,0.757036566734314,-0.2925379276275635
6233,LEFT_INDEX,0.54022616147995,0.29591161012649536,-0.03374752402305603
6233,RIGHT_INDEX,0.09185295552015305,0.754633903503418,-0.30271145701408386
6233,LEFT_THUMB,0.5312834978103638,0.30410438776016235,-0.009531332179903984
6233,RIGHT_THUMB,0.10071098804473877,0.7412912845611572,-0.275478333234787
6233,LEFT_HIP,0.5167033076286316,0.3659467101097107,0.03110235370695591
6233,RIGHT_HIP,0.5141905546188354,0.48993533849716187,-0.03137371689081192
6233,LEFT_KNEE,0.6472160816192627,0.3540021777153015,0.10818348079919815
6233,RIGHT_KNEE,0.6449321508407593,0.47593531012535095,0.038400799036026
6233,LEFT_ANKLE,0.7512749433517456,0.38797828555107117,0.3494669795036316
6233,RIGHT_ANKLE,0.7397720217704773,0.48236343264579773,0.2780659794807434
6233,LEFT_HEEL,0.7669017314910889,0.4062206745147705,0.36904177069664
6233,RIGHT_HEEL,0.750988245010376,0.479722797870636,0.29740262031555176
6233,LEFT_FOOT_INDEX,0.8033111691474915,0.337737500667572,0.2514151334762573
6233,RIGHT_FOOT_INDEX,0.7952333688735962,0.48105624318122864,0.1623217761516571
6266,NOSE,0.24908320605754852,0.39846915006637573,-0.3207225203514099
6266,LEFT_EYE_INNER,0.23452338576316833,0.38600999116897583,-0.2989344000816345
6266,LEFT_EYE,0.23476645350456238,0.37809067964553833,-0.2989349365234375
6266,LEFT_EYE_OUTER,0.23506061732769012,0.37169137597084045,-0.29896682500839233
6266,RIGHT_EYE_INNER,0.2344244420528412,0.4127333462238312,-0.3045317232608795
6266,RIGHT_EYE,0.2347559928894043,0.42377328872680664,-0.3045782148838043
6266,RIGHT_EYE_OUTER,0.2351420670747757,0.43468695878982544,-0.3044513761997223
6266,LEFT_EAR,0.24045777320861816,0.36730629205703735,-0.1681494414806366
6266,RIGHT_EAR,0.24001944065093994,0.4513138234615326,-0.19789811968803406
6266,MOUTH_LEFT,0.2636743187904358,0.38508543372154236,-0.27076736092567444
6266,MOUTH_RIGHT,0.2631775736808777,0.4179927408695221,-0.2790868282318115
6266,LEFT_SHOULDER,0.3232353925704956,0.30502375960350037,-0.08850586414337158
6266,RIGHT_SHOULDER,0.2977970540523529,0.524408221244812,-0.15682919323444366
6266,LEFT_ELBOW,0.42087239027023315,0.28741201758384705,-0.0020977393724024296
6266,RIGHT_ELBOW,0.2205333709716797,0.6261632442474365,-0.2214668095111847
6266,LEFT_WRIST,0.509240448474884,0.2880113124847412,0.014201952144503593
6266,RIGHT_WRIST,0.12951534986495972,0.7266427874565125,-0.2833285629749298
6266,LEFT_PINKY,0.5411199331283569,0.28403428196907043,0.011273134499788284
6266,RIGHT_PINKY,0.10310135036706924,0.765485405921936,-0.31641051173210144
6266,LEFT_INDEX,0.5401428937911987,0.29559653997421265,-0.026137614622712135
6266,RIGHT_INDEX,0.09681526571512222,0.7631394267082214,-0.3249261975288391
6266,LEFT_THUMB,0.5312754511833191,0.30372610688209534,-0.0010404112981632352
6266,RIGHT_THUMB,0.10584988445043564,0.7476822137832642,-0.2965981364250183
6266,LEFT_HIP,0.5170660614967346,0.365975946187973,0.03058064542710781
6266,RIGHT_HIP,0.5145543813705444,0.4901025593280792,-0.030840769410133362
6266,LEFT_KNEE,0.6477430462837219,0.3547024130821228,0.10716038942337036
6266,RIGHT_KNEE,0.6451699137687683,0.4779643714427948,0.03564805909991264
6266,LEFT_ANKLE,0.7512198090553284,0.38831642270088196,0.3517194092273712
6266,RIGHT_ANKLE,0.741048276424408,0.48284220695495605,0.2756931781768799
6266,LEFT_HEEL,0.7667418122291565,0.4064481556415558,0.37172824144363403
6266,RIGHT_HEEL,0.7530054450035095,0.4804557263851166,0.2942965626716614
6266,LEFT_FOOT_INDEX,0.8022882342338562,0.3418290615081787,0.25268426537513733
6266,RIGHT_FOOT_INDEX,0.7956278324127197,0.48091796040534973,0.15996553003787994
6300,NOSE,0.24897423386573792,0.3989511728286743,-0.30946797132492065
6300,LEFT_EYE_INNER,0.23446913063526154,0.3862926959991455,-0.28759512305259705
6300,LEFT_EYE,0.23471716046333313,0.37839245796203613,-0.28761687874794006
6300,LEFT_EYE_OUTER,0.2350066900253296,0.3720094859600067,-0.2876443564891815
6300,RIGHT_EYE_INNER,0.2342567890882492,0.41287755966186523,-0.2925213575363159
6300,RIGHT_EYE,0.2344922125339508,0.4238775968551636,-0.29255732893943787
6300,RIGHT_EYE_OUTER,0.23477332293987274,0.4347801208496094,-0.2924361228942871
6300,LEFT_EAR,0.24026159942150116,0.36753082275390625,-0.1580539047718048
6300,RIGHT_EAR,0.23912541568279266,0.4513239562511444,-0.1848982274532318
6300,MOUTH_LEFT,0.26342570781707764,0.385966956615448,-0.2599792778491974
6300,MOUTH_RIGHT,0.2626796364784241,0.41858670115470886,-0.2674504816532135
6300,LEFT_SHOULDER,0.3232057988643646,0.3050597608089447,-0.08270145952701569
6300,RIGHT_SHOULDER,0.29775410890579224,0.5250306725502014,-0.1432330459356308
6300,LEFT_ELBOW,0.42133045196533203,0.2884039282798767,-0.004487905185669661
6300,RIGHT_ELBOW,0.22176103293895721,0.6315869092941284,-0.20023730397224426
6300,LEFT_WRIST,0.5097403526306152,0.28837350010871887,0.007549783680588007
6300,RIGHT_WRIST,0.1331947147846222,0.735421895980835,-0.2582361698150635
6300,LEFT_PINKY,0.5411283373832703,0.28418517112731934,0.0037489868700504303
6300,RIGHT_PINKY,0.10773099958896637,0.7764685153961182,-0.29062193632125854
6300,LEFT_INDEX,0.5401857495307922,0.2956000566482544,-0.03264089301228523
6300,RIGHT_INDEX,0.10150742530822754,0.7734118700027466,-0.2974323332309723
6300,LEFT_THUMB,0.5314378142356873,0.303718239068985,-0.007378939539194107
6300,RIGHT_THUMB,0.11090296506881714,0.7567148804664612,-0.27090808749198914
6300,LEFT_HIP,0.5170606970787048,0.3660689890384674,0.0304474588483572
6300,RIGHT_HIP,0.5146663784980774,0.4915107786655426,-0.03071095049381256
6300,LEFT_KNEE,0.6483955979347229,0.3554275631904602,0.0961330309510231
6300,RIGHT_KNEE,0.6451613903045654,0.4795406758785248,0.03457842022180557
6300,LEFT_ANKLE,0.7514270544052124,0.3886917531490326,0.3498155474662781
6300,RIGHT_ANKLE,0.74103844165802,0.4838462471961975,0.2800520956516266
6300,LEFT_HEEL,0.766771674156189,0.4069862365722656,0.36877715587615967
6300,RIGHT_HEEL,0.7530174255371094,0.4819110929965973,0.2998277246952057
6300,LEFT_FOOT_INDEX,0.8025407791137695,0.34342774748802185,0.25003111362457275
6300,RIGHT_FOOT_INDEX,0.7955768704414368,0.48098626732826233,0.1641121208667755
6333,NOSE,0.24896833300590515,0.4000677466392517,-0.32910364866256714
6333,LEFT_EYE_INNER,0.23446738719940186,0.3872668743133545,-0.3082575798034668
6333,LEFT_EYE,0.23471620678901672,0.37929806113243103,-0.3082352578639984
6333,LEFT_EYE_OUTER,0.235004261136055,0.3728135824203491,-0.30826544761657715
6333,RIGHT_EYE_INNER,0.2342160940170288,0.4136601686477661,-0.3116523027420044
6333,RIGHT_EYE,0.23441879451274872,0.4245586693286896,-0.3117109537124634
6333,RIGHT_EYE_OUTER,0.2346750795841217,0.43538936972618103,-0.3115845322608948
6333,LEFT_EAR,0.2402525246143341,0.3683093190193176,-0.17737425863742828
6333,RIGHT_EAR,0.23905079066753387,0.4514581859111786,-0.1981353908777237
6333,MOUTH_LEFT,0.263429194688797,0.3872217535972595,-0.27895471453666687
6333,MOUTH_RIGHT,0.2626807987689972,0.4194903075695038,-0.2847740054130554
6333,LEFT_SHOULDER,0.3232005834579468,0.304628849029541,-0.10189691931009293
6333,RIGHT_SHOULDER,0.2980847954750061,0.5261233448982239,-0.15354017913341522
6333,LEFT_ELBOW,0.4224931299686432,0.28895851969718933,-0.04135505110025406
6333,RIGHT_ELBOW,0.22554254531860352,0.6386820077896118,-0.23324985802173615
6333,LEFT_WRIST,0.5118032693862915,0.288471519947052,-0.05173763632774353
6333,RIGHT_WRIST,0.14022395014762878,0.7432554364204407,-0.31490689516067505
6333,LEFT_PINKY,0.5424498319625854,0.28419655561447144,-0.06048247218132019
6333,RIGHT_PINKY,0.11455722898244858,0.7880763411521912,-0.35004740953445435
6333,LEFT_INDEX,0.5416349768638611,0.29561129212379456,-0.09643378108739853
6333,RIGHT_INDEX,0.11000720411539078,0.7842663526535034,-0.36041754484176636
6333,LEFT_THUMB,0.5328985452651978,0.3037167489528656,-0.06692551076412201
6333,RIGHT_THUMB,0.11950914561748505,0.7667908668518066,-0.32903146743774414
6333,LEFT_HIP,0.5171491503715515,0.3658502697944641,0.030164888128638268
6333,RIGHT_HIP,0.5152984261512756,0.4918976128101349,-0.030431050807237625
6333,LEFT_KNEE,0.6482637524604797,0.35547342896461487,0.09816509485244751
6333,RIGHT_KNEE,0.6449552178382874,0.48054978251457214,0.03596143797039986
6333,LEFT_ANKLE,0.7509936094284058,0.38868629932403564,0.35973045229911804
6333,RIGHT_ANKLE,0.7412048578262329,0.483909010887146,0.2869853675365448
6333,LEFT_HEEL,0.7665887475013733,0.40711113810539246,0.38093337416648865
6333,RIGHT_HEEL,0.7537301778793335,0.4819837212562561,0.30678591132164
6333,LEFT_FOOT_INDEX,0.8025280833244324,0.34339606761932373,0.263203501701355
6333,RIGHT_FOOT_INDEX,0.795515775680542,0.4802546501159668,0.16967681050300598
6366,NOSE,0.2487810105085373,0.4000900983810425,-0.3407292366027832
6366,LEFT_EYE_INNER,0.23427999019622803,0.38733676075935364,-0.3199121654033661
6366,LEFT_EYE,0.23455841839313507,0.3794041872024536,-0.31987661123275757
6366,LEFT_EYE_OUTER,0.23485927283763885,0.3730187714099884,-0.3199048638343811
6366,RIGHT_EYE_INNER,0.23392534255981445,0.41369250416755676,-0.32399502396583557
6366,RIGHT_EYE,0.23406767845153809,0.42458948493003845,-0.32405564188957214
6366,RIGHT_EYE_OUTER,0.23426513373851776,0.4353926479816437,-0.3239358365535736
6366,LEFT_EAR,0.24014094471931458,0.3689972460269928,-0.18883205950260162
6366,RIGHT_EAR,0.23876409232616425,0.45148125290870667,-0.21365904808044434
6366,MOUTH_LEFT,0.26336950063705444,0.3874947726726532,-0.29054003953933716
6366,MOUTH_RIGHT,0.2626242935657501,0.4196532368659973,-0.29743215441703796
6366,LEFT_SHOULDER,0.3231789767742157,0.30481186509132385,-0.10428428649902344
6366,RIGHT_SHOULDER,0.2984827756881714,0.5274991393089294,-0.15964196622371674
6366,LEFT_ELBOW,0.42295536398887634,0.28911271691322327,-0.024110697209835052
6366,RIGHT_ELBOW,0.22697003185749054,0.6440348625183105,-0.20627978444099426
6366,LEFT_WRIST,0.5124690532684326,0.28836920857429504,-0.022245053201913834
6366,RIGHT_WRIST,0.14412395656108856,0.7624591588973999,-0.24727968871593475
6366,LEFT_PINKY,0.5428385734558105,0.28395214676856995,-0.027978654950857162
6366,RIGHT_PINKY,0.12132171541452408,0.8091611862182617,-0.275661438703537
6366,LEFT_INDEX,0.5420494079589844,0.29543301463127136,-0.06764285266399384
6366,RIGHT_INDEX,0.11638207733631134,0.8056086301803589,-0.29707983136177063
6366,LEFT_THUMB,0.5335043668746948,0.30344468355178833,-0.038694385439157486
6366,RIGHT_THUMB,0.12543553113937378,0.7876510620117188,-0.2645983099937439
6366,LEFT_HIP,0.5171048641204834,0.36519914865493774,0.030182531103491783
6366,RIGHT_HIP,0.515699028968811,0.49189919233322144,-0.03044644370675087
6366,LEFT_KNEE,0.6482747793197632,0.355523943901062,0.11205746978521347
6366,RIGHT_KNEE,0.6449893712997437,0.4805265963077545,0.044169750064611435
6366,LEFT_ANKLE,0.7509025931358337,0.38867345452308655,0.36344414949417114
6366,RIGHT_ANKLE,0.7415543794631958,0.4822665750980377,0.2960129380226135
6366,LEFT_HEEL,0.7661664485931396,0.40715235471725464,0.38362401723861694
6366,RIGHT_HEEL,0.7542999982833862,0.4811267554759979,0.3156493306159973
6366,LEFT_FOOT_INDEX,0.8026121854782104,0.3433230519294739,0.2639247477054596
6366,RIGHT_FOOT_INDEX,0.7956587672233582,0.47810786962509155,0.17647507786750793
6400,NOSE,0.24879717826843262,0.40013888478279114,-0.34659603238105774
6400,LEFT_EYE_INNER,0.2342897653579712,0.38735431432724,-0.32484373450279236
6400,LEFT_EYE,0.23457106947898865,0.37944793701171875,-0.32482972741127014
6400,LEFT_EYE_OUTER,0.23486828804016113,0.37312600016593933,-0.32485997676849365
6400,RIGHT_EYE_INNER,0.23391370475292206,0.4136944115161896,-0.32860708236694336
6400,RIGHT_EYE,0.23401126265525818,0.42459747195243835,-0.3286551833152771
6400,RIGHT_EYE_OUTER,0.23413798213005066,0.43539509177207947,-0.3285355865955353
6400,LEFT_EAR,0.2400875836610794,0.36915093660354614,-0.190294548869133
6400,RIGHT_EAR,0.2384553700685501,0.4515417218208313,-0.21416866779327393
6400,MOUTH_LEFT,0.26333680748939514,0.38789018988609314,-0.2949804961681366
6400,MOUTH_RIGHT,0.26256605982780457,0.41989395022392273,-0.3014216721057892
6400,LEFT_SHOULDER,0.32310816645622253,0.304677814245224,-0.10425790399312973
6400,RIGHT_SHOULDER,0.29862263798713684,0.5285171270370483,-0.15329401195049286
6400,LEFT_ELBOW,0.42303553223609924,0.289078027009964,-0.019056182354688644
6400,RIGHT_ELBOW,0.23103579878807068,0.647432267665863,-0.16826745867729187
6400,LEFT_WRIST,0.5130175948143005,0.28837788105010986,-0.022571329027414322
6400,RIGHT_WRIST,0.1524164378643036,0.775134265422821,-0.20591044425964355
6400,LEFT_PINKY,0.5433152914047241,0.2838878929615021,-0.029602250084280968
6400,RIGHT_PINKY,0.1285437047481537,0.8237614035606384,-0.2333943396806717
6400,LEFT_INDEX,0.5425495505332947,0.2954005002975464,-0.069542795419693
6400,RIGHT_INDEX,0.12417365610599518,0.8195788860321045,-0.2573392987251282
6400,LEFT_THUMB,0.5339774489402771,0.30339595675468445,-0.03924540430307388
6400,RIGHT_THUMB,0.13520047068595886,0.7995179891586304,-0.2241731584072113
6400,LEFT_HIP,0.5171501636505127,0.36509644985198975,0.02911870740354061
6400,RIGHT_HIP,0.515961766242981,0.49250954389572144,-0.029353564605116844
6400,LEFT_KNEE,0.6474303603172302,0.3576413094997406,0.10993300378322601
6400,RIGHT_KNEE,0.6448928117752075,0.48358154296875,0.04358205944299698
6400,LEFT_ANKLE,0.750601053237915,0.38980597257614136,0.3674042522907257
6400,RIGHT_ANKLE,0.7416433691978455,0.4815410077571869,0.2958272099494934
6400,LEFT_HEEL,0.7660308480262756,0.4078688621520996,0.3883938789367676
6400,RIGHT_HEEL,0.7547708749771118,0.4783593416213989,0.31546610593795776
6400,LEFT_FOOT_INDEX,0.8028149604797363,0.3433172404766083,0.26403582096099854
6400,RIGHT_FOOT_INDEX,0.7960490584373474,0.4787853956222534,0.17223840951919556
6433,NOSE,0.24880766868591309,0.400158554315567,-0.3632994294166565
6433,LEFT_EYE_INNER,0.23441091179847717,0.3873548209667206,-0.3410336673259735
6433,LEFT_EYE,0.23468713462352753,0.37945684790611267,-0.3410291075706482
6433,LEFT_EYE_OUTER,0.23495128750801086,0.37314194440841675,-0.34105461835861206
6433,RIGHT_EYE_INNER,0.23398426175117493,0.41370540857315063,-0.3457593023777008
6433,RIGHT_EYE,0.23405048251152039,0.4246118664741516,-0.34580448269844055
6433,RIGHT_EYE_OUTER,0.2341587245464325,0.43539759516716003,-0.34568697214126587
6433,LEFT_EAR,0.2399950921535492,0.36910009384155273,-0.20088157057762146
6433,RIGHT_EAR,0.23830468952655792,0.45156097412109375,-0.22889673709869385
6433,MOUTH_LEFT,0.26333412528038025,0.387959748506546,-0.3093680441379547
6433,MOUTH_RIGHT,0.26257550716400146,0.4199398458003998,-0.31711894273757935
6433,LEFT_SHOULDER,0.3230794668197632,0.3045234680175781,-0.11358676850795746
6433,RIGHT_SHOULDER,0.2986370623111725,0.5290409326553345,-0.15364715456962585
6433,LEFT_ELBOW,0.4238329529762268,0.28897154331207275,-0.02769569121301174
6433,RIGHT_ELBOW,0.23598679900169373,0.6583729982376099,-0.1756824105978012
6433,LEFT_WRIST,0.5136492252349854,0.2875593304634094,-0.048810672014951706
6433,RIGHT_WRIST,0.16107630729675293,0.7897182106971741,-0.222026988863945
6433,LEFT_PINKY,0.5442112684249878,0.2831078767776489,-0.05975040793418884
6433,RIGHT_PINKY,0.14056052267551422,0.839940071105957,-0.2507653832435608
6433,LEFT_INDEX,0.5432499051094055,0.29489386081695557,-0.10090823471546173
6433,RIGHT_INDEX,0.13499630987644196,0.8349878787994385,-0.26777732372283936
6433,LEFT_THUMB,0.5344909429550171,0.3025924563407898,-0.0663490742444992
6433,RIGHT_THUMB,0.14518561959266663,0.81331467628479,-0.23864302039146423
6433,LEFT_HIP,0.5169392228126526,0.36380118131637573,0.02549675665795803
6433,RIGHT_HIP,0.5159168839454651,0.4925651550292969,-0.02569516934454441
6433,LEFT_KNEE,0.6471650004386902,0.35811924934387207,0.0867808610200882
6433,RIGHT_KNEE,0.645043671131134,0.4869280457496643,0.04317575693130493
6433,LEFT_ANKLE,0.7500060200691223,0.3906320333480835,0.3758087158203125
6433,RIGHT_ANKLE,0.7416261434555054,0.47827720642089844,0.31791257858276367
6433,LEFT_HEEL,0.7643558382987976,0.4091876149177551,0.4000815451145172
6433,RIGHT_HEEL,0.7548474073410034,0.47425350546836853,0.3400443196296692
6433,LEFT_FOOT_INDEX,0.8029353022575378,0.343288391828537,0.27286672592163086
6433,RIGHT_FOOT_INDEX,0.7967868447303772,0.47890031337738037,0.19247287511825562
6466,NOSE,0.24881179630756378,0.401040643453598,-0.3590391278266907
6466,LEFT_EYE_INNER,0.23458948731422424,0.3879116475582123,-0.3367307484149933
6466,LEFT_EYE,0.23483280837535858,0.37984275817871094,-0.3367285132408142
6466,LEFT_EYE_OUTER,0.23503854870796204,0.37348446249961853,-0.3367673456668854
6466,RIGHT_EYE_INNER,0.2341090440750122,0.41447848081588745,-0.34125086665153503
6466,RIGHT_EYE,0.23413102328777313,0.4252874255180359,-0.34128811955451965
6466,RIGHT_EYE_OUTER,0.234230637550354,0.4357941448688507,-0.3411700129508972
6466,LEFT_EAR,0.23986797034740448,0.3690555989742279,-0.200069397687912
6466,RIGHT_EAR,0.23826834559440613,0.4517350494861603,-0.22641626000404358
6466,MOUTH_LEFT,0.2632412910461426,0.38843634724617004,-0.3052082061767578
6466,MOUTH_RIGHT,0.26256173849105835,0.42044058442115784,-0.3126813471317291
6466,LEFT_SHOULDER,0.32306423783302307,0.3053356111049652,-0.10014299303293228
6466,RIGHT_SHOULDER,0.29863980412483215,0.5308497548103333,-0.1410447210073471
6466,LEFT_ELBOW,0.4236842095851898,0.2916608154773712,0.0051772017031908035
6466,RIGHT_ELBOW,0.24217084050178528,0.6660951972007751,-0.13786301016807556
6466,LEFT_WRIST,0.5133048295974731,0.28946730494499207,-0.02016642317175865
6466,RIGHT_WRIST,0.172471821308136,0.8024514317512512,-0.20061635971069336
6466,LEFT_PINKY,0.5438517332077026,0.2850601077079773,-0.03202010691165924
6466,RIGHT_PINKY,0.1539364755153656,0.8534237146377563,-0.2306244671344757
6466,LEFT_INDEX,0.542840838432312,0.2961868643760681,-0.08006720244884491
6466,RIGHT_INDEX,0.14809206128120422,0.8499555587768555,-0.2596728205680847
6466,LEFT_THUMB,0.5340472459793091,0.3043426275253296,-0.040105678141117096
6466,RIGHT_THUMB,0.1564420908689499,0.8304228186607361,-0.22123262286186218
6466,LEFT_HIP,0.5156217217445374,0.3636346459388733,0.025333072990179062
6466,RIGHT_HIP,0.5156807899475098,0.4927191436290741,-0.02550695836544037
6466,LEFT_KNEE,0.646453320980072,0.3581138253211975,0.09107054769992828
6466,RIGHT_KNEE,0.645406186580658,0.4867321848869324,0.03701358288526535
6466,LEFT_ANKLE,0.7496412992477417,0.39059555530548096,0.3760209381580353
6466,RIGHT_ANKLE,0.7432297468185425,0.47770798206329346,0.30727633833885193
6466,LEFT_HEEL,0.7638086080551147,0.40918752551078796,0.3986318111419678
6466,RIGHT_HEEL,0.7571038603782654,0.4742666482925415,0.3280385732650757
6466,LEFT_FOOT_INDEX,0.8028243780136108,0.3432631194591522,0.2686634063720703
6466,RIGHT_FOOT_INDEX,0.798007071018219,0.47899025678634644,0.17438861727714539
6500,NOSE,0.2486766278743744,0.4016808271408081,-0.3569662868976593
6500,LEFT_EYE_INNER,0.2345060557126999,0.3887416422367096,-0.33497458696365356
6500,LEFT_EYE,0.23470136523246765,0.38060539960861206,-0.3349616825580597
6500,LEFT_EYE_OUTER,0.23486384749412537,0.37423035502433777,-0.33500200510025024
6500,RIGHT_EYE_INNER,0.23405542969703674,0.41511398553848267,-0.3393109440803528
6500,RIGHT_EYE,0.23409509658813477,0.42563489079475403,-0.33935192227363586
6500,RIGHT_EYE_OUTER,0.2342284917831421,0.43591028451919556,-0.3392336964607239
6500,LEFT_EAR,0.2395353615283966,0.36923882365226746,-0.19822125136852264
6500,RIGHT_EAR,0.23831625282764435,0.45179539918899536,-0.22413703799247742
6500,MOUTH_LEFT,0.26308971643447876,0.3886607587337494,-0.303379088640213
6500,MOUTH_RIGHT,0.2625247836112976,0.4207993745803833,-0.31086453795433044
6500,LEFT_SHOULDER,0.32305869460105896,0.3058260977268219,-0.10025584697723389
6500,RIGHT_SHOULDER,0.29871198534965515,0.5313917398452759,-0.1450800895690918
6500,LEFT_ELBOW,0.4236884117126465,0.29232534766197205,0.0039052783977240324
6500,RIGHT_ELBOW,0.24894928932189941,0.6701158881187439,-0.20333580672740936
6500,LEFT_WRIST,0.5133591890335083,0.2894652783870697,-0.04131293669342995
6500,RIGHT_WRIST,0.18679477274417877,0.8144103288650513,-0.34337228536605835
6500,LEFT_PINKY,0.5443254709243774,0.28477993607521057,-0.05224117636680603
6500,RIGHT_PINKY,0.17032960057258606,0.8610261678695679,-0.38195496797561646
6500,LEFT_INDEX,0.5434342622756958,0.29613226652145386,-0.09603199362754822
6500,RIGHT_INDEX,0.1644294559955597,0.8603642582893372,-0.4065678119659424
6500,LEFT_THUMB,0.5346634984016418,0.30429807305336,-0.05967901274561882
6500,RIGHT_THUMB,0.17206795513629913,0.8432349562644958,-0.3633931577205658
6500,LEFT_HIP,0.514723539352417,0.36344578862190247,0.026329338550567627
6500,RIGHT_HIP,0.5153077840805054,0.49235475063323975,-0.026522642001509666
6500,LEFT_KNEE,0.6451553106307983,0.35798516869544983,0.10589895397424698
6500,RIGHT_KNEE,0.6453737020492554,0.48619338870048523,0.03747357800602913
6500,LEFT_ANKLE,0.7498551607131958,0.3906295895576477,0.3785146474838257
6500,RIGHT_ANKLE,0.7434150576591492,0.4778916537761688,0.3051798939704895
6500,LEFT_HEEL,0.7639870047569275,0.4096723794937134,0.3999391794204712
6500,RIGHT_HEEL,0.7576634883880615,0.47539520263671875,0.3254551589488983
6500,LEFT_FOOT_INDEX,0.8028919100761414,0.34038710594177246,0.27181679010391235
6500,RIGHT_FOOT_INDEX,0.7979716062545776,0.47883161902427673,0.17490027844905853
6533,NOSE,0.24893537163734436,0.4015721082687378,-0.4062521457672119
6533,LEFT_EYE_INNER,0.23461611568927765,0.38865503668785095,-0.38507017493247986
6533,LEFT_EYE,0.2347368746995926,0.3806074261665344,-0.38503697514533997
6533,LEFT_EYE_OUTER,0.23487789928913116,0.3742522895336151,-0.38507890701293945
6533,RIGHT_EYE_INNER,0.23430697619915009,0.4150412678718567,-0.3903326392173767
6533,RIGHT_EYE,0.23436172306537628,0.42554301023483276,-0.390399307012558
6533,RIGHT_EYE_OUTER,0.23456215858459473,0.4355795085430145,-0.3903193175792694
6533,LEFT_EAR,0.23949114978313446,0.3691004514694214,-0.23758940398693085
6533,RIGHT_EAR,0.2387375831604004,0.45176705718040466,-0.27029117941856384
6533,MOUTH_LEFT,0.2631610035896301,0.3885020315647125,-0.34888532757759094
6533,MOUTH_RIGHT,0.26279309391975403,0.4206986427307129,-0.3581225574016571
6533,LEFT_SHOULDER,0.3235059678554535,0.3058907091617584,-0.13431605696678162
6533,RIGHT_SHOULDER,0.29926028847694397,0.5313751697540283,-0.19181784987449646
6533,LEFT_ELBOW,0.42620763182640076,0.292304128408432,-0.05092155933380127
6533,RIGHT_ELBOW,0.2570367157459259,0.6749762892723083,-0.2556740641593933
6533,LEFT_WRIST,0.5170464515686035,0.28935912251472473,-0.0985533595085144
6533,RIGHT_WRIST,0.2024673968553543,0.8299596905708313,-0.3974052667617798
6533,LEFT_PINKY,0.5477202534675598,0.28453758358955383,-0.11151919513940811
6533,RIGHT_PINKY,0.18658581376075745,0.8801502585411072,-0.4381832480430603
6533,LEFT_INDEX,0.547290563583374,0.2960444390773773,-0.15676936507225037
6533,RIGHT_INDEX,0.17983612418174744,0.8819195032119751,-0.46904364228248596
6533,LEFT_THUMB,0.5382762551307678,0.30402782559394836,-0.11785837262868881
6533,RIGHT_THUMB,0.18637707829475403,0.8633051514625549,-0.41982775926589966
6533,LEFT_HIP,0.5149336457252502,0.3633454144001007,0.027961671352386475
6533,RIGHT_HIP,0.5153564214706421,0.4911966621875763,-0.028177523985505104
6533,LEFT_KNEE,0.6454187035560608,0.357979416847229,0.12119408696889877
6533,RIGHT_KNEE,0.6457709074020386,0.4874393343925476,0.037511177361011505
6533,LEFT_ANKLE,0.750091016292572,0.390738844871521,0.4111422598361969
6533,RIGHT_ANKLE,0.7437390685081482,0.4781784117221832,0.30886709690093994
6533,LEFT_HEEL,0.7638696432113647,0.40998852252960205,0.43418169021606445
6533,RIGHT_HEEL,0.7576577663421631,0.4760840833187103,0.32956016063690186
6533,LEFT_FOOT_INDEX,0.8028984069824219,0.3386513590812683,0.3071531057357788
6533,RIGHT_FOOT_INDEX,0.8000162243843079,0.47954893112182617,0.17686256766319275
6566,NOSE,0.24908609688282013,0.40135324001312256,-0.3909011781215668
6566,LEFT_EYE_INNER,0.23474767804145813,0.38842684030532837,-0.37103524804115295
6566,LEFT_EYE,0.23480625450611115,0.38058409094810486,-0.37100109457969666
6566,LEFT_EYE_OUTER,0.23489677906036377,0.3742517828941345,-0.37103742361068726
6566,RIGHT_EYE_INNER,0.2346559315919876,0.41478174924850464,-0.3760415017604828
6566,RIGHT_EYE,0.23474013805389404,0.4251820743083954,-0.37609535455703735
6566,RIGHT_EYE_OUTER,0.2349461317062378,0.43486732244491577,-0.3760110139846802
6566,LEFT_EAR,0.23947899043560028,0.368125319480896,-0.23074917495250702
6566,RIGHT_EAR,0.23904481530189514,0.4516340494155884,-0.2628784477710724
6566,MOUTH_LEFT,0.26327085494995117,0.3877922594547272,-0.3362065255641937
6566,MOUTH_RIGHT,0.262973427772522,0.4202197194099426,-0.34512943029403687
6566,LEFT_SHOULDER,0.3238363564014435,0.3059699535369873,-0.1351458728313446
6566,RIGHT_SHOULDER,0.3001424968242645,0.5313751101493835,-0.1864452362060547
6566,LEFT_ELBOW,0.4274783730506897,0.2922901511192322,-0.04831388592720032
6566,RIGHT_ELBOW,0.26636800169944763,0.6773463487625122,-0.24036088585853577
6566,LEFT_WRIST,0.5194755792617798,0.2901627719402313,-0.07596754282712936
6566,RIGHT_WRIST,0.21885696053504944,0.8343886733055115,-0.3672112822532654
6566,LEFT_PINKY,0.5497277975082397,0.2849852740764618,-0.08562715351581573
6566,RIGHT_PINKY,0.2050117701292038,0.8883811235427856,-0.4031620919704437
6566,LEFT_INDEX,0.5494272112846375,0.2965001165866852,-0.12812355160713196
6566,RIGHT_INDEX,0.20006319880485535,0.8870697021484375,-0.43603935837745667
6566,LEFT_THUMB,0.5403410196304321,0.30473166704177856,-0.09367814660072327
6566,RIGHT_THUMB,0.20501840114593506,0.867462694644928,-0.3900735080242157
6566,LEFT_HIP,0.5150217413902283,0.3633508086204529,0.027941370382905006
6566,RIGHT_HIP,0.5153738260269165,0.49076220393180847,-0.028162900358438492
6566,LEFT_KNEE,0.645402193069458,0.35833778977394104,0.12213361263275146
6566,RIGHT_KNEE,0.6454458832740784,0.48727306723594666,0.042988501489162445
6566,LEFT_ANKLE,0.7500499486923218,0.3909127116203308,0.40147465467453003
6566,RIGHT_ANKLE,0.7436789274215698,0.4784485399723053,0.3140721023082733
6566,LEFT_HEEL,0.7634568214416504,0.4106062948703766,0.4237307012081146
6566,RIGHT_HEEL,0.7576224207878113,0.4761431813240051,0.33487892150878906
6566,LEFT_FOOT_INDEX,0.8031524419784546,0.3369428217411041,0.30059167742729187
6566,RIGHT_FOOT_INDEX,0.8013797998428345,0.4819360077381134,0.18685613572597504
6600,NOSE,0.24827611446380615,0.4005270302295685,-0.35104843974113464
6600,LEFT_EYE_INNER,0.23397478461265564,0.3883175849914551,-0.3281353712081909
6600,LEFT_EYE,0.23377518355846405,0.3805845379829407,-0.3281196653842926
6600,LEFT_EYE_OUTER,0.23367980122566223,0.37426063418388367,-0.328165739774704
6600,RIGHT_EYE_INNER,0.234148770570755,0.41448283195495605,-0.33319056034088135
6600,RIGHT_EYE,0.23423393070697784,0.42451849579811096,-0.3332553803920746
6600,RIGHT_EYE_OUTER,0.2344905585050583,0.433912068605423,-0.3332172632217407
6600,LEFT_EAR,0.23880331218242645,0.3676550090312958,-0.18339219689369202
6600,RIGHT_EAR,0.23902186751365662,0.45126861333847046,-0.21646440029144287
6600,MOUTH_LEFT,0.26198211312294006,0.38654205203056335,-0.2963455319404602
6600,MOUTH_RIGHT,0.261479914188385,0.4190022051334381,-0.30576878786087036
6600,LEFT_SHOULDER,0.32374757528305054,0.30582180619239807,-0.09841666370630264
6600,RIGHT_SHOULDER,0.30064886808395386,0.5314110517501831,-0.1615840494632721
6600,LEFT_ELBOW,0.4273424744606018,0.29330015182495117,-0.044684551656246185
6600,RIGHT_ELBOW,0.2789291739463806,0.6759907007217407,-0.2792508006095886
6600,LEFT_WRIST,0.5192197561264038,0.290158212184906,-0.083978570997715
6600,RIGHT_WRIST,0.2366856336593628,0.8324502110481262,-0.5030518174171448
6600,LEFT_PINKY,0.5495688319206238,0.28463366627693176,-0.09597395360469818
6600,RIGHT_PINKY,0.22511418163776398,0.8898929953575134,-0.5549526810646057
6600,LEFT_INDEX,0.5492892861366272,0.2962462604045868,-0.13902007043361664
6600,RIGHT_INDEX,0.22067050635814667,0.8828994631767273,-0.5764951705932617
6600,LEFT_THUMB,0.5403701066970825,0.3044997453689575,-0.10224530845880508
6600,RIGHT_THUMB,0.22568663954734802,0.8621997237205505,-0.5239667296409607
6600,LEFT_HIP,0.5149989128112793,0.363294780254364,0.029050197452306747
6600,RIGHT_HIP,0.5153263211250305,0.4905187487602234,-0.029283568263053894
6600,LEFT_KNEE,0.6454084515571594,0.3582002818584442,0.11985178291797638
6600,RIGHT_KNEE,0.6459625959396362,0.4870188534259796,0.040525536984205246
6600,LEFT_ANKLE,0.750106155872345,0.39091232419013977,0.3989565968513489
6600,RIGHT_ANKLE,0.7458540797233582,0.4786534607410431,0.3125555217266083
6600,LEFT_HEEL,0.7633196711540222,0.4106074869632721,0.4215194582939148
6600,RIGHT_HEEL,0.7589194178581238,0.476467102766037,0.3340492844581604
6600,LEFT_FOOT_INDEX,0.80315101146698,0.3368983566761017,0.2971714735031128
6600,RIGHT_FOOT_INDEX,0.803005576133728,0.4821377992630005,0.18634268641471863
6633,NOSE,0.24826911091804504,0.3962499499320984,-0.2981531620025635
6633,LEFT_EYE_INNER,0.2339281588792801,0.38648515939712524,-0.27806395292282104
6633,LEFT_EYE,0.23372873663902283,0.37975943088531494,-0.2780541479587555
6633,LEFT_EYE_OUTER,0.23364730179309845,0.3732898235321045,-0.2781132459640503
6633,RIGHT_EYE_INNER,0.23400373756885529,0.41134148836135864,-0.2830813229084015
6633,RIGHT_EYE,0.2340250462293625,0.42150014638900757,-0.2831166088581085
6633,RIGHT_EYE_OUTER,0.23419073224067688,0.4310548007488251,-0.2830556035041809
6633,LEFT_EAR,0.2387898862361908,0.36712101101875305,-0.15204092860221863
6633,RIGHT_EAR,0.23900160193443298,0.4508360028266907,-0.18250665068626404
6633,MOUTH_LEFT,0.26190799474716187,0.3844134509563446,-0.2500622868537903
6633,MOUTH_RIGHT,0.26126745343208313,0.41584935784339905,-0.25851374864578247
6633,LEFT_SHOULDER,0.32290011644363403,0.3056836724281311,-0.0936465784907341
6633,RIGHT_SHOULDER,0.3016112446784973,0.5314492583274841,-0.12681248784065247
6633,LEFT_ELBOW,0.4259994924068451,0.29334262013435364,-0.048911526799201965
6633,RIGHT_ELBOW,0.2891656458377838,0.6817111372947693,-0.1796737164258957
6633,LEFT_WRIST,0.5190870761871338,0.29015687108039856,-0.08749200403690338
6633,RIGHT_WRIST,0.2564851641654968,0.8476085066795349,-0.2796532213687897
6633,LEFT_PINKY,0.5494212508201599,0.28433114290237427,-0.09816291183233261
6633,RIGHT_PINKY,0.24416577816009521,0.9087868332862854,-0.30690374970436096
6633,LEFT_INDEX,0.5490354299545288,0.29608407616615295,-0.13493718206882477
6633,RIGHT_INDEX,0.24232950806617737,0.9066407680511475,-0.33091768622398376
6633,LEFT_THUMB,0.5401327013969421,0.3043902814388275,-0.10314241796731949
6633,RIGHT_THUMB,0.2464548647403717,0.8824374675750732,-0.29818570613861084
6633,LEFT_HIP,0.514423131942749,0.3626243472099304,0.025554826483130455
6633,RIGHT_HIP,0.5149345993995667,0.4900752604007721,-0.02577781118452549
6633,LEFT_KNEE,0.6460686326026917,0.35992303490638733,0.06693854182958603
6633,RIGHT_KNEE,0.647516667842865,0.48704275488853455,0.03813546523451805
6633,LEFT_ANKLE,0.750532329082489,0.391048401594162,0.31933698058128357
6633,RIGHT_ANKLE,0.7458743453025818,0.48203587532043457,0.289128839969635
6633,LEFT_HEEL,0.7635526657104492,0.4106390178203583,0.3401547074317932
6633,RIGHT_HEEL,0.758866548538208,0.4776756763458252,0.30945467948913574
6633,LEFT_FOOT_INDEX,0.8045382499694824,0.3369544446468353,0.22976180911064148
6633,RIGHT_FOOT_INDEX,0.8032053112983704,0.48525238037109375,0.18178145587444305
6666,NOSE,0.2473103255033493,0.3963474631309509,-0.39228397607803345
6666,LEFT_EYE_INNER,0.2328367978334427,0.3864477872848511,-0.3740687966346741
6666,LEFT_EYE,0.23273904621601105,0.3797597587108612,-0.3740536570549011
6666,LEFT_EYE_OUTER,0.2326495349407196,0.37328651547431946,-0.37410682439804077
6666,RIGHT_EYE_INNER,0.23306898772716522,0.4113750755786896,-0.37599465250968933
6666,RIGHT_EYE,0.23314158618450165,0.4215443432331085,-0.3760339319705963
6666,RIGHT_EYE_OUTER,0.23325487971305847,0.43108269572257996,-0.3760165572166443
6666,LEFT_EAR,0.23843005299568176,0.36661097407341003,-0.24183444678783417
6666,RIGHT_EAR,0.23876097798347473,0.45074212551116943,-0.258664608001709
6666,MOUTH_LEFT,0.2610284388065338,0.38439857959747314,-0.34111177921295166
6666,MOUTH_RIGHT,0.2603256106376648,0.4158761203289032,-0.34551116824150085
6666,LEFT_SHOULDER,0.3226015269756317,0.30497705936431885,-0.1669294536113739
6666,RIGHT_SHOULDER,0.3026042580604553,0.5315919518470764,-0.1534556746482849
6666,LEFT_ELBOW,0.4256146550178528,0.29332390427589417,-0.10688287019729614
6666,RIGHT_ELBOW,0.2993696331977844,0.6891694664955139,-0.14711588621139526
6666,LEFT_WRIST,0.5188322067260742,0.2910010814666748,-0.16568630933761597
6666,RIGHT_WRIST,0.2808390259742737,0.8710436224937439,-0.20748047530651093
6666,LEFT_PINKY,0.5492871999740601,0.2849990427494049,-0.18342678248882294
6666,RIGHT_PINKY,0.27495986223220825,0.9313656091690063,-0.22912223637104034
6666,LEFT_INDEX,0.5490680932998657,0.2973566949367523,-0.22417068481445312
6666,RIGHT_INDEX,0.2732350528240204,0.9335389733314514,-0.27281293272972107
6666,LEFT_THUMB,0.5401870608329773,0.30580246448516846,-0.18350785970687866
6666,RIGHT_THUMB,0.27586621046066284,0.9141263365745544,-0.23279336094856262
6666,LEFT_HIP,0.5133432745933533,0.36142852902412415,0.018726002424955368
6666,RIGHT_HIP,0.5144089460372925,0.48961833119392395,-0.018909139558672905
6666,LEFT_KNEE,0.6459397673606873,0.3603774905204773,0.06955409795045853
6666,RIGHT_KNEE,0.6473318934440613,0.487091064453125,0.04380331560969353
6666,LEFT_ANKLE,0.7500389814376831,0.3909255266189575,0.34686464071273804
6666,RIGHT_ANKLE,0.7460217475891113,0.48118409514427185,0.32533860206604004
6666,LEFT_HEEL,0.7626808285713196,0.40949511528015137,0.3734213709831238
6666,RIGHT_HEEL,0.7588409185409546,0.4742225110530853,0.3470952808856964
6666,LEFT_FOOT_INDEX,0.8043869137763977,0.33697494864463806,0.23544096946716309
6666,RIGHT_FOOT_INDEX,0.8032855987548828,0.4867587983608246,0.19958877563476562
6700,NOSE,0.2472529113292694,0.39635032415390015,-0.39556223154067993
6700,LEFT_EYE_INNER,0.23276031017303467,0.3864147961139679,-0.37894415855407715
6700,LEFT_EYE,0.2326633632183075,0.3797600269317627,-0.3789317011833191
6700,LEFT_EYE_OUTER,0.23253922164440155,0.37327608466148376,-0.37896403670310974
6700,RIGHT_EYE_INNER,0.2330116480588913,0.4114033579826355,-0.3810654580593109
6700,RIGHT_EYE,0.23309090733528137,0.4215824604034424,-0.3811030089855194
6700,RIGHT_EYE_OUTER,0.23319849371910095,0.4311010241508484,-0.3810918927192688
6700,LEFT_EAR,0.23835356533527374,0.36621254682540894,-0.24780651926994324
6700,RIGHT_EAR,0.2387647181749344,0.45072808861732483,-0.2652367353439331
6700,MOUTH_LEFT,0.2609831690788269,0.38425227999687195,-0.34402742981910706
6700,MOUTH_RIGHT,0.260306715965271,0.41575801372528076,-0.34863370656967163
6700,LEFT_SHOULDER,0.3225727081298828,0.30373314023017883,-0.16824862360954285
6700,RIGHT_SHOULDER,0.3027583658695221,0.5314747095108032,-0.1633453071117401
6700,LEFT_ELBOW,0.4250873923301697,0.29332128167152405,-0.11256476491689682
6700,RIGHT_ELBOW,0.3088199496269226,0.6882238388061523,-0.14888927340507507
6700,LEFT_WRIST,0.518783450126648,0.2914733290672302,-0.18818214535713196
6700,RIGHT_WRIST,0.2969288229942322,0.8726386427879333,-0.2168787717819214
6700,LEFT_PINKY,0.5492064356803894,0.2852329611778259,-0.20875179767608643
6700,RIGHT_PINKY,0.2940146327018738,0.9326069355010986,-0.24048539996147156
6700,LEFT_INDEX,0.5489349365234375,0.29749596118927,-0.2494494616985321
6700,RIGHT_INDEX,0.29214730858802795,0.9346293210983276,-0.28396326303482056
6700,LEFT_THUMB,0.5400673151016235,0.3059524893760681,-0.2063113898038864
6700,RIGHT_THUMB,0.294513076543808,0.9152924418449402,-0.2418833076953888
6700,LEFT_HIP,0.5128737688064575,0.3613397777080536,0.017957890406250954
6700,RIGHT_HIP,0.5129778981208801,0.489452064037323,-0.018112873658537865
6700,LEFT_KNEE,0.6459311842918396,0.3603767454624176,0.078295037150383
6700,RIGHT_KNEE,0.6468722224235535,0.48691779375076294,0.048836689442396164
6700,LEFT_ANKLE,0.7505400776863098,0.3906205892562866,0.35435885190963745
6700,RIGHT_ANKLE,0.7462593913078308,0.48128318786621094,0.3212119936943054
6700,LEFT_HEEL,0.7632855176925659,0.4092434346675873,0.3779281973838806
6700,RIGHT_HEEL,0.7594231963157654,0.47434452176094055,0.3420676290988922
6700,LEFT_FOOT_INDEX,0.8044241666793823,0.33714476227760315,0.24602870643138885
6700,RIGHT_FOOT_INDEX,0.8027286529541016,0.4876348674297333,0.196224644780159
6733,NOSE,0.2470003068447113,0.3962767720222473,-0.40585511922836304
6733,LEFT_EYE_INNER,0.2324223816394806,0.38628116250038147,-0.3903989791870117
6733,LEFT_EYE,0.2323726862668991,0.37969666719436646,-0.39038771390914917
6733,LEFT_EYE_OUTER,0.23227842152118683,0.3731313943862915,-0.3904096484184265
6733,RIGHT_EYE_INNER,0.23262333869934082,0.41135352849960327,-0.39228686690330505
6733,RIGHT_EYE,0.2326945960521698,0.42150357365608215,-0.39232784509658813
6733,RIGHT_EYE_OUTER,0.2328193634748459,0.4310065805912018,-0.3923349380493164
6733,LEFT_EAR,0.23825374245643616,0.36578309535980225,-0.2590525448322296
6733,RIGHT_EAR,0.23869185149669647,0.4506872296333313,-0.27574560046195984
6733,MOUTH_LEFT,0.2607646584510803,0.3842220604419708,-0.35378968715667725
6733,MOUTH_RIGHT,0.26007309556007385,0.4157039225101471,-0.35817867517471313
6733,LEFT_SHOULDER,0.3225725591182709,0.3036244511604309,-0.17489637434482574
6733,RIGHT_SHOULDER,0.30278822779655457,0.5311724543571472,-0.17229516804218292
6733,LEFT_ELBOW,0.4248778223991394,0.29386794567108154,-0.11502452939748764
6733,RIGHT_ELBOW,0.3228777348995209,0.6862207055091858,-0.14558696746826172
6733,LEFT_WRIST,0.5186100006103516,0.2918996512889862,-0.18961593508720398
6733,RIGHT_WRIST,0.3229217827320099,0.8672888875007629,-0.20451350510120392
6733,LEFT_PINKY,0.5490977764129639,0.28534266352653503,-0.2088509351015091
6733,RIGHT_PINKY,0.32440808415412903,0.9284729957580566,-0.22501817345619202
6733,LEFT_INDEX,0.5488361716270447,0.29748624563217163,-0.24862715601921082
6733,RIGHT_INDEX,0.32307276129722595,0.9303337931632996,-0.27167096734046936
6733,LEFT_THUMB,0.5399779081344604,0.3059304654598236,-0.2074413299560547
6733,RIGHT_THUMB,0.32389089465141296,0.9104515314102173,-0.23033809661865234
6733,LEFT_HIP,0.5127634406089783,0.36126819252967834,0.018189217895269394
6733,RIGHT_HIP,0.5127407312393188,0.4891870319843292,-0.018347125500440598
6733,LEFT_KNEE,0.6454657316207886,0.3614157438278198,0.08879265189170837
6733,RIGHT_KNEE,0.6454168558120728,0.4869168698787689,0.054940175265073776
6733,LEFT_ANKLE,0.7501578330993652,0.39060673117637634,0.3630909025669098
6733,RIGHT_ANKLE,0.7458149194717407,0.4815915524959564,0.32321617007255554
6733,LEFT_HEEL,0.7628085613250732,0.4092543423175812,0.3847951591014862
6733,RIGHT_HEEL,0.7592347860336304,0.4743300974369049,0.3437665104866028
6733,LEFT_FOOT_INDEX,0.8043099641799927,0.3371357321739197,0.2535240948200226
6733,RIGHT_FOOT_INDEX,0.8026549220085144,0.490221232175827,0.19975873827934265
6766,NOSE,0.2467510998249054,0.39596179127693176,-0.40008777379989624
6766,LEFT_EYE_INNER,0.232261061668396,0.38606345653533936,-0.38365164399147034
6766,LEFT_EYE,0.23226001858711243,0.379535973072052,-0.38365277647972107
6766,LEFT_EYE_OUTER,0.23221728205680847,0.37282058596611023,-0.38367655873298645
6766,RIGHT_EYE_INNER,0.23231248557567596,0.4112679064273834,-0.3864539861679077
6766,RIGHT_EYE,0.2323743849992752,0.42139676213264465,-0.38648682832717896
6766,RIGHT_EYE_OUTER,0.23251906037330627,0.4309159517288208,-0.38648855686187744
6766,LEFT_EAR,0.2382388859987259,0.36536216735839844,-0.24988675117492676
6766,RIGHT_EAR,0.23864254355430603,0.450678288936615,-0.2703422009944916
6766,MOUTH_LEFT,0.2606234848499298,0.3839748501777649,-0.34734228253364563
6766,MOUTH_RIGHT,0.2599310278892517,0.41566765308380127,-0.3528211712837219
6766,LEFT_SHOULDER,0.32256776094436646,0.30337491631507874,-0.16518276929855347
6766,RIGHT_SHOULDER,0.303916871547699,0.5306760668754578,-0.17278209328651428
6766,LEFT_ELBOW,0.424177885055542,0.29398247599601746,-0.10873524844646454
6766,RIGHT_ELBOW,0.330990731716156,0.6848233938217163,-0.14913012087345123
6766,LEFT_WRIST,0.518555760383606,0.29191505908966064,-0.1944059580564499
6766,RIGHT_WRIST,0.34017544984817505,0.8587982058525085,-0.21966180205345154
6766,LEFT_PINKY,0.5490756630897522,0.2853083908557892,-0.21532762050628662
6766,RIGHT_PINKY,0.34269487857818604,0.921183705329895,-0.24370315670967102
6766,LEFT_INDEX,0.5488020181655884,0.29742369055747986,-0.2549838721752167
6766,RIGHT_INDEX,0.3416542708873749,0.9226886034011841,-0.28802621364593506
6766,LEFT_THUMB,0.539946436882019,0.3058778941631317,-0.21250948309898376
6766,RIGHT_THUMB,0.34296920895576477,0.9017717242240906,-0.24470946192741394
6766,LEFT_HIP,0.5127131938934326,0.36121076345443726,0.018760990351438522
6766,RIGHT_HIP,0.5126861929893494,0.4890194237232208,-0.018928086385130882
6766,LEFT_KNEE,0.6449586749076843,0.36141344904899597,0.10057481378316879
6766,RIGHT_KNEE,0.6444958448410034,0.4859697222709656,0.056347984820604324
6766,LEFT_ANKLE,0.7497382164001465,0.39012807607650757,0.37256211042404175
6766,RIGHT_ANKLE,0.7457837462425232,0.4792323112487793,0.32354509830474854
6766,LEFT_HEEL,0.7621719241142273,0.4092462360858917,0.39359086751937866
6766,RIGHT_HEEL,0.7592496275901794,0.47331249713897705,0.344359815120697
6766,LEFT_FOOT_INDEX,0.8040453791618347,0.33749639987945557,0.2649978697299957
6766,RIGHT_FOOT_INDEX,0.8026262521743774,0.48919761180877686,0.20187513530254364
6800,NOSE,0.2464582920074463,0.3955368399620056,-0.3923397362232208
6800,LEFT_EYE_INNER,0.23210306465625763,0.3858548104763031,-0.3753821849822998
6800,LEFT_EYE,0.23216502368450165,0.3794085681438446,-0.37538114190101624
6800,LEFT_EYE_OUTER,0.2321929931640625,0.3726072907447815,-0.3754046559333801
6800,RIGHT_EYE_INNER,0.2320103943347931,0.41089698672294617,-0.3784427344799042
6800,RIGHT_EYE,0.23211701214313507,0.42101556062698364,-0.3784704804420471
6800,RIGHT_EYE_OUTER,0.23232224583625793,0.43057313561439514,-0.3784562349319458
6800,LEFT_EAR,0.23823752999305725,0.3651331663131714,-0.24330468475818634
6800,RIGHT_EAR,0.2386433184146881,0.4506523907184601,-0.2646790146827698
6800,MOUTH_LEFT,0.2603197395801544,0.38374125957489014,-0.3400641679763794
6800,MOUTH_RIGHT,0.25959479808807373,0.41540876030921936,-0.34589892625808716
6800,LEFT_SHOULDER,0.32254427671432495,0.30336782336235046,-0.163955956697464
6800,RIGHT_SHOULDER,0.3044824004173279,0.5305274724960327,-0.17231574654579163
6800,LEFT_ELBOW,0.4237822890281677,0.29404109716415405,-0.11937962472438812
6800,RIGHT_ELBOW,0.33878785371780396,0.6838937401771545,-0.154983252286911
6800,LEFT_WRIST,0.5184255242347717,0.29136011004447937,-0.2149149626493454
6800,RIGHT_WRIST,0.36069127917289734,0.8544317483901978,-0.2321237325668335
6800,LEFT_PINKY,0.549031138420105,0.28350403904914856,-0.23797647655010223
6800,RIGHT_PINKY,0.36971819400787354,0.9149354696273804,-0.2570546567440033
6800,LEFT_INDEX,0.5487817525863647,0.29605796933174133,-0.2771233916282654
6800,RIGHT_INDEX,0.3693418502807617,0.9157752394676208,-0.2993761897087097
6800,LEFT_THUMB,0.5399249196052551,0.30467334389686584,-0.23294074833393097
6800,RIGHT_THUMB,0.3682165741920471,0.895214319229126,-0.2561643719673157
6800,LEFT_HIP,0.5120805501937866,0.36121124029159546,0.019125083461403847
6800,RIGHT_HIP,0.512550413608551,0.48872965574264526,-0.01929592154920101
6800,LEFT_KNEE,0.6448796391487122,0.3601211607456207,0.09967450797557831
6800,RIGHT_KNEE,0.6447175741195679,0.4850657284259796,0.05782048776745796
6800,LEFT_ANKLE,0.7497700452804565,0.39010196924209595,0.36256319284439087
6800,RIGHT_ANKLE,0.7457594275474548,0.47652965784072876,0.32142993807792664
6800,LEFT_HEEL,0.7622711062431335,0.4092842936515808,0.3824319541454315
6800,RIGHT_HEEL,0.7592216730117798,0.47144055366516113,0.3420570492744446
6800,LEFT_FOOT_INDEX,0.803874671459198,0.3379569351673126,0.258363276720047
6800,RIGHT_FOOT_INDEX,0.8013373613357544,0.48678797483444214,0.20365293323993683
6833,NOSE,0.24642007052898407,0.3958755135536194,-0.4115781784057617
6833,LEFT_EYE_INNER,0.23208239674568176,0.3859064280986786,-0.3966672718524933
6833,LEFT_EYE,0.23214440047740936,0.37944331765174866,-0.3966748118400574
6833,LEFT_EYE_OUTER,0.23219625651836395,0.3726092576980591,-0.396684855222702
6833,RIGHT_EYE_INNER,0.2319941520690918,0.4111376106739044,-0.3982648253440857
6833,RIGHT_EYE,0.2321062833070755,0.42115214467048645,-0.39828556776046753
6833,RIGHT_EYE_OUTER,0.23231986165046692,0.4306764304637909,-0.39829009771347046
6833,LEFT_EAR,0.2382262498140335,0.36487215757369995,-0.26654699444770813
6833,RIGHT_EAR,0.23866763710975647,0.45065435767173767,-0.28085777163505554
6833,MOUTH_LEFT,0.2601233422756195,0.38376909494400024,-0.36009225249290466
6833,MOUTH_RIGHT,0.25947412848472595,0.41559457778930664,-0.36378049850463867
6833,LEFT_SHOULDER,0.32245829701423645,0.30266493558883667,-0.19107408821582794
6833,RIGHT_SHOULDER,0.305724561214447,0.5299025774002075,-0.17761929333209991
6833,LEFT_ELBOW,0.42356300354003906,0.2938869595527649,-0.1506739854812622
6833,RIGHT_ELBOW,0.3489687442779541,0.6793249845504761,-0.1479891687631607
6833,LEFT_WRIST,0.518397331237793,0.29041215777397156,-0.2506978511810303
6833,RIGHT_WRIST,0.38077837228775024,0.8481490015983582,-0.21778197586536407
6833,LEFT_PINKY,0.5489641427993774,0.28146252036094666,-0.2769376039505005
6833,RIGHT_PINKY,0.3920370638370514,0.9085022211074829,-0.23970958590507507
6833,LEFT_INDEX,0.5487481951713562,0.2948455512523651,-0.31583377718925476
6833,RIGHT_INDEX,0.39300817251205444,0.9108447432518005,-0.2880043387413025
6833,LEFT_THUMB,0.5398784875869751,0.3036686182022095,-0.2687658369541168
6833,RIGHT_THUMB,0.39273762702941895,0.8881592750549316,-0.24345295131206512
6833,LEFT_HIP,0.5120519399642944,0.3612329363822937,0.01633325219154358
6833,RIGHT_HIP,0.5125216245651245,0.4882577657699585,-0.016500361263751984
6833,LEFT_KNEE,0.6448770761489868,0.36004912853240967,0.104373499751091
6833,RIGHT_KNEE,0.6448097229003906,0.4849810302257538,0.07359717041254044
6833,LEFT_ANKLE,0.7494656443595886,0.39022335410118103,0.36615705490112305
6833,RIGHT_ANKLE,0.7457555532455444,0.4763078987598419,0.33712345361709595
6833,LEFT_HEEL,0.7620977163314819,0.4093850553035736,0.38509324193000793
6833,RIGHT_HEEL,0.759307861328125,0.47094666957855225,0.3570813536643982
6833,LEFT_FOOT_INDEX,0.8031101226806641,0.3389541506767273,0.25906625390052795
6833,RIGHT_FOOT_INDEX,0.801120936870575,0.4867757260799408,0.2184196412563324
6866,NOSE,0.2464241236448288,0.39739710092544556,-0.42084017395973206
6866,LEFT_EYE_INNER,0.23213963210582733,0.3865625560283661,-0.4054323136806488
6866,LEFT_EYE,0.23222610354423523,0.3799147307872772,-0.4054413437843323
6866,LEFT_EYE_OUTER,0.23235277831554413,0.3730691373348236,-0.4054396152496338
6866,RIGHT_EYE_INNER,0.23202097415924072,0.41225093603134155,-0.4075952172279358
6866,RIGHT_EYE,0.23212893307209015,0.42197829484939575,-0.4076153635978699
6866,RIGHT_EYE_OUTER,0.23235507309436798,0.4313158392906189,-0.4076198637485504
6866,LEFT_EAR,0.23834559321403503,0.36494186520576477,-0.2704429030418396
6866,RIGHT_EAR,0.23876488208770752,0.45070990920066833,-0.2871505320072174
6866,MOUTH_LEFT,0.2600800395011902,0.3844229280948639,-0.367446631193161
6866,MOUTH_RIGHT,0.2594556212425232,0.4167049527168274,-0.37182822823524475
6866,LEFT_SHOULDER,0.32244545221328735,0.30245643854141235,-0.1833350509405136
6866,RIGHT_SHOULDER,0.3080631494522095,0.5291484594345093,-0.18146507441997528
6866,LEFT_ELBOW,0.4231628477573395,0.29385796189308167,-0.1260903924703598
6866,RIGHT_ELBOW,0.3583122789859772,0.6713033318519592,-0.14457370340824127
6866,LEFT_WRIST,0.5181647539138794,0.28948619961738586,-0.21374300122261047
6866,RIGHT_WRIST,0.3955219089984894,0.8339375257492065,-0.2223348319530487
6866,LEFT_PINKY,0.548390805721283,0.2793618440628052,-0.23772725462913513
6866,RIGHT_PINKY,0.4097570478916168,0.889673113822937,-0.2462436854839325
6866,LEFT_INDEX,0.5482012033462524,0.29286760091781616,-0.2785451114177704
6866,RIGHT_INDEX,0.4109479486942291,0.8888842463493347,-0.29529327154159546
6866,LEFT_THUMB,0.5394898056983948,0.3015139102935791,-0.23211193084716797
6866,RIGHT_THUMB,0.40846675634384155,0.8679958581924438,-0.24836227297782898
6866,LEFT_HIP,0.512266993522644,0.3612343966960907,0.016595488414168358
6866,RIGHT_HIP,0.5125341415405273,0.4876088500022888,-0.016759810969233513
6866,LEFT_KNEE,0.6448755264282227,0.3600088357925415,0.10740374028682709
6866,RIGHT_KNEE,0.6448131799697876,0.48408105969429016,0.0732245221734047
6866,LEFT_ANKLE,0.7494185566902161,0.38989049196243286,0.3748988211154938
6866,RIGHT_ANKLE,0.7457901835441589,0.4755672514438629,0.3409898579120636
6866,LEFT_HEEL,0.7621046304702759,0.409201443195343,0.39447182416915894
6866,RIGHT_HEEL,0.7593891620635986,0.4706532061100006,0.36147212982177734
6866,LEFT_FOOT_INDEX,0.8027462959289551,0.33957549929618835,0.2666114866733551
6866,RIGHT_FOOT_INDEX,0.8010174036026001,0.48627203702926636,0.22048461437225342
6900,NOSE,0.24661771953105927,0.3990691304206848,-0.4176662564277649
6900,LEFT_EYE_INNER,0.2323947250843048,0.3877272605895996,-0.40205422043800354
6900,LEFT_EYE,0.2324814796447754,0.3808126151561737,-0.4020674228668213
6900,LEFT_EYE_OUTER,0.23265011608600616,0.37408778071403503,-0.402064710855484
6900,RIGHT_EYE_INNER,0.23226399719715118,0.4136354625225067,-0.4040687084197998
6900,RIGHT_EYE,0.23234966397285461,0.42310741543769836,-0.4040835499763489
6900,RIGHT_EYE_OUTER,0.23259687423706055,0.43220511078834534,-0.40407663583755493
6900,LEFT_EAR,0.23846928775310516,0.3654869794845581,-0.2668302357196808
6900,RIGHT_EAR,0.23907127976417542,0.45083966851234436,-0.2825344502925873
6900,MOUTH_LEFT,0.2601262032985687,0.3852577209472656,-0.3642260730266571
6900,MOUTH_RIGHT,0.2595497965812683,0.4178069233894348,-0.3682946562767029
6900,LEFT_SHOULDER,0.3224157392978668,0.30245473980903625,-0.17918595671653748
6900,RIGHT_SHOULDER,0.30976539850234985,0.5286868810653687,-0.17995589971542358
6900,LEFT_ELBOW,0.42174044251441956,0.29349321126937866,-0.11780862510204315
6900,RIGHT_ELBOW,0.36567288637161255,0.6621729731559753,-0.1290283054113388
6900,LEFT_WRIST,0.5168493986129761,0.28861379623413086,-0.20753946900367737
6900,RIGHT_WRIST,0.40834203362464905,0.8086089491844177,-0.2063223123550415
6900,LEFT_PINKY,0.5473254919052124,0.27768459916114807,-0.23274759948253632
6900,RIGHT_PINKY,0.42354074120521545,0.8610151410102844,-0.22995248436927795
6900,LEFT_INDEX,0.5472174882888794,0.2918468117713928,-0.2744354009628296
6900,RIGHT_INDEX,0.42376643419265747,0.8572377562522888,-0.2801271677017212
6900,LEFT_THUMB,0.5384663343429565,0.3005451560020447,-0.22612810134887695
6900,RIGHT_THUMB,0.4202713370323181,0.8353426456451416,-0.23208293318748474
6900,LEFT_HIP,0.512328028678894,0.3612633943557739,0.014964002184569836
6900,RIGHT_HIP,0.5124599933624268,0.48716050386428833,-0.015106646344065666
6900,LEFT_KNEE,0.6448670625686646,0.3604412376880646,0.10704497992992401
6900,RIGHT_KNEE,0.6449710130691528,0.48407483100891113,0.07657565176486969
6900,LEFT_ANKLE,0.7496351003646851,0.38987571001052856,0.37147924304008484
6900,RIGHT_ANKLE,0.7457042932510376,0.4745974540710449,0.3428327441215515
6900,LEFT_HEEL,0.7623832821846008,0.40902435779571533,0.3904901146888733
6900,RIGHT_HEEL,0.7591530084609985,0.4695034921169281,0.36291760206222534
6900,LEFT_FOOT_INDEX,0.8027674555778503,0.33957910537719727,0.26033657789230347
6900,RIGHT_FOOT_INDEX,0.8010122179985046,0.48653292655944824,0.22175076603889465
6933,NOSE,0.24681591987609863,0.40059882402420044,-0.41082391142845154
6933,LEFT_EYE_INNER,0.23257319629192352,0.3889414370059967,-0.395082026720047
6933,LEFT_EYE,0.2326333224773407,0.3817664682865143,-0.3950943946838379
6933,LEFT_EYE_OUTER,0.2328089475631714,0.37524300813674927,-0.395099401473999
6933,RIGHT_EYE_INNER,0.23246149718761444,0.41488638520240784,-0.396913081407547
6933,RIGHT_EYE,0.23252582550048828,0.4241653084754944,-0.3969319462776184
6933,RIGHT_EYE_OUTER,0.2328219711780548,0.4330916404724121,-0.39691832661628723
6933,LEFT_EAR,0.2384796142578125,0.36617809534072876,-0.262643426656723
6933,RIGHT_EAR,0.23924382030963898,0.4510161876678467,-0.27791064977645874
6933,MOUTH_LEFT,0.26020902395248413,0.3864661753177643,-0.35825619101524353
6933,MOUTH_RIGHT,0.2597016394138336,0.4188174903392792,-0.3622742295265198
6933,LEFT_SHOULDER,0.3223665952682495,0.3025314211845398,-0.17831453680992126
6933,RIGHT_SHOULDER,0.3110312521457672,0.5271548628807068,-0.1723342388868332
6933,LEFT_ELBOW,0.4209347367286682,0.29306137561798096,-0.11853419244289398
6933,RIGHT_ELBOW,0.3721950948238373,0.649590015411377,-0.11816978454589844
6933,LEFT_WRIST,0.5168020129203796,0.28649958968162537,-0.20566777884960175
6933,RIGHT_WRIST,0.424844890832901,0.7896541953086853,-0.19159314036369324
6933,LEFT_PINKY,0.5470507144927979,0.2749614417552948,-0.22941139340400696
6933,RIGHT_PINKY,0.43846645951271057,0.8399802446365356,-0.2132648527622223
6933,LEFT_INDEX,0.5470268130302429,0.28941649198532104,-0.27059340476989746
6933,RIGHT_INDEX,0.44021525979042053,0.8375396132469177,-0.262264221906662
6933,LEFT_THUMB,0.5382882356643677,0.29776716232299805,-0.22379550337791443
6933,RIGHT_THUMB,0.4369111657142639,0.8162457942962646,-0.21661779284477234
6933,LEFT_HIP,0.5123431086540222,0.3612816333770752,0.014349207282066345
6933,RIGHT_HIP,0.5121951103210449,0.4870729148387909,-0.014495862647891045
6933,LEFT_KNEE,0.6454157829284668,0.3606073260307312,0.07448706775903702
6933,RIGHT_KNEE,0.6467800140380859,0.4840683043003082,0.06121445819735527
6933,LEFT_ANKLE,0.7513817548751831,0.39015671610832214,0.33679309487342834
6933,RIGHT_ANKLE,0.7459468245506287,0.4745682179927826,0.3128037750720978
6933,LEFT_HEEL,0.764106273651123,0.40902408957481384,0.35593003034591675
6933,RIGHT_HEEL,0.7591472864151001,0.46942010521888733,0.3313274085521698
6933,LEFT_FOOT_INDEX,0.8032970428466797,0.33968982100486755,0.22779670357704163
6933,RIGHT_FOOT_INDEX,0.8010015487670898,0.4868830442428589,0.19188964366912842
6966,NOSE,0.2469593584537506,0.4015588164329529,-0.3313956558704376
6966,LEFT_EYE_INNER,0.23278096318244934,0.3893962800502777,-0.31803110241889954
6966,LEFT_EYE,0.23283617198467255,0.38216862082481384,-0.31803253293037415
6966,LEFT_EYE_OUTER,0.233066588640213,0.375718891620636,-0.31802695989608765
6966,RIGHT_EYE_INNER,0.23258495330810547,0.41539254784584045,-0.3192865252494812
6966,RIGHT_EYE,0.2326066941022873,0.42465630173683167,-0.31928306818008423
6966,RIGHT_EYE_OUTER,0.23291537165641785,0.4335114061832428,-0.31924349069595337
6966,LEFT_EAR,0.23851485550403595,0.3663884103298187,-0.20195086300373077
6966,RIGHT_EAR,0.23924502730369568,0.4511137306690216,-0.2128792554140091
6966,MOUTH_LEFT,0.2602422833442688,0.387567400932312,-0.28510263562202454
6966,MOUTH_RIGHT,0.2597583830356598,0.41971996426582336,-0.28783461451530457
6966,LEFT_SHOULDER,0.32225751876831055,0.30266186594963074,-0.12953060865402222
6966,RIGHT_SHOULDER,0.3110641539096832,0.5254316329956055,-0.13195501267910004
6966,LEFT_ELBOW,0.4203121066093445,0.2928811311721802,-0.06655539572238922
6966,RIGHT_ELBOW,0.3749852776527405,0.6359147429466248,-0.08836662769317627
6966,LEFT_WRIST,0.5163523554801941,0.2839728593826294,-0.12303612381219864
6966,RIGHT_WRIST,0.4314216673374176,0.7607505917549133,-0.147019162774086
6966,LEFT_PINKY,0.5464556217193604,0.27118465304374695,-0.13783028721809387
6966,RIGHT_PINKY,0.4459126591682434,0.8075114488601685,-0.1654319167137146
6966,LEFT_INDEX,0.5464950799942017,0.2863377332687378,-0.1773855984210968
6966,RIGHT_INDEX,0.4477597177028656,0.8071141839027405,-0.20586618781089783
6966,LEFT_THUMB,0.5379023551940918,0.29458361864089966,-0.13961826264858246
6966,RIGHT_THUMB,0.4436422288417816,0.784214973449707,-0.16800335049629211
6966,LEFT_HIP,0.5118713974952698,0.36091846227645874,0.0147020872682333
6966,RIGHT_HIP,0.510985255241394,0.4867895245552063,-0.014852119609713554
6966,LEFT_KNEE,0.6455365419387817,0.36055293679237366,0.056358180940151215
6966,RIGHT_KNEE,0.6473437547683716,0.48327746987342834,0.03729904443025589
6966,LEFT_ANKLE,0.751880943775177,0.39019668102264404,0.2847466766834259
6966,RIGHT_ANKLE,0.7466435432434082,0.474440336227417,0.25131872296333313
6966,LEFT_HEEL,0.7644235491752625,0.4090035855770111,0.30168914794921875
6966,RIGHT_HEEL,0.7593674063682556,0.4694673418998718,0.26695746183395386
6966,LEFT_FOOT_INDEX,0.8033603429794312,0.3402588665485382,0.19011974334716797
6966,RIGHT_FOOT_INDEX,0.8010305166244507,0.48702964186668396,0.1413397490978241
7000,NOSE,0.24697506427764893,0.4019487500190735,-0.3867759108543396
7000,LEFT_EYE_INNER,0.23281624913215637,0.3895139992237091,-0.37251582741737366
7000,LEFT_EYE,0.2328716218471527,0.38230544328689575,-0.3725094199180603
7000,LEFT_EYE_OUTER,0.23313097655773163,0.3759009540081024,-0.37250426411628723
7000,RIGHT_EYE_INNER,0.23259076476097107,0.4156203866004944,-0.3750142455101013
7000,RIGHT_EYE,0.2326110154390335,0.4249648153781891,-0.37502768635749817
7000,RIGHT_EYE_OUTER,0.23291881382465363,0.4338209331035614,-0.37498733401298523
7000,LEFT_EAR,0.23851501941680908,0.3664308190345764,-0.24592408537864685
7000,RIGHT_EAR,0.2391984462738037,0.45125076174736023,-0.26141586899757385
7000,MOUTH_LEFT,0.2602408528327942,0.38794979453086853,-0.3365013003349304
7000,MOUTH_RIGHT,0.2597653269767761,0.4201980531215668,-0.3405168652534485
7000,LEFT_SHOULDER,0.32215726375579834,0.3027553856372833,-0.15495088696479797
7000,RIGHT_SHOULDER,0.3116174638271332,0.5245388746261597,-0.17285692691802979
7000,LEFT_ELBOW,0.4199160039424896,0.2927793264389038,-0.08063098788261414
7000,RIGHT_ELBOW,0.3831372559070587,0.6282891035079956,-0.12379896640777588
7000,LEFT_WRIST,0.5139684081077576,0.28174889087677,-0.14077527821063995
7000,RIGHT_WRIST,0.4455016553401947,0.7479141354560852,-0.1937340945005417
7000,LEFT_PINKY,0.5445907115936279,0.2685937285423279,-0.1574975997209549
7000,RIGHT_PINKY,0.4644366204738617,0.7945519089698792,-0.21692518889904022
7000,LEFT_INDEX,0.5445603728294373,0.28301337361335754,-0.20653292536735535
7000,RIGHT_INDEX,0.46592527627944946,0.7911904454231262,-0.2564484477043152
7000,LEFT_THUMB,0.5362592339515686,0.29144027829170227,-0.16054783761501312
7000,RIGHT_THUMB,0.4591749310493469,0.7702492475509644,-0.2108526974916458
7000,LEFT_HIP,0.5105361342430115,0.35906288027763367,0.014898305758833885
7000,RIGHT_HIP,0.5095144510269165,0.4856029450893402,-0.015055659227073193
7000,LEFT_KNEE,0.6454509496688843,0.3600340485572815,0.056174181401729584
7000,RIGHT_KNEE,0.6473411321640015,0.481695294380188,0.035241398960351944
7000,LEFT_ANKLE,0.7519441843032837,0.39019325375556946,0.29815182089805603
7000,RIGHT_ANKLE,0.7466791868209839,0.47441360354423523,0.26640647649765015
7000,LEFT_HEEL,0.7644369602203369,0.408917099237442,0.3157504200935364
7000,RIGHT_HEEL,0.7593457102775574,0.46950563788414,0.28308984637260437
7000,LEFT_FOOT_INDEX,0.8033620119094849,0.3404861092567444,0.19407227635383606
7000,RIGHT_FOOT_INDEX,0.8010249137878418,0.48752081394195557,0.14779487252235413
7033,NOSE,0.2469070851802826,0.40208131074905396,-0.3658602833747864
7033,LEFT_EYE_INNER,0.2328067272901535,0.3895775377750397,-0.35250943899154663
7033,LEFT_EYE,0.23286914825439453,0.38239550590515137,-0.35249778628349304
7033,LEFT_EYE_OUTER,0.23313573002815247,0.3760308027267456,-0.35248860716819763
7033,RIGHT_EYE_INNER,0.23257020115852356,0.4157467186450958,-0.3543064594268799
7033,RIGHT_EYE,0.23259279131889343,0.4251549243927002,-0.3543131351470947
7033,RIGHT_EYE_OUTER,0.23291143774986267,0.43400493264198303,-0.3542707562446594
7033,LEFT_EAR,0.23849263787269592,0.36648106575012207,-0.23378273844718933
7033,RIGHT_EAR,0.23917479813098907,0.45134052634239197,-0.2462066113948822
7033,MOUTH_LEFT,0.26010340452194214,0.388111412525177,-0.31835588812828064
7033,MOUTH_RIGHT,0.25972887873649597,0.4204433858394623,-0.3215218484401703
7033,LEFT_SHOULDER,0.32201439142227173,0.30302608013153076,-0.15372100472450256
7033,RIGHT_SHOULDER,0.3123883306980133,0.5236012935638428,-0.1636819690465927
7033,LEFT_ELBOW,0.41973763704299927,0.29280632734298706,-0.08530589938163757
7033,RIGHT_ELBOW,0.3889215290546417,0.6233962774276733,-0.11795979738235474
7033,LEFT_WRIST,0.5121647715568542,0.28056469559669495,-0.14794695377349854
7033,RIGHT_WRIST,0.45781078934669495,0.7379776239395142,-0.17412415146827698
7033,LEFT_PINKY,0.5432134866714478,0.26651430130004883,-0.16515398025512695
7033,RIGHT_PINKY,0.47880274057388306,0.7832663059234619,-0.19324049353599548
7033,LEFT_INDEX,0.543082594871521,0.28106796741485596,-0.20775704085826874
7033,RIGHT_INDEX,0.4796524941921234,0.7795429825782776,-0.23129689693450928
7033,LEFT_THUMB,0.5349230766296387,0.28971925377845764,-0.1656414270401001
7033,RIGHT_THUMB,0.47265997529029846,0.7608333230018616,-0.1929629147052765
7033,LEFT_HIP,0.5095919370651245,0.35801225900650024,0.014858412556350231
7033,RIGHT_HIP,0.5092002153396606,0.4852057993412018,-0.015024496242403984
7033,LEFT_KNEE,0.6459383964538574,0.35941335558891296,0.0479893758893013
7033,RIGHT_KNEE,0.6478053331375122,0.48063281178474426,0.03824996203184128
7033,LEFT_ANKLE,0.7519298195838928,0.38991257548332214,0.29023444652557373
7033,RIGHT_ANKLE,0.746669352054596,0.47415927052497864,0.27160388231277466
7033,LEFT_HEEL,0.7644181251525879,0.40853527188301086,0.3087210953235626
7033,RIGHT_HEEL,0.7592358589172363,0.4694558084011078,0.2888747453689575
7033,LEFT_FOOT_INDEX,0.8033672571182251,0.34046056866645813,0.1945149004459381
7033,RIGHT_FOOT_INDEX,0.8012934923171997,0.4875113070011139,0.15981200337409973
7066,NOSE,0.24690532684326172,0.40177977085113525,-0.38848137855529785
7066,LEFT_EYE_INNER,0.23281733691692352,0.3894612491130829,-0.37403252720832825
7066,LEFT_EYE,0.23288460075855255,0.3823855519294739,-0.37402403354644775
7066,LEFT_EYE_OUTER,0.23316028714179993,0.37602293491363525,-0.3740108609199524
7066,RIGHT_EYE_INNER,0.232578843832016,0.4155821204185486,-0.37666183710098267
7066,RIGHT_EYE,0.23260776698589325,0.42507481575012207,-0.37666940689086914
7066,RIGHT_EYE_OUTER,0.23293828964233398,0.4339495301246643,-0.3766309320926666
7066,LEFT_EAR,0.23848244547843933,0.36652204394340515,-0.24636006355285645
7066,RIGHT_EAR,0.23918087780475616,0.45134714245796204,-0.26269957423210144
7066,MOUTH_LEFT,0.26003286242485046,0.38800832629203796,-0.33750537037849426
7066,MOUTH_RIGHT,0.2597181797027588,0.4202623963356018,-0.34184974431991577
7066,LEFT_SHOULDER,0.32187095284461975,0.30325034260749817,-0.15796740353107452
7066,RIGHT_SHOULDER,0.3129999339580536,0.5226285457611084,-0.17037782073020935
7066,LEFT_ELBOW,0.41961684823036194,0.2928115129470825,-0.08772702515125275
7066,RIGHT_ELBOW,0.3939669728279114,0.6124362349510193,-0.12294165045022964
7066,LEFT_WRIST,0.5108662843704224,0.2798443138599396,-0.1529380828142166
7066,RIGHT_WRIST,0.4691229462623596,0.7244306802749634,-0.18693503737449646
7066,LEFT_PINKY,0.542122483253479,0.26518720388412476,-0.17484895884990692
7066,RIGHT_PINKY,0.49303993582725525,0.7656791806221008,-0.2084881067276001
7066,LEFT_INDEX,0.5419676303863525,0.2800653576850891,-0.2218858301639557
7066,RIGHT_INDEX,0.4951254427433014,0.7629575133323669,-0.24920205771923065
7066,LEFT_THUMB,0.5338915586471558,0.2887585461139679,-0.172097310423851
7066,RIGHT_THUMB,0.4860157072544098,0.7449877262115479,-0.2076440155506134
7066,LEFT_HIP,0.509361743927002,0.357241153717041,0.01611482724547386
7066,RIGHT_HIP,0.5091484785079956,0.48489612340927124,-0.01627388596534729
7066,LEFT_KNEE,0.6465863585472107,0.3588041663169861,0.055885542184114456
7066,RIGHT_KNEE,0.6478732824325562,0.479737251996994,0.0337887741625309
7066,LEFT_ANKLE,0.751916766166687,0.38989731669425964,0.3022306561470032
7066,RIGHT_ANKLE,0.7471882700920105,0.4741767942905426,0.2691286504268646
7066,LEFT_HEEL,0.7644125819206238,0.40841400623321533,0.3205394148826599
7066,RIGHT_HEEL,0.7593052983283997,0.4695114195346832,0.28615033626556396
7066,LEFT_FOOT_INDEX,0.8031435012817383,0.34030717611312866,0.20009103417396545
7066,RIGHT_FOOT_INDEX,0.8018195033073425,0.48748940229415894,0.15057143568992615
7100,NOSE,0.24692530930042267,0.4004315137863159,-0.41102099418640137
7100,LEFT_EYE_INNER,0.23286893963813782,0.3889845609664917,-0.39407116174697876
7100,LEFT_EYE,0.23294281959533691,0.3822869658470154,-0.3940753638744354
7100,LEFT_EYE_OUTER,0.23321418464183807,0.3759341239929199,-0.39407721161842346
7100,RIGHT_EYE_INNER,0.2326492965221405,0.4146457612514496,-0.3975916802883148
7100,RIGHT_EYE,0.23271024227142334,0.4244004189968109,-0.39760449528694153
7100,RIGHT_EYE_OUTER,0.23305419087409973,0.43341487646102905,-0.3975667953491211
7100,LEFT_EAR,0.2384788990020752,0.36667943000793457,-0.2563832998275757
7100,RIGHT_EAR,0.23922057449817657,0.45133599638938904,-0.27709081768989563
7100,MOUTH_LEFT,0.2600054144859314,0.3876130282878876,-0.35674959421157837
7100,MOUTH_RIGHT,0.2597191333770752,0.4192793071269989,-0.3623979687690735
7100,LEFT_SHOULDER,0.32184019684791565,0.3038189709186554,-0.15925468504428864
7100,RIGHT_SHOULDER,0.31419044733047485,0.5222784876823425,-0.17783398926258087
7100,LEFT_ELBOW,0.41959723830223083,0.2933862805366516,-0.08566634356975555
7100,RIGHT_ELBOW,0.39898669719696045,0.6049200892448425,-0.12371619790792465
7100,LEFT_WRIST,0.5104142427444458,0.2797977030277252,-0.16029329597949982
7100,RIGHT_WRIST,0.4779887795448303,0.7103992700576782,-0.20541195571422577
7100,LEFT_PINKY,0.541589617729187,0.2649018466472626,-0.187434583902359
7100,RIGHT_PINKY,0.501179575920105,0.7438191175460815,-0.23334014415740967
7100,LEFT_INDEX,0.5414000749588013,0.27988946437835693,-0.2375808209180832
7100,RIGHT_INDEX,0.5020482540130615,0.7412364482879639,-0.27683180570602417
7100,LEFT_THUMB,0.5333786606788635,0.28855326771736145,-0.18202029168605804
7100,RIGHT_THUMB,0.49349522590637207,0.7259132266044617,-0.22605744004249573
7100,LEFT_HIP,0.5088977217674255,0.3563750684261322,0.017380844801664352
7100,RIGHT_HIP,0.5088502168655396,0.4842345416545868,-0.01751176081597805
7100,LEFT_KNEE,0.6466105580329895,0.3584339916706085,0.054832957684993744
7100,RIGHT_KNEE,0.6478554010391235,0.47924596071243286,0.025488847866654396
7100,LEFT_ANKLE,0.751902163028717,0.3899052143096924,0.3022994101047516
7100,RIGHT_ANKLE,0.7479157447814941,0.4747883975505829,0.2618764042854309
7100,LEFT_HEEL,0.7644931077957153,0.4083469808101654,0.3199111223220825
7100,RIGHT_HEEL,0.7596195936203003,0.4702717363834381,0.2781631350517273
7100,LEFT_FOOT_INDEX,0.8027188181877136,0.3402623236179352,0.19066956639289856
7100,RIGHT_FOOT_INDEX,0.8020367622375488,0.4875529706478119,0.13273951411247253
7133,NOSE,0.2473522424697876,0.3994870185852051,-0.409844309091568
7133,LEFT_EYE_INNER,0.2332535684108734,0.38845694065093994,-0.3920553922653198
7133,LEFT_EYE,0.23333749175071716,0.3821030557155609,-0.3920629024505615
7133,LEFT_EYE_OUTER,0.2336082011461258,0.3756193518638611,-0.39206749200820923
7133,RIGHT_EYE_INNER,0.23299257457256317,0.41377753019332886,-0.39643874764442444
7133,RIGHT_EYE,0.23306088149547577,0.4238298237323761,-0.39644983410835266
7133,RIGHT_EYE_OUTER,0.2333720177412033,0.43304866552352905,-0.396414577960968
7133,LEFT_EAR,0.2385900914669037,0.3666793406009674,-0.25426870584487915
7133,RIGHT_EAR,0.23925665020942688,0.45134004950523376,-0.27548566460609436
7133,MOUTH_LEFT,0.26017478108406067,0.3873141407966614,-0.3543526232242584
7133,MOUTH_RIGHT,0.25993770360946655,0.4187813103199005,-0.3610294461250305
7133,LEFT_SHOULDER,0.32174599170684814,0.30394163727760315,-0.14618298411369324
7133,RIGHT_SHOULDER,0.31469491124153137,0.5221499800682068,-0.1804855614900589
7133,LEFT_ELBOW,0.4196093678474426,0.29405391216278076,-0.05922138690948486
7133,RIGHT_ELBOW,0.40214234590530396,0.5978311896324158,-0.1288110762834549
7133,LEFT_WRIST,0.5104418992996216,0.27982595562934875,-0.14276264607906342
7133,RIGHT_WRIST,0.48433059453964233,0.6964374780654907,-0.21845698356628418
7133,LEFT_PINKY,0.5416709780693054,0.26487550139427185,-0.16821055114269257
7133,RIGHT_PINKY,0.5080162286758423,0.7306146621704102,-0.24919693171977997
7133,LEFT_INDEX,0.5414859056472778,0.2799152135848999,-0.217704176902771
7133,RIGHT_INDEX,0.5092614889144897,0.7273732423782349,-0.2923491299152374
7133,LEFT_THUMB,0.5334380269050598,0.28849977254867554,-0.1635306030511856
7133,RIGHT_THUMB,0.5010378360748291,0.7119278907775879,-0.23895971477031708
7133,LEFT_HIP,0.509125828742981,0.3562876880168915,0.023291243240237236
7133,RIGHT_HIP,0.5088780522346497,0.4842177629470825,-0.02341415174305439
7133,LEFT_KNEE,0.6471767425537109,0.3584318459033966,0.057161618024110794
7133,RIGHT_KNEE,0.648298978805542,0.4794663190841675,0.019042085856199265
7133,LEFT_ANKLE,0.7523435354232788,0.3903101682662964,0.30645886063575745
7133,RIGHT_ANKLE,0.7486642599105835,0.4769574999809265,0.26376867294311523
7133,LEFT_HEEL,0.7647673487663269,0.40853995084762573,0.3240794539451599
7133,RIGHT_HEEL,0.7597042322158813,0.4726301431655884,0.2810155749320984
7133,LEFT_FOOT_INDEX,0.8027790188789368,0.34022849798202515,0.2002057582139969
7133,RIGHT_FOOT_INDEX,0.802093505859375,0.4876857399940491,0.13508495688438416
7166,NOSE,0.24772600829601288,0.3988117575645447,-0.39495792984962463
7166,LEFT_EYE_INNER,0.23354294896125793,0.38804304599761963,-0.37774819135665894
7166,LEFT_EYE,0.23362717032432556,0.38196033239364624,-0.37775951623916626
7166,LEFT_EYE_OUTER,0.23386695981025696,0.37534740567207336,-0.3777812123298645
7166,RIGHT_EYE_INNER,0.2331944704055786,0.41305801272392273,-0.38308849930763245
7166,RIGHT_EYE,0.2332107573747635,0.42335769534111023,-0.3831039369106293
7166,RIGHT_EYE_OUTER,0.23347513377666473,0.4327586591243744,-0.3830704391002655
7166,LEFT_EAR,0.23861241340637207,0.3666997253894806,-0.24056072533130646
7166,RIGHT_EAR,0.2392381876707077,0.45136138796806335,-0.2660514712333679
7166,MOUTH_LEFT,0.2604348659515381,0.38719967007637024,-0.33980897068977356
7166,MOUTH_RIGHT,0.2601999044418335,0.41848450899124146,-0.34732648730278015
7166,LEFT_SHOULDER,0.3216993510723114,0.30402955412864685,-0.13621923327445984
7166,RIGHT_SHOULDER,0.31552085280418396,0.5221701860427856,-0.17574074864387512
7166,LEFT_ELBOW,0.4198305010795593,0.29446879029273987,-0.04769822955131531
7166,RIGHT_ELBOW,0.4067416191101074,0.5909340977668762,-0.11732465028762817
7166,LEFT_WRIST,0.5111570954322815,0.2798745334148407,-0.11748941987752914
7166,RIGHT_WRIST,0.4891294836997986,0.682324230670929,-0.1885036826133728
7166,LEFT_PINKY,0.5417274236679077,0.2648802101612091,-0.13909965753555298
7166,RIGHT_PINKY,0.5163153409957886,0.7162523865699768,-0.21576917171478271
7166,LEFT_INDEX,0.5415682792663574,0.27985912561416626,-0.1848362386226654
7166,RIGHT_INDEX,0.5170504450798035,0.7126534581184387,-0.25635001063346863
7166,LEFT_THUMB,0.5336076021194458,0.28835436701774597,-0.13634926080703735
7166,RIGHT_THUMB,0.5081408619880676,0.697137713432312,-0.20766103267669678
7166,LEFT_HIP,0.5093388557434082,0.3563106656074524,0.023397576063871384
7166,RIGHT_HIP,0.5088967084884644,0.4842219948768616,-0.023544061928987503
7166,LEFT_KNEE,0.6490358114242554,0.3584342896938324,0.040236156433820724
7166,RIGHT_KNEE,0.6497030854225159,0.4799889922142029,0.012658732943236828
7166,LEFT_ANKLE,0.7526553869247437,0.3913711607456207,0.3011102080345154
7166,RIGHT_ANKLE,0.749869704246521,0.47693514823913574,0.2562187612056732
7166,LEFT_HEEL,0.7647638320922852,0.4089258313179016,0.320471853017807
7166,RIGHT_HEEL,0.7605050802230835,0.4727030396461487,0.2737547755241394
7166,LEFT_FOOT_INDEX,0.8030605316162109,0.3407786786556244,0.19674460589885712
7166,RIGHT_FOOT_INDEX,0.8027105331420898,0.487122505903244,0.13145634531974792
7200,NOSE,0.24776704609394073,0.3985722064971924,-0.3560646176338196
7200,LEFT_EYE_INNER,0.23357026278972626,0.3878433108329773,-0.34020036458969116
7200,LEFT_EYE,0.233655646443367,0.3818729817867279,-0.34021061658859253
7200,LEFT_EYE_OUTER,0.23387722671031952,0.37511613965034485,-0.3402251601219177
7200,RIGHT_EYE_INNER,0.2332153022289276,0.41287311911582947,-0.34457945823669434
7200,RIGHT_EYE,0.2332228124141693,0.42328977584838867,-0.3445875644683838
7200,RIGHT_EYE_OUTER,0.23348279297351837,0.43272289633750916,-0.3445708751678467
7200,LEFT_EAR,0.23858821392059326,0.3667033314704895,-0.21194498240947723
7200,RIGHT_EAR,0.2391977310180664,0.4514360725879669,-0.2349795550107956
7200,MOUTH_LEFT,0.26046642661094666,0.3871704638004303,-0.3049606382846832
7200,MOUTH_RIGHT,0.2602517306804657,0.4184149503707886,-0.3113197386264801
7200,LEFT_SHOULDER,0.32169249653816223,0.30401521921157837,-0.11904340982437134
7200,RIGHT_SHOULDER,0.3158966600894928,0.522182047367096,-0.15404976904392242
7200,LEFT_ELBOW,0.4203987717628479,0.2944577932357788,-0.03320591524243355
7200,RIGHT_ELBOW,0.4097164273262024,0.5866246819496155,-0.09740374982357025
7200,LEFT_WRIST,0.5123160481452942,0.27932316064834595,-0.09891176223754883
7200,RIGHT_WRIST,0.4925089478492737,0.6682119965553284,-0.15668709576129913
7200,LEFT_PINKY,0.542285680770874,0.2637803256511688,-0.1201818436384201
7200,RIGHT_PINKY,0.5218453407287598,0.7031341791152954,-0.18102417886257172
7200,LEFT_INDEX,0.5422074794769287,0.279352068901062,-0.16311068832874298
7200,RIGHT_INDEX,0.5225099325180054,0.697431743144989,-0.2205488383769989
7200,LEFT_THUMB,0.5342627167701721,0.28779301047325134,-0.11655008792877197
7200,RIGHT_THUMB,0.5130287408828735,0.6813862323760986,-0.17523925006389618
7200,LEFT_HIP,0.5097796320915222,0.35610121488571167,0.023157110437750816
7200,RIGHT_HIP,0.5092928409576416,0.4842107892036438,-0.023310430347919464
7200,LEFT_KNEE,0.650122880935669,0.3585001230239868,0.04100847244262695
7200,RIGHT_KNEE,0.6508666276931763,0.4802916347980499,0.017690513283014297
7200,LEFT_ANKLE,0.7526962161064148,0.39158472418785095,0.3017486333847046
7200,RIGHT_ANKLE,0.7502466440200806,0.47701457142829895,0.25991392135620117
7200,LEFT_HEEL,0.7647422552108765,0.4089272916316986,0.32158738374710083
7200,RIGHT_HEEL,0.7606607675552368,0.4727191925048828,0.27760785818099976
7200,LEFT_FOOT_INDEX,0.8030773997306824,0.34085115790367126,0.19968517124652863
7200,RIGHT_FOOT_INDEX,0.8029142618179321,0.48712581396102905,0.13870945572853088
7233,NOSE,0.24770811200141907,0.3985426127910614,-0.33343085646629333
7233,LEFT_EYE_INNER,0.23351319134235382,0.3878183960914612,-0.3178589940071106
7233,LEFT_EYE,0.23359116911888123,0.381867378950119,-0.31786811351776123
7233,LEFT_EYE_OUTER,0.2337343692779541,0.37506332993507385,-0.3178662061691284
7233,RIGHT_EYE_INNER,0.2331785410642624,0.41287440061569214,-0.32177087664604187
7233,RIGHT_EYE,0.23318453133106232,0.4233132600784302,-0.32176733016967773
7233,RIGHT_EYE_OUTER,0.23344700038433075,0.43275079131126404,-0.32175207138061523
7233,LEFT_EAR,0.23834380507469177,0.36671918630599976,-0.19423538446426392
7233,RIGHT_EAR,0.23910117149353027,0.4515381157398224,-0.21564750373363495
7233,MOUTH_LEFT,0.26042741537094116,0.38716429471969604,-0.2845331132411957
7233,MOUTH_RIGHT,0.2602424621582031,0.41841214895248413,-0.2903285622596741
7233,LEFT_SHOULDER,0.32166191935539246,0.30393868684768677,-0.10731060802936554
7233,RIGHT_SHOULDER,0.31625980138778687,0.522193431854248,-0.14379766583442688
7233,LEFT_ELBOW,0.4206574857234955,0.29444462060928345,-0.021019000560045242
7233,RIGHT_ELBOW,0.41160041093826294,0.5841610431671143,-0.09193240851163864
7233,LEFT_WRIST,0.5127864480018616,0.27861371636390686,-0.08095581084489822
7233,RIGHT_WRIST,0.4948481023311615,0.6573970317840576,-0.14610151946544647
7233,LEFT_PINKY,0.5426918268203735,0.2624965310096741,-0.10143594443798065
7233,RIGHT_PINKY,0.5246130228042603,0.6895235776901245,-0.16989250481128693
7233,LEFT_INDEX,0.5426493287086487,0.2789672017097473,-0.1434718668460846
7233,RIGHT_INDEX,0.5252948999404907,0.682860791683197,-0.20930102467536926
7233,LEFT_THUMB,0.5347673892974854,0.287441611289978,-0.09820350259542465
7233,RIGHT_THUMB,0.5162169933319092,0.6683749556541443,-0.16467604041099548
7233,LEFT_HIP,0.5101047158241272,0.3558461368083954,0.023419974371790886
7233,RIGHT_HIP,0.5098477602005005,0.4842069447040558,-0.023587940260767937
7233,LEFT_KNEE,0.6501352190971375,0.35831111669540405,0.04378237947821617
7233,RIGHT_KNEE,0.6510860323905945,0.48029306530952454,0.018365176394581795
7233,LEFT_ANKLE,0.7526879906654358,0.3915887176990509,0.3050943911075592
7233,RIGHT_ANKLE,0.7502111196517944,0.47695499658584595,0.2636648714542389
7233,LEFT_HEEL,0.7646806836128235,0.40892770886421204,0.32455891370773315
7233,RIGHT_HEEL,0.76056969165802,0.4726688265800476,0.2813374400138855
7233,LEFT_FOOT_INDEX,0.803078293800354,0.34076011180877686,0.20539812743663788
7233,RIGHT_FOOT_INDEX,0.8029386401176453,0.487109512090683,0.14518387615680695
7266,NOSE,0.24751563370227814,0.3986453115940094,-0.311074823141098
7266,LEFT_EYE_INNER,0.23334269225597382,0.38784196972846985,-0.2960730493068695
7266,LEFT_EYE,0.2334064543247223,0.38187918066978455,-0.2960861325263977
7266,LEFT_EYE_OUTER,0.23341822624206543,0.3750572204589844,-0.2960905432701111
7266,RIGHT_EYE_INNER,0.23306134343147278,0.4131014943122864,-0.29959815740585327
7266,RIGHT_EYE,0.23308905959129333,0.4235879182815552,-0.29959020018577576
7266,RIGHT_EYE_OUTER,0.23335209488868713,0.4329967796802521,-0.2995770573616028
7266,LEFT_EAR,0.23797650635242462,0.3667241334915161,-0.17791111767292023
7266,RIGHT_EAR,0.2389584481716156,0.4516772925853729,-0.19726064801216125
7266,MOUTH_LEFT,0.26032954454421997,0.3871814012527466,-0.26430100202560425
7266,MOUTH_RIGHT,0.26020532846450806,0.4185622036457062,-0.2695082426071167
7266,LEFT_SHOULDER,0.32161638140678406,0.3037649095058441,-0.0976521372795105
7266,RIGHT_SHOULDER,0.31644684076309204,0.522199809551239,-0.13307717442512512
7266,LEFT_ELBOW,0.42073115706443787,0.2944375276565552,-0.009345320984721184
7266,RIGHT_ELBOW,0.41325610876083374,0.5778619050979614,-0.0834408551454544
7266,LEFT_WRIST,0.5134929418563843,0.2778867781162262,-0.05556006357073784
7266,RIGHT_WRIST,0.49708980321884155,0.6466809511184692,-0.13040044903755188
7266,LEFT_PINKY,0.5434530973434448,0.26156142354011536,-0.07334629446268082
7266,RIGHT_PINKY,0.5281937122344971,0.6778654456138611,-0.1530093550682068
7266,LEFT_INDEX,0.5435001254081726,0.278480589389801,-0.11426898092031479
7266,RIGHT_INDEX,0.528958797454834,0.6715520620346069,-0.19177772104740143
7266,LEFT_THUMB,0.5356493592262268,0.28705206513404846,-0.07193823158740997
7266,RIGHT_THUMB,0.5202764272689819,0.6577911972999573,-0.14874395728111267
7266,LEFT_HIP,0.5108208656311035,0.35546085238456726,0.02328639291226864
7266,RIGHT_HIP,0.5106498003005981,0.4842088520526886,-0.02345818653702736
7266,LEFT_KNEE,0.6503983736038208,0.3583103120326996,0.04707380384206772
7266,RIGHT_KNEE,0.6514281034469604,0.48029324412345886,0.021726680919528008
7266,LEFT_ANKLE,0.7526809573173523,0.39157596230506897,0.30546534061431885
7266,RIGHT_ANKLE,0.7501612901687622,0.47681668400764465,0.2700003683567047
7266,LEFT_HEEL,0.7646480798721313,0.40889135003089905,0.32673922181129456
7266,RIGHT_HEEL,0.7604596018791199,0.4723401367664337,0.2889854907989502
7266,LEFT_FOOT_INDEX,0.8030823469161987,0.3407570719718933,0.21736958622932434
7266,RIGHT_FOOT_INDEX,0.8029605746269226,0.48709937930107117,0.16327637434005737
7300,NOSE,0.24737223982810974,0.3990973234176636,-0.25056928396224976
7300,LEFT_EYE_INNER,0.23317018151283264,0.38805481791496277,-0.23579151928424835
7300,LEFT_EYE,0.2332153618335724,0.38201823830604553,-0.23581068217754364
7300,LEFT_EYE_OUTER,0.23311015963554382,0.37517738342285156,-0.2358206957578659
7300,RIGHT_EYE_INNER,0.23297007381916046,0.4136136472225189,-0.2383507788181305
7300,RIGHT_EYE,0.2330312728881836,0.4240867495536804,-0.23832163214683533
7300,RIGHT_EYE_OUTER,0.233292818069458,0.4334149658679962,-0.23830370604991913
7300,LEFT_EAR,0.237613707780838,0.36677873134613037,-0.12640130519866943
7300,RIGHT_EAR,0.23882479965686798,0.45178234577178955,-0.14107048511505127
7300,MOUTH_LEFT,0.2602744698524475,0.3872809112071991,-0.20743033289909363
7300,MOUTH_RIGHT,0.26018983125686646,0.41887345910072327,-0.21130065619945526
7300,LEFT_SHOULDER,0.32161399722099304,0.3033550977706909,-0.06034708768129349
7300,RIGHT_SHOULDER,0.3165546655654907,0.5221925377845764,-0.08860298991203308
7300,LEFT_ELBOW,0.4207838177680969,0.2944284975528717,0.02603308856487274
7300,RIGHT_ELBOW,0.41420453786849976,0.5710744261741638,-0.03732549026608467
7300,LEFT_WRIST,0.51395583152771,0.27736425399780273,-0.00949505902826786
7300,RIGHT_WRIST,0.4990655779838562,0.6289291381835938,-0.07421436905860901
7300,LEFT_PINKY,0.543914258480072,0.2610275447368622,-0.025229915976524353
7300,RIGHT_PINKY,0.5306847095489502,0.6532726287841797,-0.09400396049022675
7300,LEFT_INDEX,0.5439445972442627,0.278194397687912,-0.0636405199766159
7300,RIGHT_INDEX,0.5312372446060181,0.6468836665153503,-0.13091208040714264
7300,LEFT_THUMB,0.5360627770423889,0.2867700159549713,-0.024456754326820374
7300,RIGHT_THUMB,0.5227442979812622,0.6342960000038147,-0.09152524918317795
7300,LEFT_HIP,0.5113931894302368,0.35507768392562866,0.02295171096920967
7300,RIGHT_HIP,0.5114895105361938,0.4840298891067505,-0.023139726370573044
7300,LEFT_KNEE,0.6505149006843567,0.35828158259391785,0.03961647301912308
7300,RIGHT_KNEE,0.651603639125824,0.4804835915565491,0.02344566211104393
7300,LEFT_ANKLE,0.7526745200157166,0.39157575368881226,0.2968289256095886
7300,RIGHT_ANKLE,0.7501392960548401,0.47667914628982544,0.26656901836395264
7300,LEFT_HEEL,0.7646347284317017,0.40888407826423645,0.3179832696914673
7300,RIGHT_HEEL,0.7603981494903564,0.47206977009773254,0.2851484417915344
7300,LEFT_FOOT_INDEX,0.8030848503112793,0.3407568335533142,0.21313413977622986
7300,RIGHT_FOOT_INDEX,0.8029651641845703,0.48709195852279663,0.16240674257278442
7333,NOSE,0.2473974972963333,0.39930272102355957,-0.2781439423561096
7333,LEFT_EYE_INNER,0.23317542672157288,0.3882233202457428,-0.2628973424434662
7333,LEFT_EYE,0.23321561515331268,0.38213497400283813,-0.2629193961620331
7333,LEFT_EYE_OUTER,0.23308873176574707,0.37530064582824707,-0.26293420791625977
7333,RIGHT_EYE_INNER,0.2330365926027298,0.4139815866947174,-0.2654359042644501
7333,RIGHT_EYE,0.23312561213970184,0.42445480823516846,-0.2654050290584564
7333,RIGHT_EYE_OUTER,0.23340213298797607,0.4336700439453125,-0.26538580656051636
7333,LEFT_EAR,0.23743963241577148,0.3668685853481293,-0.14622989296913147
7333,RIGHT_EAR,0.23884454369544983,0.45184746384620667,-0.16106592118740082
7333,MOUTH_LEFT,0.2602792978286743,0.3872944712638855,-0.231951504945755
7333,MOUTH_RIGHT,0.26022326946258545,0.4189355671405792,-0.23589551448822021
7333,LEFT_SHOULDER,0.32149115204811096,0.30310186743736267,-0.07181520760059357
7333,RIGHT_SHOULDER,0.3165134787559509,0.522092342376709,-0.09644442796707153
7333,LEFT_ELBOW,0.42065930366516113,0.29441139101982117,0.013570137321949005
7333,RIGHT_ELBOW,0.41387853026390076,0.566406786441803,-0.03982109576463699
7333,LEFT_WRIST,0.5139638185501099,0.2771575152873993,-0.03945467993617058
7333,RIGHT_WRIST,0.5026060342788696,0.6162832975387573,-0.08535550534725189
7333,LEFT_PINKY,0.543936014175415,0.26069411635398865,-0.05946823209524155
7333,RIGHT_PINKY,0.5351216197013855,0.640473484992981,-0.1078173965215683
7333,LEFT_INDEX,0.5439482927322388,0.2780362665653229,-0.10065759718418121
7333,RIGHT_INDEX,0.5363271236419678,0.6311783790588379,-0.1460995376110077
7333,LEFT_THUMB,0.5360636711120605,0.28670021891593933,-0.05584648251533508
7333,RIGHT_THUMB,0.5276662111282349,0.6176424026489258,-0.10317512601613998
7333,LEFT_HIP,0.5114222764968872,0.3546316623687744,0.02290213480591774
7333,RIGHT_HIP,0.5117979049682617,0.4836651384830475,-0.023089643567800522
7333,LEFT_KNEE,0.6504762768745422,0.3581140637397766,0.04122091084718704
7333,RIGHT_KNEE,0.6515651941299438,0.4805278778076172,0.0245432760566473
7333,LEFT_ANKLE,0.7526695132255554,0.3915743827819824,0.3002326190471649
7333,RIGHT_ANKLE,0.7501067519187927,0.47663649916648865,0.2697279453277588
7333,LEFT_HEEL,0.7645803689956665,0.40888261795043945,0.3238014578819275
7333,RIGHT_HEEL,0.7601920366287231,0.4720245897769928,0.28899770975112915
7333,LEFT_FOOT_INDEX,0.8030862808227539,0.3407764732837677,0.21719546616077423
7333,RIGHT_FOOT_INDEX,0.802969753742218,0.4869236946105957,0.1640862375497818
7366,NOSE,0.24746739864349365,0.39960572123527527,-0.2409754991531372
7366,LEFT_EYE_INNER,0.23320746421813965,0.3885557949542999,-0.22673599421977997
7366,LEFT_EYE,0.23322609066963196,0.38233524560928345,-0.22675828635692596
7366,LEFT_EYE_OUTER,0.2330865114927292,0.3755103647708893,-0.22676846385002136
7366,RIGHT_EYE_INNER,0.23321783542633057,0.4145415425300598,-0.2279544621706009
7366,RIGHT_EYE,0.2333703488111496,0.4248824715614319,-0.22791016101837158
7366,RIGHT_EYE_OUTER,0.23372288048267365,0.433942586183548,-0.2278902530670166
7366,LEFT_EAR,0.23733505606651306,0.3669162690639496,-0.11857102066278458
7366,RIGHT_EAR,0.23912091553211212,0.4518607556819916,-0.12713214755058289
7366,MOUTH_LEFT,0.2602965235710144,0.387307345867157,-0.1981208622455597
7366,MOUTH_RIGHT,0.26029130816459656,0.4189782440662384,-0.2002432644367218
7366,LEFT_SHOULDER,0.3214741349220276,0.3022654354572296,-0.054009221494197845
7366,RIGHT_SHOULDER,0.31651970744132996,0.5213649272918701,-0.07212623953819275
7366,LEFT_ELBOW,0.4206596910953522,0.2938680648803711,0.030392443761229515
7366,RIGHT_ELBOW,0.4140595495700836,0.5623699426651001,-0.0203620046377182
7366,LEFT_WRIST,0.5139601230621338,0.2769394516944885,-0.014838503673672676
7366,RIGHT_WRIST,0.5024601817131042,0.6026071906089783,-0.06717054545879364
7366,LEFT_PINKY,0.5439337491989136,0.26019373536109924,-0.03367617726325989
7366,RIGHT_PINKY,0.5338927507400513,0.6290649175643921,-0.08965426683425903
7366,LEFT_INDEX,0.5439292192459106,0.2779465317726135,-0.07306800782680511
7366,RIGHT_INDEX,0.5350492000579834,0.6164828538894653,-0.12573568522930145
7366,LEFT_THUMB,0.5360013246536255,0.2866978049278259,-0.030013883486390114
7366,RIGHT_THUMB,0.526114284992218,0.6011902093887329,-0.08402588963508606
7366,LEFT_HIP,0.5116248726844788,0.3541926145553589,0.021305952221155167
7366,RIGHT_HIP,0.5122907161712646,0.48324859142303467,-0.021494023501873016
7366,LEFT_KNEE,0.6504489183425903,0.3580932319164276,0.03607422858476639
7366,RIGHT_KNEE,0.6515330672264099,0.48096516728401184,0.02522100880742073
7366,LEFT_ANKLE,0.7526648640632629,0.3915756642818451,0.2995656132698059
7366,RIGHT_ANKLE,0.7500596642494202,0.4766211211681366,0.2700044512748718
7366,LEFT_HEEL,0.7645581960678101,0.40887895226478577,0.32209154963493347
7366,RIGHT_HEEL,0.7601767778396606,0.47200095653533936,0.28911563754081726
7366,LEFT_FOOT_INDEX,0.8030844926834106,0.34108448028564453,0.21654102206230164
7366,RIGHT_FOOT_INDEX,0.8029754757881165,0.48680928349494934,0.1655811369419098
7400,NOSE,0.2476414442062378,0.40029236674308777,-0.21978750824928284
7400,LEFT_EYE_INNER,0.23330733180046082,0.3891865611076355,-0.20576536655426025
7400,LEFT_EYE,0.23328793048858643,0.38269034028053284,-0.2057902067899704
7400,LEFT_EYE_OUTER,0.233113095164299,0.37588801980018616,-0.2058054655790329
7400,RIGHT_EYE_INNER,0.23354700207710266,0.41551563143730164,-0.20605584979057312
7400,RIGHT_EYE,0.23378749191761017,0.42559877038002014,-0.20601193606853485
7400,RIGHT_EYE_OUTER,0.23428833484649658,0.43441903591156006,-0.2059950828552246
7400,LEFT_EAR,0.23733071982860565,0.366923451423645,-0.10037364810705185
7400,RIGHT_EAR,0.23963487148284912,0.45187050104141235,-0.10432833433151245
7400,MOUTH_LEFT,0.2603355944156647,0.3873637020587921,-0.17802973091602325
7400,MOUTH_RIGHT,0.26042240858078003,0.41914165019989014,-0.17883440852165222
7400,LEFT_SHOULDER,0.3214402198791504,0.3004516065120697,-0.038610875606536865
7400,RIGHT_SHOULDER,0.3164817988872528,0.5194464921951294,-0.055281948298215866
7400,LEFT_ELBOW,0.4208037257194519,0.2910548448562622,0.037071920931339264
7400,RIGHT_ELBOW,0.41334444284439087,0.5555311441421509,-0.00972092803567648
7400,LEFT_WRIST,0.5137979388237,0.2766181230545044,-0.015548355877399445
7400,RIGHT_WRIST,0.5009922981262207,0.5902976393699646,-0.060817260295152664
7400,LEFT_PINKY,0.5437947511672974,0.259661465883255,-0.03622987121343613
7400,RIGHT_PINKY,0.5340135097503662,0.6144239902496338,-0.08402790874242783
7400,LEFT_INDEX,0.5437777638435364,0.27789363265037537,-0.07461708039045334
7400,RIGHT_INDEX,0.5347681045532227,0.5989940166473389,-0.11849772930145264
7400,LEFT_THUMB,0.535825788974762,0.2866913676261902,-0.03037414327263832
7400,RIGHT_THUMB,0.5246320962905884,0.5853027701377869,-0.07688494026660919
7400,LEFT_HIP,0.5117297172546387,0.3540462851524353,0.02103622630238533
7400,RIGHT_HIP,0.5123149156570435,0.48308244347572327,-0.021222606301307678
7400,LEFT_KNEE,0.6504064202308655,0.357891708612442,0.02672206237912178
7400,RIGHT_KNEE,0.6515085101127625,0.48104649782180786,0.020200863480567932
7400,LEFT_ANKLE,0.7526556253433228,0.3917272686958313,0.28545379638671875
7400,RIGHT_ANKLE,0.7501034736633301,0.4766591787338257,0.2562907338142395
7400,LEFT_HEEL,0.7645338773727417,0.4090536832809448,0.306789755821228
7400,RIGHT_HEEL,0.7601901292800903,0.4722026288509369,0.2744998037815094
7400,LEFT_FOOT_INDEX,0.8030809164047241,0.341395765542984,0.20185741782188416
7400,RIGHT_FOOT_INDEX,0.802971363067627,0.48680925369262695,0.15482684969902039
7433,NOSE,0.24807608127593994,0.40067362785339355,-0.21948549151420593
7433,LEFT_EYE_INNER,0.23361670970916748,0.38950809836387634,-0.20660343766212463
7433,LEFT_EYE,0.2335418164730072,0.3828440308570862,-0.20663125813007355
7433,LEFT_EYE_OUTER,0.23334810137748718,0.3760421872138977,-0.20665135979652405
7433,RIGHT_EYE_INNER,0.23411151766777039,0.4160905182361603,-0.20653840899467468
7433,RIGHT_EYE,0.23442474007606506,0.42601412534713745,-0.20649775862693787
7433,RIGHT_EYE_OUTER,0.23507365584373474,0.43472611904144287,-0.20648840069770813
7433,LEFT_EAR,0.23747293651103973,0.36691904067993164,-0.10506030172109604
7433,RIGHT_EAR,0.2403094470500946,0.4518756568431854,-0.10736670345067978
7433,MOUTH_LEFT,0.2605193257331848,0.3873755931854248,-0.17908862233161926
7433,MOUTH_RIGHT,0.2607205808162689,0.4192495048046112,-0.1793937087059021
7433,LEFT_SHOULDER,0.3214334547519684,0.2989707887172699,-0.046370238065719604
7433,RIGHT_SHOULDER,0.31645211577415466,0.5180014967918396,-0.058724332600831985
7433,LEFT_ELBOW,0.4212295413017273,0.28794190287590027,0.026106517761945724
7433,RIGHT_ELBOW,0.4139736294746399,0.5507097244262695,-0.015661967918276787
7433,LEFT_WRIST,0.5138014554977417,0.2758652865886688,-0.027290035039186478
7433,RIGHT_WRIST,0.5031496286392212,0.579842209815979,-0.06497298181056976
7433,LEFT_PINKY,0.5437785983085632,0.2587246298789978,-0.048414696007966995
7433,RIGHT_PINKY,0.5358554124832153,0.6040471792221069,-0.08782295882701874
7433,LEFT_INDEX,0.5437682867050171,0.2776746153831482,-0.08613026142120361
7433,RIGHT_INDEX,0.5366624593734741,0.5873193740844727,-0.12117816507816315
7433,LEFT_THUMB,0.5358120799064636,0.286587119102478,-0.04189545288681984
7433,RIGHT_THUMB,0.5265864133834839,0.5750763416290283,-0.08050618320703506
7433,LEFT_HIP,0.5120527148246765,0.35387253761291504,0.018716661259531975
7433,RIGHT_HIP,0.5124214887619019,0.4828784465789795,-0.01891227811574936
7433,LEFT_KNEE,0.6503878235816956,0.35789039731025696,0.023514490574598312
7433,RIGHT_KNEE,0.6514880657196045,0.481168657541275,0.021321622654795647
7433,LEFT_ANKLE,0.7526512742042542,0.3918507397174835,0.2787216305732727
7433,RIGHT_ANKLE,0.7500840425491333,0.4766668975353241,0.256116658449173
7433,LEFT_HEEL,0.7645060420036316,0.4091385006904602,0.2995879650115967
7433,RIGHT_HEEL,0.7599912881851196,0.4722602367401123,0.2739526629447937
7433,LEFT_FOOT_INDEX,0.8030992746353149,0.3421543836593628,0.19504621624946594
7433,RIGHT_FOOT_INDEX,0.8029487729072571,0.48686039447784424,0.1549929976463318
7466,NOSE,0.24836380779743195,0.4008578062057495,-0.24508722126483917
7466,LEFT_EYE_INNER,0.2338038682937622,0.3895922899246216,-0.23138311505317688
7466,LEFT_EYE,0.23371264338493347,0.38288024067878723,-0.23140744864940643
7466,LEFT_EYE_OUTER,0.23350512981414795,0.3760695159435272,-0.23142123222351074
7466,RIGHT_EYE_INNER,0.23434463143348694,0.4163210988044739,-0.23238694667816162
7466,RIGHT_EYE,0.23465010523796082,0.42623111605644226,-0.23234844207763672
7466,RIGHT_EYE_OUTER,0.23530204594135284,0.4349192678928375,-0.2323364019393921
7466,LEFT_EAR,0.237561896443367,0.3668754994869232,-0.12328530848026276
7466,RIGHT_EAR,0.24045917391777039,0.4518820345401764,-0.1305677890777588
7466,MOUTH_LEFT,0.26070088148117065,0.3873783051967621,-0.20202846825122833
7466,MOUTH_RIGHT,0.2609158158302307,0.41939547657966614,-0.20380203425884247
7466,LEFT_SHOULDER,0.3214274048805237,0.2984204590320587,-0.05585859343409538
7466,RIGHT_SHOULDER,0.3164636194705963,0.5178437829017639,-0.07680439203977585
7466,LEFT_ELBOW,0.42141300439834595,0.2854771912097931,0.021420616656541824
7466,RIGHT_ELBOW,0.41487106680870056,0.5466049313545227,-0.032853495329618454
7466,LEFT_WRIST,0.5145039558410645,0.27511245012283325,-0.034734275192022324
7466,RIGHT_WRIST,0.5059505701065063,0.5733479261398315,-0.08534564077854156
7466,LEFT_PINKY,0.5441076159477234,0.25771087408065796,-0.05682891607284546
7466,RIGHT_PINKY,0.539195716381073,0.5940752029418945,-0.10777553170919418
7466,LEFT_INDEX,0.5441678762435913,0.2772112786769867,-0.09580069035291672
7466,RIGHT_INDEX,0.5403775572776794,0.5780107975006104,-0.14423717558383942
7466,LEFT_THUMB,0.5361106991767883,0.28637489676475525,-0.049995869398117065
7466,RIGHT_THUMB,0.5303696990013123,0.5678300857543945,-0.1022820919752121
7466,LEFT_HIP,0.5123056769371033,0.3538746237754822,0.01873968169093132
7466,RIGHT_HIP,0.5125397443771362,0.48283815383911133,-0.018935423344373703
7466,LEFT_KNEE,0.650097668170929,0.3578118085861206,0.026760179549455643
7466,RIGHT_KNEE,0.6514368057250977,0.481181800365448,0.023641373962163925
7466,LEFT_ANKLE,0.7526193261146545,0.39193904399871826,0.2790568470954895
7466,RIGHT_ANKLE,0.750008761882782,0.4765791893005371,0.25733375549316406
7466,LEFT_HEEL,0.7644089460372925,0.40920260548591614,0.30006495118141174
7466,RIGHT_HEEL,0.7597037553787231,0.47226062417030334,0.27525660395622253
7466,LEFT_FOOT_INDEX,0.8031747937202454,0.34215810894966125,0.19960390031337738
7466,RIGHT_FOOT_INDEX,0.8029192090034485,0.4867807924747467,0.15808847546577454
7500,NOSE,0.24872538447380066,0.4007025957107544,-0.2558123469352722
7500,LEFT_EYE_INNER,0.23399531841278076,0.3894910514354706,-0.24229510128498077
7500,LEFT_EYE,0.2338968962430954,0.38280996680259705,-0.2423318326473236
7500,LEFT_EYE_OUTER,0.23367822170257568,0.3758983612060547,-0.24235741794109344
7500,RIGHT_EYE_INNER,0.2345251590013504,0.41628509759902954,-0.2415575534105301
7500,RIGHT_EYE,0.23481245338916779,0.4262295663356781,-0.2415429800748825
7500,RIGHT_EYE_OUTER,0.23544669151306152,0.4349219799041748,-0.24152597784996033
7500,LEFT_EAR,0.23768074810504913,0.36664077639579773,-0.13319198787212372
7500,RIGHT_EAR,0.24055488407611847,0.4518865942955017,-0.13326695561408997
7500,MOUTH_LEFT,0.26101964712142944,0.3871327340602875,-0.21318575739860535
7500,MOUTH_RIGHT,0.2612025737762451,0.41933196783065796,-0.21325524151325226
7500,LEFT_SHOULDER,0.321416974067688,0.29821449518203735,-0.05906922370195389
7500,RIGHT_SHOULDER,0.31644994020462036,0.5176625847816467,-0.09450658410787582
7500,LEFT_ELBOW,0.42141327261924744,0.285083144903183,0.028598686680197716
7500,RIGHT_ELBOW,0.41507959365844727,0.5461679697036743,-0.06837471574544907
7500,LEFT_WRIST,0.5146870613098145,0.27462080121040344,-0.028126884251832962
7500,RIGHT_WRIST,0.5036965012550354,0.5610318779945374,-0.1376258134841919
7500,LEFT_PINKY,0.5443254709243774,0.2573500871658325,-0.05091995745897293
7500,RIGHT_PINKY,0.5365458726882935,0.5741774439811707,-0.16840824484825134
7500,LEFT_INDEX,0.5445343255996704,0.2764005661010742,-0.09191249310970306
7500,RIGHT_INDEX,0.5366514921188354,0.5555648803710938,-0.19921767711639404
7500,LEFT_THUMB,0.5362915396690369,0.28567081689834595,-0.044295672327280045
7500,RIGHT_THUMB,0.5274128317832947,0.5457095503807068,-0.15182867646217346
7500,LEFT_HIP,0.5123487114906311,0.3538064658641815,0.020986618474125862
7500,RIGHT_HIP,0.5125178098678589,0.4815900921821594,-0.021171344444155693
7500,LEFT_KNEE,0.6498035192489624,0.3577953279018402,0.05392080545425415
7500,RIGHT_KNEE,0.6514447331428528,0.48127105832099915,0.029071804136037827
7500,LEFT_ANKLE,0.7526015043258667,0.3920409381389618,0.30838602781295776
7500,RIGHT_ANKLE,0.7499943971633911,0.4762718081474304,0.2681686282157898
7500,LEFT_HEEL,0.7643979787826538,0.4092080891132355,0.3284960389137268
7500,RIGHT_HEEL,0.7596691250801086,0.47214677929878235,0.28625327348709106
7500,LEFT_FOOT_INDEX,0.8032353520393372,0.3419841527938843,0.2186325341463089
7500,RIGHT_FOOT_INDEX,0.8029090762138367,0.48672616481781006,0.16315779089927673
7533,NOSE,0.24959762394428253,0.4000246822834015,-0.2841322720050812
7533,LEFT_EYE_INNER,0.23452015221118927,0.3890899121761322,-0.2700805068016052
7533,LEFT_EYE,0.2343628853559494,0.38243845105171204,-0.27008551359176636
7533,LEFT_EYE_OUTER,0.23413410782814026,0.3752988278865814,-0.2700859308242798
7533,RIGHT_EYE_INNER,0.23524241149425507,0.4159935414791107,-0.27324068546295166
7533,RIGHT_EYE,0.23558852076530457,0.4259599447250366,-0.2732126712799072
7533,RIGHT_EYE_OUTER,0.23625433444976807,0.4347175657749176,-0.2732003331184387
7533,LEFT_EAR,0.2379571497440338,0.36619895696640015,-0.15208245813846588
7533,RIGHT_EAR,0.241151362657547,0.45175179839134216,-0.16988609731197357
7533,MOUTH_LEFT,0.2614840865135193,0.3865446448326111,-0.23680052161216736
7533,MOUTH_RIGHT,0.2618454098701477,0.4187285006046295,-0.24171748757362366
7533,LEFT_SHOULDER,0.32141172885894775,0.2973746061325073,-0.06288430839776993
7533,RIGHT_SHOULDER,0.3164430260658264,0.5165993571281433,-0.12118656933307648
7533,LEFT_ELBOW,0.4215260148048401,0.284919798374176,0.025045718997716904
7533,RIGHT_ELBOW,0.41648969054222107,0.5429065227508545,-0.09725888073444366
7533,LEFT_WRIST,0.5146817564964294,0.27363061904907227,-0.03280037268996239
7533,RIGHT_WRIST,0.5057974457740784,0.5517955422401428,-0.1714227795600891
7533,LEFT_PINKY,0.544327974319458,0.2565348148345947,-0.05572487786412239
7533,RIGHT_PINKY,0.5370630025863647,0.5627809166908264,-0.2039790153503418
7533,LEFT_INDEX,0.5445485711097717,0.2750774025917053,-0.09746216982603073
7533,RIGHT_INDEX,0.5368502140045166,0.5435145497322083,-0.23467183113098145
7533,LEFT_THUMB,0.5362913012504578,0.28429877758026123,-0.04940401762723923
7533,RIGHT_THUMB,0.528091549873352,0.5331298112869263,-0.18559478223323822
7533,LEFT_HIP,0.5126552581787109,0.3537348508834839,0.023589584976434708
7533,RIGHT_HIP,0.5126330852508545,0.4800655245780945,-0.02377399057149887
7533,LEFT_KNEE,0.6496523022651672,0.3577972948551178,0.06616681069135666
7533,RIGHT_KNEE,0.6516405344009399,0.4812805652618408,0.033232301473617554
7533,LEFT_ANKLE,0.7525982856750488,0.3920915722846985,0.32653284072875977
7533,RIGHT_ANKLE,0.7499694228172302,0.476071834564209,0.2790326476097107
7533,LEFT_HEEL,0.7643899321556091,0.4092139005661011,0.3470226228237152
7533,RIGHT_HEEL,0.7596508264541626,0.472128301858902,0.297890841960907
7533,LEFT_FOOT_INDEX,0.8033005595207214,0.341936856508255,0.23513972759246826
7533,RIGHT_FOOT_INDEX,0.8029052019119263,0.48663753271102905,0.17186084389686584
7566,NOSE,0.2505476474761963,0.3986339569091797,-0.31481871008872986
7566,LEFT_EYE_INNER,0.23519591987133026,0.38806331157684326,-0.29957523941993713
7566,LEFT_EYE,0.2349819391965866,0.38135477900505066,-0.29956886172294617
7566,LEFT_EYE_OUTER,0.23474177718162537,0.37361496686935425,-0.2995535731315613
7566,RIGHT_EYE_INNER,0.2360009402036667,0.41505977511405945,-0.3033094108104706
7566,RIGHT_EYE,0.23637422919273376,0.42522430419921875,-0.30329176783561707
7566,RIGHT_EYE_OUTER,0.23698914051055908,0.43412187695503235,-0.3032853603363037
7566,LEFT_EAR,0.2384527027606964,0.36470964550971985,-0.17486730217933655
7566,RIGHT_EAR,0.2418104112148285,0.45139625668525696,-0.19561335444450378
7566,MOUTH_LEFT,0.2621733844280243,0.3854588270187378,-0.26502808928489685
7566,MOUTH_RIGHT,0.26259028911590576,0.41754671931266785,-0.27066999673843384
7566,LEFT_SHOULDER,0.321421355009079,0.2962932288646698,-0.07134094089269638
7566,RIGHT_SHOULDER,0.3164491653442383,0.5163732171058655,-0.13823333382606506
7566,LEFT_ELBOW,0.4221690595149994,0.2847338616847992,0.0206089336425066
7566,RIGHT_ELBOW,0.4176381528377533,0.5437387228012085,-0.10763893276453018
7566,LEFT_WRIST,0.514691948890686,0.2721549868583679,-0.04406801611185074
7566,RIGHT_WRIST,0.5078839063644409,0.5505774021148682,-0.17962248623371124
7566,LEFT_PINKY,0.5443359613418579,0.2555141746997833,-0.07154873758554459
7566,RIGHT_PINKY,0.5384230017662048,0.5594344139099121,-0.21272754669189453
7566,LEFT_INDEX,0.544594407081604,0.27323219180107117,-0.1161707267165184
7566,RIGHT_INDEX,0.5374547243118286,0.5374083518981934,-0.24486605823040009
7566,LEFT_THUMB,0.5363168716430664,0.28244084119796753,-0.062450896948575974
7566,RIGHT_THUMB,0.5290616750717163,0.5277857780456543,-0.19402791559696198
7566,LEFT_HIP,0.5132648944854736,0.3536487817764282,0.026440048590302467
7566,RIGHT_HIP,0.5130668878555298,0.47917887568473816,-0.026622522622346878
7566,LEFT_KNEE,0.6495661735534668,0.35779640078544617,0.07231937348842621
7566,RIGHT_KNEE,0.6516948342323303,0.4812896251678467,0.03299189358949661
7566,LEFT_ANKLE,0.7525896430015564,0.39213624596595764,0.33294641971588135
7566,RIGHT_ANKLE,0.7499637603759766,0.47606486082077026,0.2794860005378723
7566,LEFT_HEEL,0.7643857002258301,0.4092128276824951,0.35305628180503845
7566,RIGHT_HEEL,0.7596451640129089,0.4721865653991699,0.2983010411262512
7566,LEFT_FOOT_INDEX,0.8033262491226196,0.3419274091720581,0.23765233159065247
7566,RIGHT_FOOT_INDEX,0.8029083013534546,0.4863355755805969,0.17017056047916412
7600,NOSE,0.250640869140625,0.3974918723106384,-0.3068115711212158
7600,LEFT_EYE_INNER,0.23532037436962128,0.38693344593048096,-0.2924390137195587
7600,LEFT_EYE,0.23511728644371033,0.38009101152420044,-0.2924547791481018
7600,LEFT_EYE_OUTER,0.23487932980060577,0.3718239367008209,-0.2924637198448181
7600,RIGHT_EYE_INNER,0.23606590926647186,0.41375532746315,-0.2950720489025116
7600,RIGHT_EYE,0.23642924427986145,0.4240568280220032,-0.2950477600097656
7600,RIGHT_EYE_OUTER,0.23701076209545135,0.4330514371395111,-0.29502764344215393
7600,LEFT_EAR,0.2386249601840973,0.3632364571094513,-0.173735573887825
7600,RIGHT_EAR,0.24183209240436554,0.45054206252098083,-0.18861612677574158
7600,MOUTH_LEFT,0.26245373487472534,0.384644091129303,-0.25900521874427795
7600,MOUTH_RIGHT,0.262774795293808,0.4165736734867096,-0.2632097899913788
7600,LEFT_SHOULDER,0.3214350640773773,0.2949056327342987,-0.0671028271317482
7600,RIGHT_SHOULDER,0.3164580762386322,0.5160964727401733,-0.13047638535499573
7600,LEFT_ELBOW,0.42282453179359436,0.2842337191104889,0.02977120503783226
7600,RIGHT_ELBOW,0.4177014231681824,0.5441148281097412,-0.10535301268100739
7600,LEFT_WRIST,0.514790415763855,0.2702970802783966,-0.03429826349020004
7600,RIGHT_WRIST,0.5075501799583435,0.5461652278900146,-0.18019184470176697
7600,LEFT_PINKY,0.5443758964538574,0.2543039619922638,-0.06011391431093216
7600,RIGHT_PINKY,0.5376498699188232,0.5527212023735046,-0.2137666642665863
7600,LEFT_INDEX,0.5446282625198364,0.2718665897846222,-0.1036657840013504
7600,RIGHT_INDEX,0.5363448858261108,0.5294438600540161,-0.24363382160663605
7600,LEFT_THUMB,0.5363416075706482,0.2810550332069397,-0.05183323100209236
7600,RIGHT_THUMB,0.5282176733016968,0.5209834575653076,-0.19374223053455353
7600,LEFT_HIP,0.5141624212265015,0.3533603250980377,0.027386482805013657
7600,RIGHT_HIP,0.5140384435653687,0.47808343172073364,-0.02757854387164116
7600,LEFT_KNEE,0.6493948101997375,0.3577722907066345,0.06899368017911911
7600,RIGHT_KNEE,0.6518659591674805,0.4813882112503052,0.032705191522836685
7600,LEFT_ANKLE,0.7525424957275391,0.392148494720459,0.3318479657173157
7600,RIGHT_ANKLE,0.7499562501907349,0.47605615854263306,0.2787577509880066
7600,LEFT_HEEL,0.7642670273780823,0.40918993949890137,0.35240447521209717
7600,RIGHT_HEEL,0.759605348110199,0.47222307324409485,0.29766255617141724
7600,LEFT_FOOT_INDEX,0.8033758997917175,0.34224697947502136,0.23896674811840057
7600,RIGHT_FOOT_INDEX,0.8029691576957703,0.4856427013874054,0.1693761944770813
7633,NOSE,0.25066524744033813,0.3952735960483551,-0.27930545806884766
7633,LEFT_EYE_INNER,0.23535147309303284,0.38480374217033386,-0.2644732594490051
7633,LEFT_EYE,0.2351471185684204,0.3772343397140503,-0.2644730508327484
7633,LEFT_EYE_OUTER,0.23492057621479034,0.36876094341278076,-0.26447948813438416
7633,RIGHT_EYE_INNER,0.23605990409851074,0.41105660796165466,-0.268137663602829
7633,RIGHT_EYE,0.2364158183336258,0.4216824471950531,-0.26811617612838745
7633,RIGHT_EYE_OUTER,0.23695692420005798,0.4312782287597656,-0.2681078612804413
7633,LEFT_EAR,0.23869562149047852,0.36082398891448975,-0.14910295605659485
7633,RIGHT_EAR,0.24173469841480255,0.4492746591567993,-0.16917100548744202
7633,MOUTH_LEFT,0.26266640424728394,0.38341856002807617,-0.2331949919462204
7633,MOUTH_RIGHT,0.2628651261329651,0.4149254262447357,-0.23875875771045685
7633,LEFT_SHOULDER,0.32145774364471436,0.29408761858940125,-0.057397909462451935
7633,RIGHT_SHOULDER,0.31640180945396423,0.5151990652084351,-0.1253920942544937
7633,LEFT_ELBOW,0.4248378276824951,0.284260630607605,0.03996359184384346
7633,RIGHT_ELBOW,0.41743960976600647,0.54230135679245,-0.10169073194265366
7633,LEFT_WRIST,0.514892041683197,0.2697964906692505,-0.011833705939352512
7633,RIGHT_WRIST,0.5066651105880737,0.5416649580001831,-0.18337813019752502
7633,LEFT_PINKY,0.5444952845573425,0.2541893422603607,-0.03372020646929741
7633,RIGHT_PINKY,0.5364221334457397,0.5480777025222778,-0.2170298546552658
7633,LEFT_INDEX,0.5447409152984619,0.2714686691761017,-0.07456468045711517
7633,RIGHT_INDEX,0.5351723432540894,0.5261821150779724,-0.2438608705997467
7633,LEFT_THUMB,0.5364447236061096,0.28060463070869446,-0.027939340099692345
7633,RIGHT_THUMB,0.5269976854324341,0.5181751847267151,-0.19595405459403992
7633,LEFT_HIP,0.5142998099327087,0.35204482078552246,0.025415081530809402
7633,RIGHT_HIP,0.5143757462501526,0.4756128191947937,-0.02562871016561985
7633,LEFT_KNEE,0.6493837237358093,0.3578052520751953,0.039067868143320084
7633,RIGHT_KNEE,0.6522931456565857,0.4822019934654236,0.026815420016646385
7633,LEFT_ANKLE,0.7526124715805054,0.39219164848327637,0.32029491662979126
7633,RIGHT_ANKLE,0.7499470710754395,0.4759264290332794,0.2783764600753784
7633,LEFT_HEEL,0.7642623782157898,0.4090716540813446,0.3432874083518982
7633,RIGHT_HEEL,0.7595508694648743,0.4717315137386322,0.29696744680404663
7633,LEFT_FOOT_INDEX,0.8037830591201782,0.34396830201148987,0.2339479625225067
7633,RIGHT_FOOT_INDEX,0.8030535578727722,0.4855267405509949,0.16923734545707703
7666,NOSE,0.25065508484840393,0.3931903839111328,-0.2716148793697357
7666,LEFT_EYE_INNER,0.23535311222076416,0.3825492858886719,-0.25588467717170715
7666,LEFT_EYE,0.2351493537425995,0.3743205964565277,-0.25588053464889526
7666,LEFT_EYE_OUTER,0.23494207859039307,0.36610743403434753,-0.25587522983551025
7666,RIGHT_EYE_INNER,0.23600324988365173,0.4084286093711853,-0.25999563932418823
7666,RIGHT_EYE,0.23632076382637024,0.41925591230392456,-0.25997355580329895
7666,RIGHT_EYE_OUTER,0.23680131137371063,0.42945608496665955,-0.2599673867225647
7666,LEFT_EAR,0.23884019255638123,0.35832563042640686,-0.13882924616336823
7666,RIGHT_EAR,0.24155564606189728,0.4481266736984253,-0.16139741241931915
7666,MOUTH_LEFT,0.26272666454315186,0.3822641968727112,-0.22535082697868347
7666,MOUTH_RIGHT,0.26287132501602173,0.4135855436325073,-0.23151583969593048
7666,LEFT_SHOULDER,0.3215773403644562,0.2929825186729431,-0.05063619092106819
7666,RIGHT_SHOULDER,0.316392719745636,0.5143288373947144,-0.12447472661733627
7666,LEFT_ELBOW,0.42672815918922424,0.2842642366886139,0.04501761123538017
7666,RIGHT_ELBOW,0.4172115921974182,0.541041374206543,-0.10884556919336319
7666,LEFT_WRIST,0.5155564546585083,0.2698580324649811,-0.007768649607896805
7666,RIGHT_WRIST,0.5061203241348267,0.540364682674408,-0.19790968298912048
7666,LEFT_PINKY,0.5449148416519165,0.2542397379875183,-0.029672404751181602
7666,RIGHT_PINKY,0.5357583165168762,0.5474873781204224,-0.2330297976732254
7666,LEFT_INDEX,0.5451501607894897,0.2715144157409668,-0.0702945813536644
7666,RIGHT_INDEX,0.5344416499137878,0.5259923338890076,-0.25871163606643677
7666,LEFT_THUMB,0.5367990136146545,0.28066202998161316,-0.023941446095705032
7666,RIGHT_THUMB,0.5262264609336853,0.5182434320449829,-0.21018972992897034
7666,LEFT_HIP,0.5147933959960938,0.3513748347759247,0.025363290682435036
7666,RIGHT_HIP,0.5149766206741333,0.47394177317619324,-0.025577951222658157
7666,LEFT_KNEE,0.6496887803077698,0.3577136695384979,0.04187262803316116
7666,RIGHT_KNEE,0.6525696516036987,0.48230671882629395,0.0258158091455698
7666,LEFT_ANKLE,0.7526174187660217,0.39219021797180176,0.32088547945022583
7666,RIGHT_ANKLE,0.7498568892478943,0.4755817949771881,0.2785419523715973
7666,LEFT_HEEL,0.7642271518707275,0.40873968601226807,0.34345176815986633
7666,RIGHT_HEEL,0.7593051195144653,0.4711313545703888,0.2977868616580963
7666,LEFT_FOOT_INDEX,0.8039220571517944,0.34455981850624084,0.23377826809883118
7666,RIGHT_FOOT_INDEX,0.8030584454536438,0.48510032892227173,0.17145788669586182
7700,NOSE,0.2507019340991974,0.39199379086494446,-0.3043239116668701
7700,LEFT_EYE_INNER,0.2354169636964798,0.3812277019023895,-0.287874311208725
7700,LEFT_EYE,0.23521240055561066,0.37263667583465576,-0.2878609895706177
7700,LEFT_EYE_OUTER,0.23504814505577087,0.36444249749183655,-0.28785374760627747
7700,RIGHT_EYE_INNER,0.23599667847156525,0.40693581104278564,-0.2916529178619385
7700,RIGHT_EYE,0.23630957305431366,0.41786283254623413,-0.2916436195373535
7700,RIGHT_EYE_OUTER,0.2367948591709137,0.4284619987010956,-0.2916368842124939
7700,LEFT_EAR,0.23903675377368927,0.35650190711021423,-0.16467121243476868
7700,RIGHT_EAR,0.2415449321269989,0.4474855959415436,-0.18567046523094177
7700,MOUTH_LEFT,0.2628810405731201,0.3814043402671814,-0.2556689381599426
7700,MOUTH_RIGHT,0.26292505860328674,0.4127552807331085,-0.26144248247146606
7700,LEFT_SHOULDER,0.32173946499824524,0.2918841540813446,-0.07138610631227493
7700,RIGHT_SHOULDER,0.3164477050304413,0.5132088661193848,-0.13423532247543335
7700,LEFT_ELBOW,0.4285391867160797,0.2844330668449402,0.03213983774185181
7700,RIGHT_ELBOW,0.41739973425865173,0.5393948554992676,-0.12377152591943741
7700,LEFT_WRIST,0.5177954435348511,0.2714540362358093,-0.014317706227302551
7700,RIGHT_WRIST,0.5056889057159424,0.5399582386016846,-0.2171110361814499
7700,LEFT_PINKY,0.546106219291687,0.25614237785339355,-0.03768201172351837
7700,RIGHT_PINKY,0.5352405309677124,0.5474600195884705,-0.2527763247489929
7700,LEFT_INDEX,0.5462464094161987,0.27299073338508606,-0.07919757068157196
7700,RIGHT_INDEX,0.5340357422828674,0.5260323882102966,-0.2789815664291382
7700,LEFT_THUMB,0.5381515026092529,0.2818428874015808,-0.03130558133125305
7700,RIGHT_THUMB,0.5257804989814758,0.5181398391723633,-0.2297344207763672
7700,LEFT_HIP,0.5152167081832886,0.3510260283946991,0.023044725880026817
7700,RIGHT_HIP,0.5156368017196655,0.47248247265815735,-0.023268232122063637
7700,LEFT_KNEE,0.6499223113059998,0.35771501064300537,0.042808420956134796
7700,RIGHT_KNEE,0.6528993844985962,0.48278266191482544,0.03045175038278103
7700,LEFT_ANKLE,0.7523954510688782,0.3921293020248413,0.3347669243812561
7700,RIGHT_ANKLE,0.7497954368591309,0.4751889109611511,0.29816728830337524
7700,LEFT_HEEL,0.7640325427055359,0.40799763798713684,0.3586878180503845
7700,RIGHT_HEEL,0.7592666745185852,0.4695063829421997,0.3191688656806946
7700,LEFT_FOOT_INDEX,0.8037548065185547,0.344878613948822,0.24704448878765106
7700,RIGHT_FOOT_INDEX,0.8031365275382996,0.48529553413391113,0.19125118851661682
7733,NOSE,0.25067031383514404,0.39111074805259705,-0.28938624262809753
7733,LEFT_EYE_INNER,0.23541328310966492,0.380207896232605,-0.2735958695411682
7733,LEFT_EYE,0.23520484566688538,0.3712537884712219,-0.27357667684555054
7733,LEFT_EYE_OUTER,0.2350473403930664,0.36311694979667664,-0.2735607624053955
7733,RIGHT_EYE_INNER,0.23597562313079834,0.40604367852211,-0.2759842574596405
7733,RIGHT_EYE,0.23628361523151398,0.41701239347457886,-0.27597376704216003
7733,RIGHT_EYE_OUTER,0.23676002025604248,0.4276945888996124,-0.2759682536125183
7733,LEFT_EAR,0.2390427589416504,0.35473036766052246,-0.15894687175750732
7733,RIGHT_EAR,0.24153804779052734,0.44649648666381836,-0.17423096299171448
7733,MOUTH_LEFT,0.2628827691078186,0.38055220246315,-0.24479098618030548
7733,MOUTH_RIGHT,0.2629089951515198,0.4118035137653351,-0.24874496459960938
7733,LEFT_SHOULDER,0.32183781266212463,0.29015496373176575,-0.07131499797105789
7733,RIGHT_SHOULDER,0.3164859414100647,0.5120534300804138,-0.1323060840368271
7733,LEFT_ELBOW,0.42884349822998047,0.28446605801582336,0.031817421317100525
7733,RIGHT_ELBOW,0.4176214337348938,0.5391989350318909,-0.11341897398233414
7733,LEFT_WRIST,0.5182456970214844,0.27375274896621704,-0.01762619987130165
7733,RIGHT_WRIST,0.5056599974632263,0.5403451323509216,-0.19611074030399323
7733,LEFT_PINKY,0.5462234616279602,0.25813964009284973,-0.038876015692949295
7733,RIGHT_PINKY,0.5350785255432129,0.5471543073654175,-0.22899314761161804
7733,LEFT_INDEX,0.5463470816612244,0.274695485830307,-0.07742373645305634
7733,RIGHT_INDEX,0.5337244272232056,0.5257083773612976,-0.2569775879383087
7733,LEFT_THUMB,0.5384108424186707,0.2833530604839325,-0.03308091312646866
7733,RIGHT_THUMB,0.5254972577095032,0.5181093811988831,-0.20924308896064758
7733,LEFT_HIP,0.5152634382247925,0.35065507888793945,0.021509820595383644
7733,RIGHT_HIP,0.5158030986785889,0.4719417691230774,-0.021739941090345383
7733,LEFT_KNEE,0.6499258279800415,0.3574039340019226,0.04092179611325264
7733,RIGHT_KNEE,0.6528744101524353,0.4828456938266754,0.03052101470530033
7733,LEFT_ANKLE,0.7521015405654907,0.3920436501502991,0.32107049226760864
7733,RIGHT_ANKLE,0.7492693066596985,0.47462064027786255,0.29769352078437805
7733,LEFT_HEEL,0.7635265588760376,0.4077076017856598,0.34386786818504333
7733,RIGHT_HEEL,0.758898913860321,0.46859386563301086,0.3182714581489563
7733,LEFT_FOOT_INDEX,0.8032976984977722,0.3447621166706085,0.2423860728740692
7733,RIGHT_FOOT_INDEX,0.8031414151191711,0.48532187938690186,0.18532271683216095
7766,NOSE,0.250535249710083,0.3906823992729187,-0.278882771730423
7766,LEFT_EYE_INNER,0.23535744845867157,0.37945106625556946,-0.2640954256057739
7766,LEFT_EYE,0.2351236790418625,0.37025558948516846,-0.26408064365386963
7766,LEFT_EYE_OUTER,0.23497240245342255,0.36212462186813354,-0.2640685439109802
7766,RIGHT_EYE_INNER,0.23594632744789124,0.40559425950050354,-0.2660368084907532
7766,RIGHT_EYE,0.23626334965229034,0.41655075550079346,-0.2660265862941742
7766,RIGHT_EYE_OUTER,0.23674459755420685,0.42709213495254517,-0.2660262882709503
7766,LEFT_EAR,0.23897907137870789,0.35301071405410767,-0.15528786182403564
7766,RIGHT_EAR,0.2415323555469513,0.4451523721218109,-0.1675572693347931
7766,MOUTH_LEFT,0.26284506916999817,0.3798038065433502,-0.2363988608121872
7766,MOUTH_RIGHT,0.2628420293331146,0.4110734164714813,-0.23951634764671326
7766,LEFT_SHOULDER,0.3218517005443573,0.2889760434627533,-0.07118108868598938
7766,RIGHT_SHOULDER,0.316486656665802,0.5103795528411865,-0.13163433969020844
7766,LEFT_ELBOW,0.42864227294921875,0.2846134603023529,0.03152700886130333
7766,RIGHT_ELBOW,0.4181787371635437,0.5381074547767639,-0.10946612060070038
7766,LEFT_WRIST,0.5182306170463562,0.27596741914749146,-0.017378266900777817
7766,RIGHT_WRIST,0.5057063102722168,0.5384246110916138,-0.17153313755989075
7766,LEFT_PINKY,0.5460637807846069,0.26086533069610596,-0.03737751021981239
7766,RIGHT_PINKY,0.5348528027534485,0.545245885848999,-0.20123818516731262
7766,LEFT_INDEX,0.5462101101875305,0.2761485278606415,-0.07490582019090652
7766,RIGHT_INDEX,0.5334905385971069,0.5235633254051208,-0.22635021805763245
7766,LEFT_THUMB,0.5383759140968323,0.2848081588745117,-0.03216967731714249
7766,RIGHT_THUMB,0.5252417922019958,0.5158728957176208,-0.1828877329826355
7766,LEFT_HIP,0.5151478052139282,0.3502969443798065,0.02044638805091381
7766,RIGHT_HIP,0.5157881379127502,0.4714772403240204,-0.020673459395766258
7766,LEFT_KNEE,0.6495154500007629,0.3559906482696533,0.03941948711872101
7766,RIGHT_KNEE,0.6527370810508728,0.48279061913490295,0.0305092241615057
7766,LEFT_ANKLE,0.7520000338554382,0.39194706082344055,0.30530697107315063
7766,RIGHT_ANKLE,0.7491926550865173,0.4741511940956116,0.2816896140575409
7766,LEFT_HEEL,0.7633811235427856,0.4074530303478241,0.326330304145813
7766,RIGHT_HEEL,0.7588956952095032,0.46811825037002563,0.30028724670410156
7766,LEFT_FOOT_INDEX,0.8028512001037598,0.3441656827926636,0.22496648132801056
7766,RIGHT_FOOT_INDEX,0.8031519055366516,0.48542430996894836,0.17816348373889923
7800,NOSE,0.25036925077438354,0.39038971066474915,-0.30934908986091614
7800,LEFT_EYE_INNER,0.23529723286628723,0.37899067997932434,-0.2940440773963928
7800,LEFT_EYE,0.23503074049949646,0.36972254514694214,-0.2940288782119751
7800,LEFT_EYE_OUTER,0.23485887050628662,0.36149999499320984,-0.29401928186416626
7800,RIGHT_EYE_INNER,0.23591887950897217,0.40530773997306824,-0.2956759035587311
7800,RIGHT_EYE,0.2362395077943802,0.41623175144195557,-0.29567110538482666
7800,RIGHT_EYE_OUTER,0.23671743273735046,0.4266131520271301,-0.2956731915473938
7800,LEFT_EAR,0.2388336956501007,0.35166671872138977,-0.17733879387378693
7800,RIGHT_EAR,0.24148504436016083,0.44376063346862793,-0.18806476891040802
7800,MOUTH_LEFT,0.2627571225166321,0.37915462255477905,-0.26345109939575195
7800,MOUTH_RIGHT,0.26275116205215454,0.4105592370033264,-0.2661895155906677
7800,LEFT_SHOULDER,0.32185930013656616,0.28691038489341736,-0.08863133192062378
7800,RIGHT_SHOULDER,0.3166368007659912,0.5085391998291016,-0.137384831905365
7800,LEFT_ELBOW,0.42849549651145935,0.2845664620399475,0.008900560438632965
7800,RIGHT_ELBOW,0.41843563318252563,0.5376061201095581,-0.11138681322336197
7800,LEFT_WRIST,0.5181704163551331,0.2765572965145111,-0.0415872260928154
7800,RIGHT_WRIST,0.5056542754173279,0.5381625890731812,-0.18123117089271545
7800,LEFT_PINKY,0.5460429787635803,0.2617546021938324,-0.06349316239356995
7800,RIGHT_PINKY,0.5349365472793579,0.5458864569664001,-0.21336205303668976
7800,LEFT_INDEX,0.5461781620979309,0.27639320492744446,-0.10296487808227539
7800,RIGHT_INDEX,0.5336043238639832,0.5232431292533875,-0.2401074916124344
7800,LEFT_THUMB,0.5383638739585876,0.28512951731681824,-0.05708761885762215
7800,RIGHT_THUMB,0.525396466255188,0.5148612260818481,-0.19348737597465515
7800,LEFT_HIP,0.5152168869972229,0.3498821258544922,0.019888054579496384
7800,RIGHT_HIP,0.5158064365386963,0.47098028659820557,-0.020107191056013107
7800,LEFT_KNEE,0.6493114233016968,0.3551211953163147,0.04162125289440155
7800,RIGHT_KNEE,0.6524797677993774,0.4827941060066223,0.03284858912229538
7800,LEFT_ANKLE,0.7518708109855652,0.39188724756240845,0.32093214988708496
7800,RIGHT_ANKLE,0.7491217851638794,0.4740881323814392,0.29108214378356934
7800,LEFT_HEEL,0.7632877826690674,0.407288134098053,0.3430590033531189
7800,RIGHT_HEEL,0.7588545083999634,0.46785685420036316,0.3109195828437805
7800,LEFT_FOOT_INDEX,0.8025392293930054,0.34414052963256836,0.23395390808582306
7800,RIGHT_FOOT_INDEX,0.8031449317932129,0.48576003313064575,0.18489108979701996
7833,NOSE,0.25019165873527527,0.39022096991539,-0.34686389565467834
7833,LEFT_EYE_INNER,0.23522832989692688,0.37855851650238037,-0.3303792178630829
7833,LEFT_EYE,0.2349289208650589,0.3692634701728821,-0.33036941289901733
7833,LEFT_EYE_OUTER,0.23472312092781067,0.36091312766075134,-0.33036184310913086
7833,RIGHT_EYE_INNER,0.23589500784873962,0.40502870082855225,-0.3325324058532715
7833,RIGHT_EYE,0.2362181693315506,0.4159041941165924,-0.33252856135368347
7833,RIGHT_EYE_OUTER,0.23669108748435974,0.42610999941825867,-0.33253294229507446
7833,LEFT_EAR,0.23869387805461884,0.35043850541114807,-0.20243176817893982
7833,RIGHT_EAR,0.2414272576570511,0.4422800838947296,-0.2150319516658783
7833,MOUTH_LEFT,0.2626027464866638,0.3785431385040283,-0.2964039742946625
7833,MOUTH_RIGHT,0.2626122832298279,0.4101272523403168,-0.2997484505176544
7833,LEFT_SHOULDER,0.322012722492218,0.28506726026535034,-0.101651631295681
7833,RIGHT_SHOULDER,0.31684285402297974,0.5067417621612549,-0.149538055062294
7833,LEFT_ELBOW,0.4284493327140808,0.2846066951751709,-0.002269132062792778
7833,RIGHT_ELBOW,0.419132798910141,0.5362551212310791,-0.1110483780503273
7833,LEFT_WRIST,0.517937421798706,0.27737754583358765,-0.06603778898715973
7833,RIGHT_WRIST,0.5057244300842285,0.5385933518409729,-0.18377920985221863
7833,LEFT_PINKY,0.5458575487136841,0.26362547278404236,-0.0908752828836441
7833,RIGHT_PINKY,0.5350774526596069,0.5465668439865112,-0.21721701323986053
7833,LEFT_INDEX,0.5460470914840698,0.2766178846359253,-0.13301770389080048
7833,RIGHT_INDEX,0.5337415337562561,0.52302086353302,-0.24680617451667786
7833,LEFT_THUMB,0.5382998585700989,0.2853899896144867,-0.08298347145318985
7833,RIGHT_THUMB,0.5256563425064087,0.5140323042869568,-0.19712689518928528
7833,LEFT_HIP,0.5152707099914551,0.3486202359199524,0.01998363435268402
7833,RIGHT_HIP,0.5158015489578247,0.4701493978500366,-0.020196769386529922
7833,LEFT_KNEE,0.649298369884491,0.35483211278915405,0.04809210076928139
7833,RIGHT_KNEE,0.6523317098617554,0.4822377860546112,0.033907450735569
7833,LEFT_ANKLE,0.7518941164016724,0.3918857276439667,0.34779489040374756
7833,RIGHT_ANKLE,0.7492595911026001,0.47405725717544556,0.3084337115287781
7833,LEFT_HEEL,0.7633011341094971,0.40728628635406494,0.3713584244251251
7833,RIGHT_HEEL,0.7589531540870667,0.46784543991088867,0.329814612865448
7833,LEFT_FOOT_INDEX,0.8025420904159546,0.344095915555954,0.25026509165763855
7833,RIGHT_FOOT_INDEX,0.8033428192138672,0.48603469133377075,0.1934356987476349
7866,NOSE,0.24984367191791534,0.3884601294994354,-0.34818655252456665
7866,LEFT_EYE_INNER,0.23504790663719177,0.37622880935668945,-0.3319140374660492
7866,LEFT_EYE,0.23471121490001678,0.36685308814048767,-0.3318968415260315
7866,LEFT_EYE_OUTER,0.2344847172498703,0.3587990701198578,-0.3318779468536377
7866,RIGHT_EYE_INNER,0.235796719789505,0.40334048867225647,-0.3349006772041321
7866,RIGHT_EYE,0.23613114655017853,0.4143027067184448,-0.33489537239074707
7866,RIGHT_EYE_OUTER,0.23660075664520264,0.4246664345264435,-0.3348953127861023
7866,LEFT_EAR,0.2385430783033371,0.3480026423931122,-0.2048228234052658
7866,RIGHT_EAR,0.2413957118988037,0.44070151448249817,-0.22196173667907715
7866,MOUTH_LEFT,0.26239436864852905,0.3764581084251404,-0.2981574833393097
7866,MOUTH_RIGHT,0.26246458292007446,0.4083573520183563,-0.3027513325214386
7866,LEFT_SHOULDER,0.3221665024757385,0.282903254032135,-0.10277799516916275
7866,RIGHT_SHOULDER,0.3170701265335083,0.5050032138824463,-0.16064654290676117
7866,LEFT_ELBOW,0.4283439517021179,0.28440061211586,-0.002558734966441989
7866,RIGHT_ELBOW,0.41966646909713745,0.5343389511108398,-0.12089476734399796
7866,LEFT_WRIST,0.5177996754646301,0.2772185206413269,-0.06531333178281784
7866,RIGHT_WRIST,0.5060931444168091,0.5380939245223999,-0.18939590454101562
7866,LEFT_PINKY,0.5457786321640015,0.26359254121780396,-0.08957119286060333
7866,RIGHT_PINKY,0.5353847742080688,0.547116756439209,-0.22256183624267578
7866,LEFT_INDEX,0.5460349321365356,0.27641087770462036,-0.131862074136734
7866,RIGHT_INDEX,0.5342836976051331,0.5246304273605347,-0.2528785169124603
7866,LEFT_THUMB,0.5382890105247498,0.2851075828075409,-0.08230660855770111
7866,RIGHT_THUMB,0.5262740850448608,0.5153523683547974,-0.20302648842334747
7866,LEFT_HIP,0.5155767202377319,0.3464943468570709,0.025090202689170837
7866,RIGHT_HIP,0.5160860419273376,0.4687824249267578,-0.025304779410362244
7866,LEFT_KNEE,0.6495135426521301,0.35480305552482605,0.07211875170469284
7866,RIGHT_KNEE,0.6522426009178162,0.480965256690979,0.03505755215883255
7866,LEFT_ANKLE,0.7521291375160217,0.39189407229423523,0.358445942401886
7866,RIGHT_ANKLE,0.7493435740470886,0.47408974170684814,0.30447161197662354
7866,LEFT_HEEL,0.7635042667388916,0.40743768215179443,0.380919873714447
7866,RIGHT_HEEL,0.7590065002441406,0.4687216579914093,0.3253084123134613
7866,LEFT_FOOT_INDEX,0.8025876879692078,0.3440856337547302,0.2637508511543274
7866,RIGHT_FOOT_INDEX,0.8033390045166016,0.48594772815704346,0.19105322659015656
7900,NOSE,0.24968406558036804,0.3857247233390808,-0.36652708053588867
7900,LEFT_EYE_INNER,0.23496615886688232,0.37299224734306335,-0.3492739796638489
7900,LEFT_EYE,0.23464104533195496,0.36379745602607727,-0.3492574095726013
7900,LEFT_EYE_OUTER,0.2344294786453247,0.35605502128601074,-0.3492348790168762
7900,RIGHT_EYE_INNER,0.23571684956550598,0.40059834718704224,-0.3534480929374695
7900,RIGHT_EYE,0.23606011271476746,0.4115442931652069,-0.35343894362449646
7900,RIGHT_EYE_OUTER,0.23651762306690216,0.4222572445869446,-0.3534310758113861
7900,LEFT_EAR,0.2385205328464508,0.3452981114387512,-0.21524269878864288
7900,RIGHT_EAR,0.24138560891151428,0.43854963779449463,-0.23848292231559753
7900,MOUTH_LEFT,0.2623305916786194,0.37356576323509216,-0.3137429356575012
7900,MOUTH_RIGHT,0.2624131739139557,0.40538448095321655,-0.3201085329055786
7900,LEFT_SHOULDER,0.3222425878047943,0.28147849440574646,-0.1058889627456665
7900,RIGHT_SHOULDER,0.31714606285095215,0.5030233860015869,-0.17396442592144012
7900,LEFT_ELBOW,0.4283255934715271,0.28275468945503235,-0.0031019379384815693
7900,RIGHT_ELBOW,0.4196361005306244,0.5333540439605713,-0.1388019472360611
7900,LEFT_WRIST,0.5169984698295593,0.2747131586074829,-0.07260142266750336
7900,RIGHT_WRIST,0.506011426448822,0.5390669703483582,-0.2189411222934723
7900,LEFT_PINKY,0.5455256700515747,0.26035410165786743,-0.09854043275117874
7900,RIGHT_PINKY,0.5354313254356384,0.5483741164207458,-0.25492027401924133
7900,LEFT_INDEX,0.5459476113319397,0.2746383547782898,-0.14301207661628723
7900,RIGHT_INDEX,0.5342615246772766,0.5267126560211182,-0.2863088846206665
7900,LEFT_THUMB,0.5382376909255981,0.2834393084049225,-0.09062466770410538
7900,RIGHT_THUMB,0.5262277126312256,0.5173843502998352,-0.23323142528533936
7900,LEFT_HIP,0.5157861113548279,0.34473615884780884,0.0305684395134449
7900,RIGHT_HIP,0.5161706209182739,0.46772485971450806,-0.030777964740991592
7900,LEFT_KNEE,0.6497671604156494,0.3541732430458069,0.09180358052253723
7900,RIGHT_KNEE,0.651940107345581,0.47846803069114685,0.03831109404563904
7900,LEFT_ANKLE,0.7521868348121643,0.3918948769569397,0.38573017716407776
7900,RIGHT_ANKLE,0.7493648529052734,0.4742031991481781,0.31579044461250305
7900,LEFT_HEEL,0.7635088562965393,0.40761303901672363,0.40901175141334534
7900,RIGHT_HEEL,0.7590099573135376,0.4695676565170288,0.3375934958457947
7900,LEFT_FOOT_INDEX,0.8026049733161926,0.34352365136146545,0.29212266206741333
7900,RIGHT_FOOT_INDEX,0.8033771514892578,0.48625999689102173,0.2003197968006134
7933,NOSE,0.24914801120758057,0.38412144780158997,-0.3624010682106018
7933,LEFT_EYE_INNER,0.23453271389007568,0.371046245098114,-0.3450179696083069
7933,LEFT_EYE,0.23422665894031525,0.361886203289032,-0.34501561522483826
7933,LEFT_EYE_OUTER,0.23399384319782257,0.35402679443359375,-0.3450062572956085
7933,RIGHT_EYE_INNER,0.2353580892086029,0.3987107574939728,-0.3484260141849518
7933,RIGHT_EYE,0.23570819199085236,0.4095185101032257,-0.34840866923332214
7933,RIGHT_EYE_OUTER,0.23611672222614288,0.4200914204120636,-0.34840497374534607
7933,LEFT_EAR,0.2381591498851776,0.34302428364753723,-0.2118707150220871
7933,RIGHT_EAR,0.2411898672580719,0.4363340735435486,-0.2313334196805954
7933,MOUTH_LEFT,0.2620513439178467,0.3715786337852478,-0.3101334869861603
7933,MOUTH_RIGHT,0.26216888427734375,0.4032987058162689,-0.3153720498085022
7933,LEFT_SHOULDER,0.3224332928657532,0.27756527066230774,-0.10754559934139252
7933,RIGHT_SHOULDER,0.3175598978996277,0.501801609992981,-0.16632181406021118
7933,LEFT_ELBOW,0.4286647439002991,0.27878543734550476,-0.009271835908293724
7933,RIGHT_ELBOW,0.4197438359260559,0.5311371088027954,-0.12926843762397766
7933,LEFT_WRIST,0.5171682238578796,0.27093058824539185,-0.08264420926570892
7933,RIGHT_WRIST,0.505957305431366,0.5381998419761658,-0.20636248588562012
7933,LEFT_PINKY,0.5460083484649658,0.2559041380882263,-0.10967367887496948
7933,RIGHT_PINKY,0.5354325175285339,0.5474734902381897,-0.24083161354064941
7933,LEFT_INDEX,0.5465385913848877,0.27195295691490173,-0.15402057766914368
7933,RIGHT_INDEX,0.5342003107070923,0.5279538631439209,-0.2725064158439636
7933,LEFT_THUMB,0.5386930108070374,0.2813399136066437,-0.10064540803432465
7933,RIGHT_THUMB,0.526186466217041,0.5187361836433411,-0.22082750499248505
7933,LEFT_HIP,0.5167773365974426,0.34346646070480347,0.031232357025146484
7933,RIGHT_HIP,0.5162813663482666,0.4675939679145813,-0.03142630308866501
7933,LEFT_KNEE,0.6509102582931519,0.3540189564228058,0.09464750438928604
7933,RIGHT_KNEE,0.6517021059989929,0.4775417745113373,0.042099084705114365
7933,LEFT_ANKLE,0.7523379921913147,0.3918219804763794,0.39954107999801636
7933,RIGHT_ANKLE,0.7493640780448914,0.47447407245635986,0.32762855291366577
7933,LEFT_HEEL,0.7635807394981384,0.4076140522956848,0.4240436553955078
7933,RIGHT_HEEL,0.758996844291687,0.46991589665412903,0.35034239292144775
7933,LEFT_FOOT_INDEX,0.802608847618103,0.3432615101337433,0.3041195273399353
7933,RIGHT_FOOT_INDEX,0.8033504486083984,0.4868339002132416,0.21165211498737335
7966,NOSE,0.24855458736419678,0.38293108344078064,-0.3491102159023285
7966,LEFT_EYE_INNER,0.2340049296617508,0.3692995309829712,-0.33228158950805664
7966,LEFT_EYE,0.23372110724449158,0.3601303994655609,-0.33227893710136414
7966,LEFT_EYE_OUTER,0.2334628850221634,0.35211867094039917,-0.33227017521858215
7966,RIGHT_EYE_INNER,0.23491840064525604,0.3969919979572296,-0.33577316999435425
7966,RIGHT_EYE,0.2352624386548996,0.40768834948539734,-0.3357572853565216
7966,RIGHT_EYE_OUTER,0.23561401665210724,0.4180818200111389,-0.3357510268688202
7966,LEFT_EAR,0.2377500832080841,0.3406754732131958,-0.20295560359954834
7966,RIGHT_EAR,0.24083082377910614,0.4341399669647217,-0.22259612381458282
7966,MOUTH_LEFT,0.26166680455207825,0.37005624175071716,-0.29812076687812805
7966,MOUTH_RIGHT,0.2618504464626312,0.40180376172065735,-0.3034715950489044
7966,LEFT_SHOULDER,0.3226879835128784,0.2748677730560303,-0.10287968069314957
7966,RIGHT_SHOULDER,0.31773144006729126,0.5002768039703369,-0.15956656634807587
7966,LEFT_ELBOW,0.428617388010025,0.27584078907966614,-0.006189062260091305
7966,RIGHT_ELBOW,0.42007049918174744,0.5288571119308472,-0.11879859864711761
7966,LEFT_WRIST,0.5171528458595276,0.2691788077354431,-0.07457755506038666
7966,RIGHT_WRIST,0.5062122344970703,0.5381117463111877,-0.17985130846500397
7966,LEFT_PINKY,0.5460481643676758,0.2535136640071869,-0.10004778951406479
7966,RIGHT_PINKY,0.5354594588279724,0.5477607846260071,-0.2118370234966278
7966,LEFT_INDEX,0.5465500354766846,0.26940929889678955,-0.14297109842300415
7966,RIGHT_INDEX,0.5342375636100769,0.528851330280304,-0.24418243765830994
7966,LEFT_THUMB,0.5386887788772583,0.27897605299949646,-0.09198340028524399
7966,RIGHT_THUMB,0.5261784195899963,0.5196498036384583,-0.19467085599899292
7966,LEFT_HIP,0.5169620513916016,0.34268930554389954,0.03057768940925598
7966,RIGHT_HIP,0.5162783861160278,0.46745574474334717,-0.03077569603919983
7966,LEFT_KNEE,0.6510922312736511,0.3538583219051361,0.0842709019780159
7966,RIGHT_KNEE,0.651696503162384,0.4759647250175476,0.041187964379787445
7966,LEFT_ANKLE,0.7523916959762573,0.3917660713195801,0.37713491916656494
7966,RIGHT_ANKLE,0.7493289709091187,0.4746050536632538,0.3178904056549072
7966,LEFT_HEEL,0.7636018991470337,0.40765923261642456,0.4004574418067932
7966,RIGHT_HEEL,0.7589588165283203,0.4706096351146698,0.3395346999168396
7966,LEFT_FOOT_INDEX,0.8026119470596313,0.3432543873786926,0.2838119864463806
7966,RIGHT_FOOT_INDEX,0.8032900094985962,0.48691850900650024,0.20464806258678436
8000,NOSE,0.24820025265216827,0.380813866853714,-0.35439565777778625
8000,LEFT_EYE_INNER,0.23374180495738983,0.3667875826358795,-0.3383558988571167
8000,LEFT_EYE,0.23347346484661102,0.3577375113964081,-0.33834701776504517
8000,LEFT_EYE_OUTER,0.23319053649902344,0.3495405912399292,-0.3383381962776184
8000,RIGHT_EYE_INNER,0.23467953503131866,0.39440643787384033,-0.3405654728412628
8000,RIGHT_EYE,0.2350219190120697,0.4050498902797699,-0.3405601382255554
8000,RIGHT_EYE_OUTER,0.23531875014305115,0.4153357148170471,-0.34055668115615845
8000,LEFT_EAR,0.23751118779182434,0.3378494381904602,-0.2111530750989914
8000,RIGHT_EAR,0.2405892312526703,0.4316234290599823,-0.2248144894838333
8000,MOUTH_LEFT,0.2614385485649109,0.36775070428848267,-0.30427977442741394
8000,MOUTH_RIGHT,0.2616444230079651,0.3994051516056061,-0.30786216259002686
8000,LEFT_SHOULDER,0.3228457570075989,0.2731567621231079,-0.11183075606822968
8000,RIGHT_SHOULDER,0.31773123145103455,0.49845847487449646,-0.15913665294647217
8000,LEFT_ELBOW,0.4285978674888611,0.27333131432533264,-0.018670763820409775
8000,RIGHT_ELBOW,0.4202203154563904,0.5260426998138428,-0.11413739621639252
8000,LEFT_WRIST,0.5174537301063538,0.26846861839294434,-0.08898146450519562
8000,RIGHT_WRIST,0.5064076781272888,0.5378797650337219,-0.17415538430213928
8000,LEFT_PINKY,0.5465205311775208,0.25262168049812317,-0.11449946463108063
8000,RIGHT_PINKY,0.5355530977249146,0.5480592250823975,-0.2051587998867035
8000,LEFT_INDEX,0.5469885468482971,0.2688271105289459,-0.15760281682014465
8000,RIGHT_INDEX,0.5344945788383484,0.5294607877731323,-0.23846015334129333
8000,LEFT_THUMB,0.53901606798172,0.2782457172870636,-0.10634402930736542
8000,RIGHT_THUMB,0.5264049768447876,0.5202718377113342,-0.18930022418498993
8000,LEFT_HIP,0.5169795155525208,0.34210318326950073,0.030164223164319992
8000,RIGHT_HIP,0.5158641338348389,0.467408150434494,-0.03036392852663994
8000,LEFT_KNEE,0.6510850191116333,0.3538614809513092,0.07498492300510406
8000,RIGHT_KNEE,0.6515891551971436,0.4760649800300598,0.034364908933639526
8000,LEFT_ANKLE,0.7526479363441467,0.3919743001461029,0.3642064332962036
8000,RIGHT_ANKLE,0.7494504451751709,0.47472482919692993,0.30753374099731445
8000,LEFT_HEEL,0.7640418410301208,0.4079779386520386,0.3863895535469055
8000,RIGHT_HEEL,0.7591017484664917,0.47125789523124695,0.3283824324607849
8000,LEFT_FOOT_INDEX,0.8026441335678101,0.3432571589946747,0.26250115036964417
8000,RIGHT_FOOT_INDEX,0.8028206825256348,0.4867614209651947,0.1893424689769745
8033,NOSE,0.24816226959228516,0.3773024380207062,-0.36875152587890625
8033,LEFT_EYE_INNER,0.233730748295784,0.3630700707435608,-0.3511996269226074
8033,LEFT_EYE,0.23346810042858124,0.35424289107322693,-0.3512025475502014
8033,LEFT_EYE_OUTER,0.2331824004650116,0.34593555331230164,-0.3511962294578552
8033,RIGHT_EYE_INNER,0.2346428632736206,0.39083871245384216,-0.3541834056377411
8033,RIGHT_EYE,0.23498038947582245,0.4015650153160095,-0.35418397188186646
8033,RIGHT_EYE_OUTER,0.23523204028606415,0.411873459815979,-0.3541957437992096
8033,LEFT_EAR,0.23749451339244843,0.3345661461353302,-0.21523034572601318
8033,RIGHT_EAR,0.24048340320587158,0.42866313457489014,-0.231703519821167
8033,MOUTH_LEFT,0.261432409286499,0.36434775590896606,-0.3150884211063385
8033,MOUTH_RIGHT,0.26162299513816833,0.3959295451641083,-0.3195968270301819
8033,LEFT_SHOULDER,0.32318314909935,0.2704143524169922,-0.1078166738152504
8033,RIGHT_SHOULDER,0.3177264928817749,0.4971449673175812,-0.1612311154603958
8033,LEFT_ELBOW,0.4288618564605713,0.27105987071990967,-0.01401844434440136
8033,RIGHT_ELBOW,0.4204045832157135,0.525459885597229,-0.1139727383852005
8033,LEFT_WRIST,0.5177963972091675,0.26710832118988037,-0.08697937428951263
8033,RIGHT_WRIST,0.5066138505935669,0.5380696058273315,-0.17936186492443085
8033,LEFT_PINKY,0.5468009114265442,0.251773864030838,-0.11348418146371841
8033,RIGHT_PINKY,0.5356235504150391,0.5484638214111328,-0.21308548748493195
8033,LEFT_INDEX,0.5471642017364502,0.2678215205669403,-0.15858784317970276
8033,RIGHT_INDEX,0.5346145033836365,0.5298532247543335,-0.24935737252235413
8033,LEFT_THUMB,0.5392116904258728,0.2771444022655487,-0.10543062537908554
8033,RIGHT_THUMB,0.5265742540359497,0.5206882953643799,-0.1957542449235916
8033,LEFT_HIP,0.5174089074134827,0.34189411997795105,0.031031832098960876
8033,RIGHT_HIP,0.5158936977386475,0.46744459867477417,-0.031218748539686203
8033,LEFT_KNEE,0.6519495844841003,0.3536788821220398,0.07394949346780777
8033,RIGHT_KNEE,0.6514829993247986,0.4760284423828125,0.026807982474565506
8033,LEFT_ANKLE,0.7516723275184631,0.39200183749198914,0.37647920846939087
8033,RIGHT_ANKLE,0.7494273781776428,0.47472715377807617,0.3112843334674835
8033,LEFT_HEEL,0.763009786605835,0.408077210187912,0.40093177556991577
8033,RIGHT_HEEL,0.75908362865448,0.47152218222618103,0.33350884914398193
8033,LEFT_FOOT_INDEX,0.8025983572006226,0.34316402673721313,0.2726913392543793
8033,RIGHT_FOOT_INDEX,0.8028548359870911,0.4867267608642578,0.1893528699874878
8066,NOSE,0.24801592528820038,0.3729601204395294,-0.3922094702720642
8066,LEFT_EYE_INNER,0.2336888611316681,0.35881051421165466,-0.37518221139907837
8066,LEFT_EYE,0.2334323227405548,0.3502797484397888,-0.3751775026321411
8066,LEFT_EYE_OUTER,0.2331395447254181,0.34186723828315735,-0.3751751780509949
8066,RIGHT_EYE_INNER,0.23457308113574982,0.38649728894233704,-0.37728363275527954
8066,RIGHT_EYE,0.23492470383644104,0.3973902463912964,-0.37729412317276
8066,RIGHT_EYE_OUTER,0.23513834178447723,0.4077291786670685,-0.37730443477630615
8066,LEFT_EAR,0.23748460412025452,0.33084556460380554,-0.239161878824234
8066,RIGHT_EAR,0.24040476977825165,0.42502865195274353,-0.2515503764152527
8066,MOUTH_LEFT,0.26141494512557983,0.360228568315506,-0.3385889232158661
8066,MOUTH_RIGHT,0.2615967094898224,0.3916075527667999,-0.34188222885131836
8066,LEFT_SHOULDER,0.3233909010887146,0.2653674781322479,-0.12847952544689178
8066,RIGHT_SHOULDER,0.31772559881210327,0.4945937991142273,-0.17205163836479187
8066,LEFT_ELBOW,0.42882996797561646,0.2653551399707794,-0.03400226682424545
8066,RIGHT_ELBOW,0.42040348052978516,0.5242536664009094,-0.11528781801462173
8066,LEFT_WRIST,0.5177869200706482,0.26202037930488586,-0.11882710456848145
8066,RIGHT_WRIST,0.5069465637207031,0.5373461246490479,-0.18342328071594238
8066,LEFT_PINKY,0.547197699546814,0.2487117350101471,-0.1467052698135376
8066,RIGHT_PINKY,0.5358790159225464,0.5482941269874573,-0.21633145213127136
8066,LEFT_INDEX,0.5472488403320312,0.265209823846817,-0.1909547746181488
8066,RIGHT_INDEX,0.5350072383880615,0.5301766991615295,-0.2532007396221161
8066,LEFT_THUMB,0.5392192602157593,0.27466243505477905,-0.13700851798057556
8066,RIGHT_THUMB,0.5269055366516113,0.5210009813308716,-0.20014333724975586
8066,LEFT_HIP,0.5174045562744141,0.339383065700531,0.030352767556905746
8066,RIGHT_HIP,0.5154732465744019,0.4672079384326935,-0.03053613379597664
8066,LEFT_KNEE,0.6519258618354797,0.3533937335014343,0.0663040354847908
8066,RIGHT_KNEE,0.6515244245529175,0.47446534037590027,0.026460250839591026
8066,LEFT_ANKLE,0.7515782117843628,0.39157894253730774,0.3705769181251526
8066,RIGHT_ANKLE,0.7491866946220398,0.47443610429763794,0.3122451901435852
8066,LEFT_HEEL,0.7629461288452148,0.4079422354698181,0.3943873941898346
8066,RIGHT_HEEL,0.7589970231056213,0.4711235761642456,0.33445602655410767
8066,LEFT_FOOT_INDEX,0.802876353263855,0.3430706858634949,0.2670878767967224
8066,RIGHT_FOOT_INDEX,0.8027280569076538,0.4865760803222656,0.18930399417877197
8100,NOSE,0.24792197346687317,0.3695414662361145,-0.38113290071487427
8100,LEFT_EYE_INNER,0.23365502059459686,0.3554935157299042,-0.361598402261734
8100,LEFT_EYE,0.233404278755188,0.34716588258743286,-0.3616287112236023
8100,LEFT_EYE_OUTER,0.23310518264770508,0.33887672424316406,-0.3616500496864319
8100,RIGHT_EYE_INNER,0.2345021665096283,0.38277876377105713,-0.36585500836372375
8100,RIGHT_EYE,0.23485016822814941,0.39375337958335876,-0.3658526539802551
8100,RIGHT_EYE_OUTER,0.2350270003080368,0.4040716886520386,-0.3658803701400757
8100,LEFT_EAR,0.2374570667743683,0.32808318734169006,-0.22498777508735657
8100,RIGHT_EAR,0.24026890099048615,0.42163094878196716,-0.24070331454277039
8100,MOUTH_LEFT,0.26139703392982483,0.35739123821258545,-0.324776291847229
8100,MOUTH_RIGHT,0.26158326864242554,0.38834691047668457,-0.3303324580192566
8100,LEFT_SHOULDER,0.3234090209007263,0.2615351378917694,-0.1202506572008133
8100,RIGHT_SHOULDER,0.31770074367523193,0.4909530580043793,-0.16823461651802063
8100,LEFT_ELBOW,0.42867761850357056,0.2599646747112274,-0.024638555943965912
8100,RIGHT_ELBOW,0.4203919768333435,0.5221344232559204,-0.12075524032115936
8100,LEFT_WRIST,0.5179154872894287,0.25885921716690063,-0.1094796285033226
8100,RIGHT_WRIST,0.5072452425956726,0.536781907081604,-0.1864250898361206
8100,LEFT_PINKY,0.5474611520767212,0.24614548683166504,-0.1374979168176651
8100,RIGHT_PINKY,0.5359331369400024,0.5482946634292603,-0.2189856320619583
8100,LEFT_INDEX,0.5473400354385376,0.26315027475357056,-0.18430110812187195
8100,RIGHT_INDEX,0.5352393984794617,0.5299916863441467,-0.25393474102020264
8100,LEFT_THUMB,0.539292573928833,0.2723962664604187,-0.12952306866645813
8100,RIGHT_THUMB,0.5272654294967651,0.5206838250160217,-0.2022642195224762
8100,LEFT_HIP,0.5177314877510071,0.3373450040817261,0.03009071946144104
8100,RIGHT_HIP,0.5154367685317993,0.465673565864563,-0.030276436358690262
8100,LEFT_KNEE,0.6518155336380005,0.35338038206100464,0.06991971284151077
8100,RIGHT_KNEE,0.651276707649231,0.4743750989437103,0.030763665214180946
8100,LEFT_ANKLE,0.7515560388565063,0.39160650968551636,0.36772623658180237
8100,RIGHT_ANKLE,0.7491853833198547,0.4746452867984772,0.3115631341934204
8100,LEFT_HEEL,0.762890636920929,0.4088902771472931,0.39128920435905457
8100,RIGHT_HEEL,0.7590014338493347,0.4720950126647949,0.3336418867111206
8100,LEFT_FOOT_INDEX,0.8028832674026489,0.3433251976966858,0.2704051733016968
8100,RIGHT_FOOT_INDEX,0.8027141690254211,0.48652318120002747,0.19231054186820984
8133,NOSE,0.24792110919952393,0.3661303222179413,-0.37443050742149353
8133,LEFT_EYE_INNER,0.2336585819721222,0.35225439071655273,-0.35760560631752014
8133,LEFT_EYE,0.23341146111488342,0.34396836161613464,-0.3576008081436157
8133,LEFT_EYE_OUTER,0.2331104576587677,0.33596116304397583,-0.3575943112373352
8133,RIGHT_EYE_INNER,0.2344968020915985,0.37922900915145874,-0.3593257665634155
8133,RIGHT_EYE,0.2348405122756958,0.3901362419128418,-0.3593309223651886
8133,RIGHT_EYE_OUTER,0.23499795794487,0.4005148708820343,-0.3593447506427765
8133,LEFT_EAR,0.23745682835578918,0.3255590498447418,-0.2204115390777588
8133,RIGHT_EAR,0.2402176856994629,0.4183422923088074,-0.2391783446073532
8133,MOUTH_LEFT,0.26141542196273804,0.3545367419719696,-0.3235848844051361
8133,MOUTH_RIGHT,0.2615884840488434,0.38521331548690796,-0.3259592652320862
8133,LEFT_SHOULDER,0.32354259490966797,0.25894418358802795,-0.11634422838687897
8133,RIGHT_SHOULDER,0.3176250457763672,0.4883776307106018,-0.16661861538887024
8133,LEFT_ELBOW,0.42834171652793884,0.2571706473827362,-0.02199697121977806
8133,RIGHT_ELBOW,0.42006808519363403,0.5201019048690796,-0.11648424714803696
8133,LEFT_WRIST,0.5179254412651062,0.2564759850502014,-0.0979287251830101
8133,RIGHT_WRIST,0.5070366859436035,0.5352736711502075,-0.18129189312458038
8133,LEFT_PINKY,0.5474847555160522,0.24454288184642792,-0.124416783452034
8133,RIGHT_PINKY,0.535243570804596,0.5475794672966003,-0.21363213658332825
8133,LEFT_INDEX,0.5473559498786926,0.26157742738723755,-0.16873499751091003
8133,RIGHT_INDEX,0.5350123643875122,0.5291174054145813,-0.24776001274585724
8133,LEFT_THUMB,0.5393062829971313,0.2703554928302765,-0.11621782928705215
8133,RIGHT_THUMB,0.5271562933921814,0.519752562046051,-0.19678212702274323
8133,LEFT_HIP,0.5168064832687378,0.3361259996891022,0.028723228722810745
8133,RIGHT_HIP,0.5134714841842651,0.464158833026886,-0.028919657692313194
8133,LEFT_KNEE,0.6505428552627563,0.35327184200286865,0.06985772401094437
8133,RIGHT_KNEE,0.6506126523017883,0.47442635893821716,0.0317007452249527
8133,LEFT_ANKLE,0.7513269782066345,0.39191415905952454,0.3504810929298401
8133,RIGHT_ANKLE,0.7491872906684875,0.4746251106262207,0.30016863346099854
8133,LEFT_HEEL,0.7628122568130493,0.4096253216266632,0.3715765178203583
8133,RIGHT_HEEL,0.759390115737915,0.4720848798751831,0.3196905553340912
8133,LEFT_FOOT_INDEX,0.8026884198188782,0.34318873286247253,0.25353437662124634
8133,RIGHT_FOOT_INDEX,0.802727997303009,0.48737776279449463,0.18258175253868103
8166,NOSE,0.24796795845031738,0.36288970708847046,-0.3666687607765198
8166,LEFT_EYE_INNER,0.23373480141162872,0.34911420941352844,-0.35030850768089294
8166,LEFT_EYE,0.23350393772125244,0.3408461809158325,-0.3503010869026184
8166,LEFT_EYE_OUTER,0.2332075536251068,0.33285441994667053,-0.35030102729797363
8166,RIGHT_EYE_INNER,0.23450210690498352,0.37605518102645874,-0.35370925068855286
8166,RIGHT_EYE,0.23483726382255554,0.38704338669776917,-0.3537202477455139
8166,RIGHT_EYE_OUTER,0.2349906712770462,0.3974402844905853,-0.3537418246269226
8166,LEFT_EAR,0.23752868175506592,0.32266509532928467,-0.21779990196228027
8166,RIGHT_EAR,0.24020782113075256,0.41535767912864685,-0.23040087521076202
8166,MOUTH_LEFT,0.26148438453674316,0.3515840172767639,-0.31664949655532837
8166,MOUTH_RIGHT,0.2616310119628906,0.3821949362754822,-0.3216753602027893
8166,LEFT_SHOULDER,0.3236357569694519,0.25571826100349426,-0.11550364643335342
8166,RIGHT_SHOULDER,0.3175153434276581,0.4856777489185333,-0.1557305008172989
8166,LEFT_ELBOW,0.42831557989120483,0.25324246287345886,-0.02004939317703247
8166,RIGHT_ELBOW,0.4196363389492035,0.5191671848297119,-0.10621732473373413
8166,LEFT_WRIST,0.5179124474525452,0.254098117351532,-0.10170148313045502
8166,RIGHT_WRIST,0.5069507956504822,0.5319132804870605,-0.1791876256465912
8166,LEFT_PINKY,0.5475083589553833,0.2426554411649704,-0.13083025813102722
8166,RIGHT_PINKY,0.5351819396018982,0.5444816946983337,-0.21234378218650818
8166,LEFT_INDEX,0.5473589897155762,0.2597159147262573,-0.1750749796628952
8166,RIGHT_INDEX,0.5350126028060913,0.525452196598053,-0.24715974926948547
8166,LEFT_THUMB,0.5393056273460388,0.26828107237815857,-0.11979413032531738
8166,RIGHT_THUMB,0.5271706581115723,0.5159977674484253,-0.19504457712173462
8166,LEFT_HIP,0.5166241526603699,0.33513692021369934,0.028597641736268997
8166,RIGHT_HIP,0.5129473805427551,0.46312761306762695,-0.028785664588212967
8166,LEFT_KNEE,0.6494652628898621,0.35319259762763977,0.07456677407026291
8166,RIGHT_KNEE,0.6502197980880737,0.473187118768692,0.03311906009912491
8166,LEFT_ANKLE,0.7511576414108276,0.39197421073913574,0.3513116240501404
8166,RIGHT_ANKLE,0.7491337656974792,0.4736640155315399,0.3003753125667572
8166,LEFT_HEEL,0.7626234292984009,0.410003662109375,0.37279993295669556
8166,RIGHT_HEEL,0.7594001889228821,0.471842497587204,0.32008346915245056
8166,LEFT_FOOT_INDEX,0.8026795387268066,0.34318807721138,0.2531706392765045
8166,RIGHT_FOOT_INDEX,0.8026477098464966,0.4870900809764862,0.18254201114177704
8200,NOSE,0.24791114032268524,0.359724223613739,-0.36192771792411804
8200,LEFT_EYE_INNER,0.23373422026634216,0.34602925181388855,-0.3456759750843048
8200,LEFT_EYE,0.23350587487220764,0.33786439895629883,-0.3456707000732422
8200,LEFT_EYE_OUTER,0.2332162857055664,0.3297588527202606,-0.3456711173057556
8200,RIGHT_EYE_INNER,0.23445574939250946,0.37258660793304443,-0.3492305278778076
8200,RIGHT_EYE,0.23476389050483704,0.38367530703544617,-0.3492329716682434
8200,RIGHT_EYE_OUTER,0.23488526046276093,0.39402100443840027,-0.3492497205734253
8200,LEFT_EAR,0.23757879436016083,0.3198554813861847,-0.21531203389167786
8200,RIGHT_EAR,0.24011798202991486,0.4120340943336487,-0.22854319214820862
8200,MOUTH_LEFT,0.26147639751434326,0.3485395014286041,-0.3118451237678528
8200,MOUTH_RIGHT,0.26161596179008484,0.37928879261016846,-0.3168717324733734
8200,LEFT_SHOULDER,0.3237302601337433,0.2528195381164551,-0.11379356682300568
8200,RIGHT_SHOULDER,0.3172876238822937,0.48254767060279846,-0.15470685064792633
8200,LEFT_ELBOW,0.42821961641311646,0.25104713439941406,-0.02064245194196701
8200,RIGHT_ELBOW,0.4193517565727234,0.5183050632476807,-0.10664106905460358
8200,LEFT_WRIST,0.5178945660591125,0.25307968258857727,-0.10595990717411041
8200,RIGHT_WRIST,0.5055178999900818,0.5300967693328857,-0.1834896355867386
8200,LEFT_PINKY,0.5475181341171265,0.24144259095191956,-0.1356658637523651
8200,RIGHT_PINKY,0.5339429378509521,0.5433928370475769,-0.2174263447523117
8200,LEFT_INDEX,0.5473603010177612,0.2591496407985687,-0.17948439717292786
8200,RIGHT_INDEX,0.5338034629821777,0.5224699378013611,-0.25171834230422974
8200,LEFT_THUMB,0.5393045544624329,0.26770877838134766,-0.12385247647762299
8200,RIGHT_THUMB,0.5260900855064392,0.5125606060028076,-0.1989685595035553
8200,LEFT_HIP,0.5165232419967651,0.3330100178718567,0.02856777049601078
8200,RIGHT_HIP,0.5126141309738159,0.46067067980766296,-0.028755009174346924
8200,LEFT_KNEE,0.6491960287094116,0.353080689907074,0.07753811776638031
8200,RIGHT_KNEE,0.6497617363929749,0.4712491035461426,0.03351755067706108
8200,LEFT_ANKLE,0.75099116563797,0.39192914962768555,0.3496123254299164
8200,RIGHT_ANKLE,0.7491177320480347,0.47363802790641785,0.2964211106300354
8200,LEFT_HEEL,0.7623116374015808,0.4101497530937195,0.37016209959983826
8200,RIGHT_HEEL,0.7593997120857239,0.4721434712409973,0.31573501229286194
8200,LEFT_FOOT_INDEX,0.802605152130127,0.3431917726993561,0.24839791655540466
8200,RIGHT_FOOT_INDEX,0.8025844693183899,0.48703622817993164,0.1782316118478775
8233,NOSE,0.2477719485759735,0.3569469451904297,-0.3620139956474304
8233,LEFT_EYE_INNER,0.23369625210762024,0.34303176403045654,-0.34524160623550415
8233,LEFT_EYE,0.23348335921764374,0.33472585678100586,-0.3452322781085968
8233,LEFT_EYE_OUTER,0.2332065850496292,0.3264390230178833,-0.34521645307540894
8233,RIGHT_EYE_INNER,0.23432031273841858,0.36954858899116516,-0.3473834693431854
8233,RIGHT_EYE,0.23457539081573486,0.38066694140434265,-0.3473826050758362
8233,RIGHT_EYE_OUTER,0.23466143012046814,0.39085808396339417,-0.34739020466804504
8233,LEFT_EAR,0.23759904503822327,0.3165406882762909,-0.2144497185945511
8233,RIGHT_EAR,0.23992547392845154,0.4088429808616638,-0.2271077185869217
8233,MOUTH_LEFT,0.2614429295063019,0.34580153226852417,-0.31118065118789673
8233,MOUTH_RIGHT,0.26155611872673035,0.376656174659729,-0.314577579498291
8233,LEFT_SHOULDER,0.32398533821105957,0.2512248456478119,-0.1128133162856102
8233,RIGHT_SHOULDER,0.3169533312320709,0.4800414741039276,-0.15170930325984955
8233,LEFT_ELBOW,0.42800718545913696,0.24977868795394897,-0.023270074278116226
8233,RIGHT_ELBOW,0.4183669984340668,0.5155764818191528,-0.10190396010875702
8233,LEFT_WRIST,0.5177379250526428,0.25067055225372314,-0.1209113821387291
8233,RIGHT_WRIST,0.5046248435974121,0.527752697467804,-0.18269219994544983
8233,LEFT_PINKY,0.547515869140625,0.23973529040813446,-0.1532200425863266
8233,RIGHT_PINKY,0.5328171253204346,0.5405095219612122,-0.21711888909339905
8233,LEFT_INDEX,0.5473588705062866,0.25712668895721436,-0.1980900764465332
8233,RIGHT_INDEX,0.5330067873001099,0.520308792591095,-0.25177258253097534
8233,LEFT_THUMB,0.5392948389053345,0.26545265316963196,-0.13965001702308655
8233,RIGHT_THUMB,0.5253106951713562,0.5107899308204651,-0.1986754834651947
8233,LEFT_HIP,0.5164531469345093,0.32989007234573364,0.02776031196117401
8233,RIGHT_HIP,0.5123517513275146,0.45763999223709106,-0.027931932359933853
8233,LEFT_KNEE,0.6492067575454712,0.35276058316230774,0.07733386754989624
8233,RIGHT_KNEE,0.6496207118034363,0.47075462341308594,0.03347501903772354
8233,LEFT_ANKLE,0.7510077357292175,0.3919520378112793,0.3502306640148163
8233,RIGHT_ANKLE,0.7491105198860168,0.4736679792404175,0.29714202880859375
8233,LEFT_HEEL,0.7623182535171509,0.41040170192718506,0.37111735343933105
8233,RIGHT_HEEL,0.7593984007835388,0.47255197167396545,0.31625717878341675
8233,LEFT_FOOT_INDEX,0.8025999069213867,0.3435133397579193,0.24478194117546082
8233,RIGHT_FOOT_INDEX,0.8023180961608887,0.486982136964798,0.17836733162403107
8266,NOSE,0.24763484299182892,0.35386547446250916,-0.407503604888916
8266,LEFT_EYE_INNER,0.23364858329296112,0.3399415612220764,-0.3897418975830078
8266,LEFT_EYE,0.2334519922733307,0.3316175639629364,-0.38972458243370056
8266,LEFT_EYE_OUTER,0.23319163918495178,0.3231542408466339,-0.38968512415885925
8266,RIGHT_EYE_INNER,0.2341635674238205,0.3663880228996277,-0.39092111587524414
8266,RIGHT_EYE,0.2343652993440628,0.37749359011650085,-0.3909372091293335
8266,RIGHT_EYE_OUTER,0.2344115674495697,0.387698233127594,-0.3909502625465393
8266,LEFT_EAR,0.23760709166526794,0.3132420778274536,-0.25131508708000183
8266,RIGHT_EAR,0.23967134952545166,0.40562039613723755,-0.26055237650871277
8266,MOUTH_LEFT,0.2613808512687683,0.3426656126976013,-0.35365772247314453
8266,MOUTH_RIGHT,0.26148760318756104,0.37362268567085266,-0.35597696900367737
8266,LEFT_SHOULDER,0.32412949204444885,0.24676083028316498,-0.1352897584438324
8266,RIGHT_SHOULDER,0.316584050655365,0.4774511158466339,-0.17751021683216095
8266,LEFT_ELBOW,0.4280432164669037,0.2442941814661026,-0.04681039974093437
8266,RIGHT_ELBOW,0.4176657199859619,0.5130978226661682,-0.1305711418390274
8266,LEFT_WRIST,0.517910361289978,0.2470794916152954,-0.15985256433486938
8266,RIGHT_WRIST,0.5042948126792908,0.5245435237884521,-0.232595756649971
8266,LEFT_PINKY,0.5476736426353455,0.23668019473552704,-0.1958751380443573
8266,RIGHT_PINKY,0.5322916507720947,0.5361652374267578,-0.27179738879203796
8266,LEFT_INDEX,0.5474565029144287,0.2542889416217804,-0.243284672498703
8266,RIGHT_INDEX,0.5322567224502563,0.5158620476722717,-0.31048208475112915
8266,LEFT_THUMB,0.539391279220581,0.2625572383403778,-0.17998799681663513
8266,RIGHT_THUMB,0.5245479345321655,0.507280707359314,-0.25003036856651306
8266,LEFT_HIP,0.5163084268569946,0.32602745294570923,0.027533119544386864
8266,RIGHT_HIP,0.5120683312416077,0.45399582386016846,-0.027682995423674583
8266,LEFT_KNEE,0.6488948464393616,0.35177353024482727,0.08491434156894684
8266,RIGHT_KNEE,0.6491915583610535,0.4690092206001282,0.03349845111370087
8266,LEFT_ANKLE,0.7509949803352356,0.39190852642059326,0.3502957820892334
8266,RIGHT_ANKLE,0.7493087649345398,0.4736865162849426,0.2952800691127777
8266,LEFT_HEEL,0.7623183727264404,0.4104567766189575,0.3697517514228821
8266,RIGHT_HEEL,0.7600831985473633,0.4727989733219147,0.3135254681110382
8266,LEFT_FOOT_INDEX,0.8025791049003601,0.3434116840362549,0.2339588850736618
8266,RIGHT_FOOT_INDEX,0.802118182182312,0.4870285093784332,0.16408494114875793
8300,NOSE,0.24738159775733948,0.35158514976501465,-0.3897174000740051
8300,LEFT_EYE_INNER,0.23347298800945282,0.3375937044620514,-0.37371230125427246
8300,LEFT_EYE,0.23330454528331757,0.3291071653366089,-0.37371689081192017
8300,LEFT_EYE_OUTER,0.23307597637176514,0.3206500709056854,-0.3737199306488037
8300,RIGHT_EYE_INNER,0.23389872908592224,0.3643556833267212,-0.37559574842453003
8300,RIGHT_EYE,0.23405733704566956,0.37540385127067566,-0.37559816241264343
8300,RIGHT_EYE_OUTER,0.23411265015602112,0.38552433252334595,-0.3756079375743866
8300,LEFT_EAR,0.23759999871253967,0.31073710322380066,-0.24105918407440186
8300,RIGHT_EAR,0.23945379257202148,0.4031369090080261,-0.25328561663627625
8300,MOUTH_LEFT,0.26122668385505676,0.3402659296989441,-0.33725330233573914
8300,MOUTH_RIGHT,0.2613373398780823,0.37133699655532837,-0.34018975496292114
8300,LEFT_SHOULDER,0.3244369328022003,0.24405449628829956,-0.1350516825914383
8300,RIGHT_SHOULDER,0.31647801399230957,0.4750053882598877,-0.17180171608924866
8300,LEFT_ELBOW,0.42822760343551636,0.24156621098518372,-0.03896462544798851
8300,RIGHT_ELBOW,0.41765522956848145,0.5118783712387085,-0.1306973546743393
8300,LEFT_WRIST,0.5190566778182983,0.24471493065357208,-0.14742335677146912
8300,RIGHT_WRIST,0.504304826259613,0.5211292505264282,-0.2230110615491867
8300,LEFT_PINKY,0.5488707423210144,0.2342774122953415,-0.17682208120822906
8300,RIGHT_PINKY,0.5323113203048706,0.5324757695198059,-0.2603779137134552
8300,LEFT_INDEX,0.5481446385383606,0.252884179353714,-0.22022227942943573
8300,RIGHT_INDEX,0.5321720242500305,0.510429322719574,-0.2956245541572571
8300,LEFT_THUMB,0.5400704145431519,0.2614647448062897,-0.1653275042772293
8300,RIGHT_THUMB,0.524490237236023,0.5021626949310303,-0.2389586865901947
8300,LEFT_HIP,0.5164901614189148,0.32343024015426636,0.027622556313872337
8300,RIGHT_HIP,0.5120933055877686,0.45141831040382385,-0.027772411704063416
8300,LEFT_KNEE,0.6487293839454651,0.3501250743865967,0.08769674599170685
8300,RIGHT_KNEE,0.6489417552947998,0.46555668115615845,0.03474415838718414
8300,LEFT_ANKLE,0.7509850859642029,0.391409307718277,0.35296493768692017
8300,RIGHT_ANKLE,0.7493119835853577,0.47269684076309204,0.2956346869468689
8300,LEFT_HEEL,0.7622365355491638,0.41038382053375244,0.3718007802963257
8300,RIGHT_HEEL,0.7601819038391113,0.4727562367916107,0.31422632932662964
8300,LEFT_FOOT_INDEX,0.8025773763656616,0.343137264251709,0.23989632725715637
8300,RIGHT_FOOT_INDEX,0.8021137118339539,0.4870155453681946,0.1683143675327301
8333,NOSE,0.24668800830841064,0.34954169392585754,-0.37606820464134216
8333,LEFT_EYE_INNER,0.23281149566173553,0.33522602915763855,-0.36071979999542236
8333,LEFT_EYE,0.23269779980182648,0.3264101445674896,-0.360673189163208
8333,LEFT_EYE_OUTER,0.23256723582744598,0.3179071843624115,-0.3605908751487732
8333,RIGHT_EYE_INNER,0.23307466506958008,0.3625542223453522,-0.3609396815299988
8333,RIGHT_EYE,0.233209490776062,0.3735780119895935,-0.36094146966934204
8333,RIGHT_EYE_OUTER,0.23333266377449036,0.3837006092071533,-0.3609369695186615
8333,LEFT_EAR,0.23744845390319824,0.3081223666667938,-0.2377944439649582
8333,RIGHT_EAR,0.2387821227312088,0.4013410806655884,-0.2473088949918747
8333,MOUTH_LEFT,0.26062849164009094,0.33782944083213806,-0.3300263583660126
8333,MOUTH_RIGHT,0.2606660723686218,0.36925604939460754,-0.3308331072330475
8333,LEFT_SHOULDER,0.32463598251342773,0.2412431538105011,-0.12837041914463043
8333,RIGHT_SHOULDER,0.31642600893974304,0.4736647605895996,-0.1690492331981659
8333,LEFT_ELBOW,0.4287124276161194,0.24008511006832123,-0.03399379923939705
8333,RIGHT_ELBOW,0.41769498586654663,0.5115917921066284,-0.12922272086143494
8333,LEFT_WRIST,0.5200289487838745,0.24313968420028687,-0.11512576043605804
8333,RIGHT_WRIST,0.504510760307312,0.518157958984375,-0.2146620750427246
8333,LEFT_PINKY,0.5497367978096008,0.23298269510269165,-0.14001011848449707
8333,RIGHT_PINKY,0.5323594808578491,0.5282487273216248,-0.252773255109787
8333,LEFT_INDEX,0.5485446453094482,0.25243818759918213,-0.1799096167087555
8333,RIGHT_INDEX,0.5321835875511169,0.5061241984367371,-0.29457297921180725
8333,LEFT_THUMB,0.5404464602470398,0.2609977424144745,-0.13024160265922546
8333,RIGHT_THUMB,0.5244956612586975,0.49829214811325073,-0.23177222907543182
8333,LEFT_HIP,0.5176969766616821,0.3207041323184967,0.026515403762459755
8333,RIGHT_HIP,0.5136798024177551,0.449798583984375,-0.026677992194890976
8333,LEFT_KNEE,0.6487313508987427,0.3495224714279175,0.08868718892335892
8333,RIGHT_KNEE,0.6493171453475952,0.4655320942401886,0.04688398167490959
8333,LEFT_ANKLE,0.7513205409049988,0.39086806774139404,0.35613760352134705
8333,RIGHT_ANKLE,0.7493127584457397,0.4704962968826294,0.30735495686531067
8333,LEFT_HEEL,0.7626135349273682,0.4099193215370178,0.37573370337486267
8333,RIGHT_HEEL,0.7601784467697144,0.4710707664489746,0.32735350728034973
8333,LEFT_FOOT_INDEX,0.8026928901672363,0.3431439995765686,0.25518253445625305
8333,RIGHT_FOOT_INDEX,0.8020362854003906,0.48602965474128723,0.19620423018932343
8366,NOSE,0.2460387498140335,0.34847408533096313,-0.3080817461013794
8366,LEFT_EYE_INNER,0.23219409584999084,0.334294855594635,-0.29318293929100037
8366,LEFT_EYE,0.23209723830223083,0.32520976662635803,-0.29314500093460083
8366,LEFT_EYE_OUTER,0.23200225830078125,0.31672370433807373,-0.2930833399295807
8366,RIGHT_EYE_INNER,0.23247435688972473,0.3619583547115326,-0.2937445342540741
8366,RIGHT_EYE,0.23264333605766296,0.37289828062057495,-0.29373255372047424
8366,RIGHT_EYE_OUTER,0.23285169899463654,0.38303446769714355,-0.29372477531433105
8366,LEFT_EAR,0.2371896505355835,0.30657967925071716,-0.18249739706516266
8366,RIGHT_EAR,0.2384732961654663,0.3999407887458801,-0.18931058049201965
8366,MOUTH_LEFT,0.26004987955093384,0.33622920513153076,-0.2654356360435486
8366,MOUTH_RIGHT,0.2602000832557678,0.3680362403392792,-0.2667434811592102
8366,LEFT_SHOULDER,0.3249671757221222,0.23999379575252533,-0.10116418451070786
8366,RIGHT_SHOULDER,0.3163233697414398,0.471781462430954,-0.1441906988620758
8366,LEFT_ELBOW,0.42888307571411133,0.2395942211151123,-0.011592989787459373
8366,RIGHT_ELBOW,0.41771775484085083,0.5108720064163208,-0.12133054435253143
8366,LEFT_WRIST,0.5199908018112183,0.24266839027404785,-0.06889655441045761
8366,RIGHT_WRIST,0.5045186281204224,0.5163756608963013,-0.1918228268623352
8366,LEFT_PINKY,0.5498242974281311,0.23228958249092102,-0.09281352162361145
8366,RIGHT_PINKY,0.5322120189666748,0.5250407457351685,-0.22364869713783264
8366,LEFT_INDEX,0.548604428768158,0.2519163489341736,-0.13127920031547546
8366,RIGHT_INDEX,0.5316011905670166,0.5025368332862854,-0.25253793597221375
8366,LEFT_THUMB,0.540461540222168,0.2604970932006836,-0.08386129140853882
8366,RIGHT_THUMB,0.5240723490715027,0.495129257440567,-0.20490534603595734
8366,LEFT_HIP,0.5191206336021423,0.31985417008399963,0.025725718587636948
8366,RIGHT_HIP,0.5146173238754272,0.44846242666244507,-0.02590731903910637
8366,LEFT_KNEE,0.6492712497711182,0.34935009479522705,0.08663897216320038
8366,RIGHT_KNEE,0.6493520140647888,0.465758353471756,0.05057194083929062
8366,LEFT_ANKLE,0.7512596845626831,0.39083558320999146,0.3505996763706207
8366,RIGHT_ANKLE,0.7484400272369385,0.4716092050075531,0.3068431317806244
8366,LEFT_HEEL,0.7622259855270386,0.4099230170249939,0.3710082471370697
8366,RIGHT_HEEL,0.759140133857727,0.4716459810733795,0.32681500911712646
8366,LEFT_FOOT_INDEX,0.8026010394096375,0.34332922101020813,0.2588120996952057
8366,RIGHT_FOOT_INDEX,0.802034854888916,0.4864937961101532,0.20149648189544678
8400,NOSE,0.245396688580513,0.34661048650741577,-0.28527382016181946
8400,LEFT_EYE_INNER,0.23154743015766144,0.3323640525341034,-0.26988446712493896
8400,LEFT_EYE,0.23144571483135223,0.32316896319389343,-0.2698504328727722
8400,LEFT_EYE_OUTER,0.23137910664081573,0.314641535282135,-0.2697947323322296
8400,RIGHT_EYE_INNER,0.23188655078411102,0.36041539907455444,-0.2701946794986725
8400,RIGHT_EYE,0.2321123629808426,0.37135016918182373,-0.2701806426048279
8400,RIGHT_EYE_OUTER,0.2324049025774002,0.3815363049507141,-0.2701701521873474
8400,LEFT_EAR,0.2368515282869339,0.304187148809433,-0.1607266217470169
8400,RIGHT_EAR,0.23821398615837097,0.3980383276939392,-0.166202574968338
8400,MOUTH_LEFT,0.25939056277275085,0.3338555693626404,-0.24343235790729523
8400,MOUTH_RIGHT,0.25971806049346924,0.3659968078136444,-0.24449272453784943
8400,LEFT_SHOULDER,0.32541945576667786,0.23786106705665588,-0.08649205416440964
8400,RIGHT_SHOULDER,0.3160994350910187,0.46953171491622925,-0.128479465842247
8400,LEFT_ELBOW,0.4293643534183502,0.23858973383903503,-0.0032609887421131134
8400,RIGHT_ELBOW,0.4176696836948395,0.5093485116958618,-0.11023042351007462
8400,LEFT_WRIST,0.5203064680099487,0.2415970265865326,-0.06437881290912628
8400,RIGHT_WRIST,0.5040940046310425,0.515045702457428,-0.17980274558067322
8400,LEFT_PINKY,0.5504360795021057,0.23039422929286957,-0.08974984288215637
8400,RIGHT_PINKY,0.5317151546478271,0.5235911011695862,-0.2113415002822876
8400,LEFT_INDEX,0.5491430759429932,0.24978797137737274,-0.1285071223974228
8400,RIGHT_INDEX,0.5307326912879944,0.5008800029754639,-0.23811042308807373
8400,LEFT_THUMB,0.5407581329345703,0.25869327783584595,-0.07976806908845901
8400,RIGHT_THUMB,0.5232235193252563,0.4932921826839447,-0.1923610121011734
8400,LEFT_HIP,0.5198047757148743,0.31885555386543274,0.02517346665263176
8400,RIGHT_HIP,0.5147496461868286,0.4467132091522217,-0.02536020241677761
8400,LEFT_KNEE,0.650079607963562,0.34914329648017883,0.08598115295171738
8400,RIGHT_KNEE,0.6498725414276123,0.465925395488739,0.05001269653439522
8400,LEFT_ANKLE,0.7510631680488586,0.3908728361129761,0.34647607803344727
8400,RIGHT_ANKLE,0.7481162548065186,0.47238868474960327,0.30302661657333374
8400,LEFT_HEEL,0.761935293674469,0.40999194979667664,0.3673939108848572
8400,RIGHT_HEEL,0.7587475776672363,0.47200241684913635,0.3229157328605652
8400,LEFT_FOOT_INDEX,0.8026354908943176,0.3433675765991211,0.26112690567970276
8400,RIGHT_FOOT_INDEX,0.801977813243866,0.48653411865234375,0.20076993107795715
8433,NOSE,0.2449180781841278,0.3438347280025482,-0.2880505919456482
8433,LEFT_EYE_INNER,0.23114018142223358,0.3295596241950989,-0.2714320719242096
8433,LEFT_EYE,0.23104624450206757,0.320397287607193,-0.2714044451713562
8433,LEFT_EYE_OUTER,0.23101398348808289,0.3119299113750458,-0.27136385440826416
8433,RIGHT_EYE_INNER,0.2314912974834442,0.3576942980289459,-0.27383849024772644
8433,RIGHT_EYE,0.23175320029258728,0.36871740221977234,-0.2738257050514221
8433,RIGHT_EYE_OUTER,0.23208829760551453,0.3789779543876648,-0.273822158575058
8433,LEFT_EAR,0.23664169013500214,0.30179116129875183,-0.15483614802360535
8433,RIGHT_EAR,0.2379603087902069,0.39584749937057495,-0.16963382065296173
8433,MOUTH_LEFT,0.2588574290275574,0.33092376589775085,-0.24309320747852325
8433,MOUTH_RIGHT,0.25924426317214966,0.363153874874115,-0.2469356805086136
8433,LEFT_SHOULDER,0.32559934258461,0.23751670122146606,-0.07049357146024704
8433,RIGHT_SHOULDER,0.3159460127353668,0.46832919120788574,-0.1301935911178589
8433,LEFT_ELBOW,0.4296044409275055,0.23905408382415771,0.02078571915626526
8433,RIGHT_ELBOW,0.4176451563835144,0.5083639621734619,-0.10974248498678207
8433,LEFT_WRIST,0.52037513256073,0.2406798005104065,-0.04528981074690819
8433,RIGHT_WRIST,0.5039957761764526,0.5144694447517395,-0.18037548661231995
8433,LEFT_PINKY,0.5505551099777222,0.23004747927188873,-0.07053083926439285
8433,RIGHT_PINKY,0.5316807627677917,0.5222672820091248,-0.2131112515926361
8433,LEFT_INDEX,0.5493152141571045,0.24840500950813293,-0.11145468801259995
8433,RIGHT_INDEX,0.530543863773346,0.49972885847091675,-0.24041835963726044
8433,LEFT_THUMB,0.5408716201782227,0.2569619417190552,-0.06194379925727844
8433,RIGHT_THUMB,0.5230419635772705,0.4921988248825073,-0.1930065006017685
8433,LEFT_HIP,0.5205897092819214,0.3182603716850281,0.027165953069925308
8433,RIGHT_HIP,0.5151910185813904,0.4461365044116974,-0.027369627729058266
8433,LEFT_KNEE,0.6517835855484009,0.34812572598457336,0.08274029195308685
8433,RIGHT_KNEE,0.6510822772979736,0.46568772196769714,0.04356047511100769
8433,LEFT_ANKLE,0.750976026058197,0.3907475769519806,0.3498736321926117
8433,RIGHT_ANKLE,0.7480871677398682,0.47247934341430664,0.30051612854003906
8433,LEFT_HEEL,0.7615817785263062,0.40999099612236023,0.372406542301178
8433,RIGHT_HEEL,0.7585353851318359,0.47210514545440674,0.3212105631828308
8433,LEFT_FOOT_INDEX,0.8028665781021118,0.34324541687965393,0.26906225085258484
8433,RIGHT_FOOT_INDEX,0.8019758462905884,0.4853980541229248,0.19815483689308167
8466,NOSE,0.24472534656524658,0.3418221175670624,-0.30078428983688354
8466,LEFT_EYE_INNER,0.2309771031141281,0.32764288783073425,-0.2839314937591553
8466,LEFT_EYE,0.23088844120502472,0.3185602128505707,-0.28390973806381226
8466,LEFT_EYE_OUTER,0.2308671921491623,0.3101373314857483,-0.28387829661369324
8466,RIGHT_EYE_INNER,0.23129256069660187,0.3556481599807739,-0.2859943211078644
8466,RIGHT_EYE,0.23154929280281067,0.3666345477104187,-0.2859823703765869
8466,RIGHT_EYE_OUTER,0.23188932240009308,0.37690627574920654,-0.28597545623779297
8466,LEFT_EAR,0.23655684292316437,0.30022674798965454,-0.1635948121547699
8466,RIGHT_EAR,0.23780877888202667,0.39395594596862793,-0.17685666680335999
8466,MOUTH_LEFT,0.2586659789085388,0.3290219008922577,-0.25424307584762573
8466,MOUTH_RIGHT,0.25905436277389526,0.3611232042312622,-0.25764796137809753
8466,LEFT_SHOULDER,0.32574892044067383,0.23635397851467133,-0.07716649770736694
8466,RIGHT_SHOULDER,0.31583788990974426,0.4671901762485504,-0.1292448490858078
8466,LEFT_ELBOW,0.42960113286972046,0.23812034726142883,0.012507322244346142
8466,RIGHT_ELBOW,0.41756343841552734,0.5074669122695923,-0.1057489886879921
8466,LEFT_WRIST,0.5202280282974243,0.23901842534542084,-0.06058666855096817
8466,RIGHT_WRIST,0.5036616325378418,0.51373690366745,-0.18163108825683594
8466,LEFT_PINKY,0.5504575967788696,0.2296590805053711,-0.08716682344675064
8466,RIGHT_PINKY,0.5314070582389832,0.5214948058128357,-0.2152019739151001
8466,LEFT_INDEX,0.5491780042648315,0.24732272326946259,-0.12880957126617432
8466,RIGHT_INDEX,0.5301380753517151,0.4986836016178131,-0.24333903193473816
8466,LEFT_THUMB,0.5407257676124573,0.25541067123413086,-0.07757240533828735
8466,RIGHT_THUMB,0.5225712060928345,0.4908783435821533,-0.1945909708738327
8466,LEFT_HIP,0.5206479430198669,0.3166428804397583,0.02608906850218773
8466,RIGHT_HIP,0.5152074098587036,0.44508692622184753,-0.026289597153663635
8466,LEFT_KNEE,0.6538911461830139,0.347164124250412,0.061515308916568756
8466,RIGHT_KNEE,0.6524297595024109,0.46542948484420776,0.03934000805020332
8466,LEFT_ANKLE,0.7515534162521362,0.3906747102737427,0.35171014070510864
8466,RIGHT_ANKLE,0.7482343316078186,0.47235676646232605,0.3066920042037964
8466,LEFT_HEEL,0.76198410987854,0.40980929136276245,0.37608370184898376
8466,RIGHT_HEEL,0.7585362195968628,0.4719344675540924,0.3289642035961151
8466,LEFT_FOOT_INDEX,0.8037500381469727,0.34335288405418396,0.2676178216934204
8466,RIGHT_FOOT_INDEX,0.8020529747009277,0.48483216762542725,0.20281031727790833
